-- phpMyAdmin SQL Dump
-- version 5.2.1
-- https://www.phpmyadmin.net/
--
-- Хост: shiftcms.mysql.ukraine.com.ua:3306
-- Час створення: Трв 17 2025 р., 09:37
-- Версія сервера: 5.7.44-52-log
-- Версія PHP: 7.4.33

SET SQL_MODE = "NO_AUTO_VALUE_ON_ZERO";
START TRANSACTION;
SET time_zone = "+00:00";


/*!40101 SET @OLD_CHARACTER_SET_CLIENT=@@CHARACTER_SET_CLIENT */;
/*!40101 SET @OLD_CHARACTER_SET_RESULTS=@@CHARACTER_SET_RESULTS */;
/*!40101 SET @OLD_COLLATION_CONNECTION=@@COLLATION_CONNECTION */;
/*!40101 SET NAMES utf8mb4 */;

--
-- База даних: `shiftcms_eshop`
--

-- --------------------------------------------------------

--
-- Структура таблиці `addresses`
--

CREATE TABLE `addresses` (
  `id` int(11) NOT NULL,
  `user_id` int(11) NOT NULL,
  `name` varchar(64) COLLATE utf8mb4_unicode_ci DEFAULT NULL,
  `type` varchar(32) COLLATE utf8mb4_unicode_ci DEFAULT NULL,
  `mobile` varchar(24) COLLATE utf8mb4_unicode_ci DEFAULT NULL,
  `alternate_mobile` varchar(24) COLLATE utf8mb4_unicode_ci DEFAULT NULL,
  `address` mediumtext COLLATE utf8mb4_unicode_ci,
  `landmark` varchar(128) COLLATE utf8mb4_unicode_ci DEFAULT NULL,
  `area_id` int(11) DEFAULT NULL,
  `city_id` int(11) DEFAULT NULL,
  `city` varchar(256) COLLATE utf8mb4_unicode_ci NOT NULL DEFAULT 'NULL',
  `area` varchar(256) COLLATE utf8mb4_unicode_ci NOT NULL DEFAULT 'NULL',
  `pincode` varchar(256) COLLATE utf8mb4_unicode_ci DEFAULT NULL,
  `system_pincode` tinyint(4) NOT NULL DEFAULT '1',
  `country_code` int(11) DEFAULT NULL,
  `state` varchar(64) COLLATE utf8mb4_unicode_ci DEFAULT NULL,
  `country` varchar(64) COLLATE utf8mb4_unicode_ci DEFAULT NULL,
  `latitude` varchar(64) COLLATE utf8mb4_unicode_ci DEFAULT NULL,
  `longitude` varchar(64) COLLATE utf8mb4_unicode_ci DEFAULT NULL,
  `is_default` int(11) NOT NULL DEFAULT '0',
  `updated_at` timestamp NOT NULL DEFAULT CURRENT_TIMESTAMP,
  `created_at` timestamp NOT NULL DEFAULT CURRENT_TIMESTAMP
) ENGINE=InnoDB DEFAULT CHARSET=utf8mb4 COLLATE=utf8mb4_unicode_ci;

--
-- Дамп даних таблиці `addresses`
--

INSERT INTO `addresses` (`id`, `user_id`, `name`, `type`, `mobile`, `alternate_mobile`, `address`, `landmark`, `area_id`, `city_id`, `city`, `area`, `pincode`, `system_pincode`, `country_code`, `state`, `country`, `latitude`, `longitude`, `is_default`, `updated_at`, `created_at`) VALUES
(1, 413, 'Володимир Демчук', 'home', '0963926935', NULL, 'вул. Вернадського, 32, кв. 35', 'No landmark', NULL, 1, 'Lviv', 'NULL', '79000', 1, 380, 'Львівська область', 'Ukraine', NULL, NULL, 0, '2025-03-10 08:13:24', '2025-03-10 08:13:24'),
(2, 420, 'Natalia Demchuk', 'home', '963926935', NULL, 'Vernadsky Str., 32', 'No landmark', NULL, 1, 'Lviv', 'NULL', '79000', 1, 380, 'Lviv region', 'Ukraine', NULL, NULL, 0, '2025-03-30 17:16:17', '2025-03-30 17:16:17'),
(3, 421, 'Volodymyr Demchuk', 'home', '963237058', NULL, 'Vernadskogo str., 35', 'no', NULL, 1, 'Lviv', 'NULL', '79000', 1, 380, 'Lviv region', 'Ukraine', NULL, NULL, 0, '2025-03-31 06:17:32', '2025-03-31 06:17:32'),
(6, 435, 'Володимир Демчук', 'home', '0963926935', NULL, 'вул. Вернадського, 32, кв. 35', 'No landmark', NULL, 1, 'Lviv', 'NULL', '79049', 1, 380, 'Львівська область', 'Ukraine', NULL, NULL, 0, '2025-05-07 15:39:43', '2025-05-07 15:39:43');

-- --------------------------------------------------------

--
-- Структура таблиці `areas`
--

CREATE TABLE `areas` (
  `id` int(11) NOT NULL,
  `name` mediumtext COLLATE utf8mb4_unicode_ci NOT NULL,
  `city_id` int(11) NOT NULL,
  `zipcode_id` int(11) NOT NULL DEFAULT '0',
  `minimum_free_delivery_order_amount` double NOT NULL DEFAULT '100',
  `delivery_charges` double DEFAULT '0',
  `created_at` timestamp NOT NULL DEFAULT CURRENT_TIMESTAMP,
  `updated_at` timestamp NOT NULL DEFAULT CURRENT_TIMESTAMP ON UPDATE CURRENT_TIMESTAMP
) ENGINE=InnoDB DEFAULT CHARSET=utf8mb4 COLLATE=utf8mb4_unicode_ci;

-- --------------------------------------------------------

--
-- Структура таблиці `attributes`
--

CREATE TABLE `attributes` (
  `id` int(11) NOT NULL,
  `store_id` int(11) DEFAULT NULL,
  `category_id` int(11) DEFAULT NULL,
  `name` varchar(256) COLLATE utf8mb4_unicode_ci NOT NULL,
  `type` varchar(64) COLLATE utf8mb4_unicode_ci DEFAULT NULL,
  `created_at` timestamp NOT NULL DEFAULT CURRENT_TIMESTAMP,
  `status` tinyint(4) NOT NULL DEFAULT '0',
  `updated_at` datetime NOT NULL DEFAULT CURRENT_TIMESTAMP ON UPDATE CURRENT_TIMESTAMP
) ENGINE=InnoDB DEFAULT CHARSET=utf8mb4 COLLATE=utf8mb4_unicode_ci;

--
-- Дамп даних таблиці `attributes`
--

INSERT INTO `attributes` (`id`, `store_id`, `category_id`, `name`, `type`, `created_at`, `status`, `updated_at`) VALUES
(1, 2, 4, 'Color', NULL, '2025-03-19 05:42:21', 1, '2025-03-19 07:42:21');

-- --------------------------------------------------------

--
-- Структура таблиці `attribute_values`
--

CREATE TABLE `attribute_values` (
  `id` int(11) NOT NULL,
  `attribute_id` int(11) NOT NULL,
  `filterable` int(11) DEFAULT '0',
  `value` varchar(1024) COLLATE utf8mb4_unicode_ci NOT NULL,
  `swatche_type` int(11) DEFAULT '0',
  `swatche_value` varchar(512) COLLATE utf8mb4_unicode_ci DEFAULT NULL,
  `status` tinyint(4) NOT NULL,
  `created_at` timestamp NOT NULL DEFAULT CURRENT_TIMESTAMP,
  `updated_at` timestamp NOT NULL DEFAULT CURRENT_TIMESTAMP ON UPDATE CURRENT_TIMESTAMP
) ENGINE=InnoDB DEFAULT CHARSET=utf8mb4 COLLATE=utf8mb4_unicode_ci;

--
-- Дамп даних таблиці `attribute_values`
--

INSERT INTO `attribute_values` (`id`, `attribute_id`, `filterable`, `value`, `swatche_type`, `swatche_value`, `status`, `created_at`, `updated_at`) VALUES
(1, 1, 0, 'White', 0, '#000000', 1, '2025-03-19 07:42:21', '2025-03-19 07:42:21'),
(2, 1, 0, 'Blue', 0, '#000000', 1, '2025-03-19 07:42:21', '2025-03-19 07:42:21'),
(3, 1, 0, 'Red', 0, '#000000', 1, '2025-03-19 07:42:21', '2025-03-19 07:42:21'),
(4, 1, 0, 'Yellow', 0, '#000000', 1, '2025-03-19 07:42:21', '2025-03-19 07:42:21'),
(5, 1, 0, 'Black', 0, '#000000', 1, '2025-03-19 07:42:21', '2025-03-19 07:42:21');

-- --------------------------------------------------------

--
-- Структура таблиці `blogs`
--

CREATE TABLE `blogs` (
  `id` int(11) NOT NULL,
  `store_id` int(11) DEFAULT NULL,
  `category_id` int(11) DEFAULT NULL,
  `title` varchar(256) DEFAULT NULL,
  `description` mediumtext,
  `image` varchar(256) DEFAULT NULL,
  `slug` varchar(256) DEFAULT NULL,
  `status` tinyint(4) DEFAULT NULL,
  `created_at` timestamp NOT NULL DEFAULT CURRENT_TIMESTAMP,
  `updated_at` timestamp NOT NULL DEFAULT CURRENT_TIMESTAMP ON UPDATE CURRENT_TIMESTAMP
) ENGINE=InnoDB DEFAULT CHARSET=utf8;

--
-- Дамп даних таблиці `blogs`
--

INSERT INTO `blogs` (`id`, `store_id`, `category_id`, `title`, `description`, `image`, `slug`, `status`, `created_at`, `updated_at`) VALUES
(1, 2, 1, 'Exploring the Fascinating World of Electronics: From Theory to Application', '<p>Introduction: Welcome to the captivating realm of electronics, where electrons dance to create wonders that shape our modern world. Whether you\'re a seasoned enthusiast or a curious beginner, the journey through electronics is both exhilarating and rewarding. In this blog, we embark on an exploration of the fundamental concepts, emerging technologies, and practical applications that make electronics a cornerstone of innovation and progress.</p>\r\n<p>Understanding the Basics: At the heart of electronics lies the manipulation of electrons to perform useful functions. Key concepts such as voltage, current, resistance, and power form the foundation upon which all electronic devices and circuits are built. Understanding these basics is essential for anyone delving into the world of electronics.</p>\r\n<p>Voltage, often represented by the symbol V, is the electrical potential difference between two points in a circuit. It is analogous to the pressure in a water pipe, driving the flow of electrons. Current, denoted by the symbol I, is the flow of electric charge, measured in amperes (amps). Resistance, symbolized by the letter R, opposes the flow of current and is measured in ohms.</p>\r\n<p>Ohm\'s Law, a fundamental principle in electronics, relates voltage, current, and resistance: V = I &times; R. This simple yet powerful equation forms the basis for analyzing and designing electronic circuits.</p>', '/media/e1-image-1744091124_5638.jpg', 'exploring-the-fascinating-world-of-electronics-from-theory-to-application', 1, '2025-04-08 02:47:06', '2025-04-08 02:47:06'),
(2, 2, 1, 'The Rise of Wearable Electronics: Enhancing Lives Through Innovation', '<p>Introduction: In recent years, a quiet revolution has been taking place on our wrists, in our clothing, and even within our bodies. The rise of wearable electronics has transformed the way we interact with technology, seamlessly integrating it into our daily lives. From fitness trackers to smartwatches and beyond, these wearable devices are not just accessories but powerful tools that enhance health, productivity, and connectivity. In this blog, we delve into the world of wearable electronics, exploring their evolution, impact, and future possibilities.</p>\r\n<p>Evolution of Wearable Electronics: The concept of wearable technology is not new, with early examples dating back to wristwatches and hearing aids. However, recent advances in miniaturization, sensor technology, and wireless connectivity have propelled wearable electronics into the spotlight. Today\'s wearables are sophisticated devices capable of monitoring biometric data, tracking physical activity, and providing real-time feedback to users.</p>\r\n<p>Fitness trackers were among the first mainstream wearable devices to gain widespread adoption, empowering users to monitor their exercise routines, track sleep patterns, and set fitness goals. Smartwatches followed suit, combining fitness tracking features with smartphone connectivity, notifications, and apps for a seamless user experience.</p>', '/media/e-image-1744091280_9650.jpg', 'the-rise-of-wearable-electronics-enhancing-lives-through-innovation', 1, '2025-04-08 02:48:48', '2025-04-08 02:48:48'),
(3, 2, 1, 'Which is the Best Laptop Computer for Your Needs?', '<p>When shopping for a laptop computer or any other high-value computer device, the needs-based approach is one of the most common. Which is the best laptop computer for your needs? There are several key variables to evaluate while answering this question.</p>\r\n<p>At&nbsp;<a href=\"https://www.pclaptops.com/\">PC Laptops</a>, we\'re here to assist clients around Salt Lake City, Sandy, Murray, West Jordan and nearby areas with all their computer purchase and computer repair needs, including a wide selection of&nbsp;<a href=\"https://www.pclaptops.com/laptop.html\">laptop computers for sale</a>. Here are some of the chief areas to be looking at while determining the best laptop computer for your needs.</p>\r\n<h2>Budget Considerations</h2>\r\n<p>Naturally, like any other major purchase you\'ll be making, the first and most immediate consideration while shopping for laptop computers is your budget. Fortunately, there are a wide variety of options available to fit every price range.</p>\r\n<p>A good rule of thumb is that higher prices will generally get you more powerful processors, larger storage capacities, and better graphics capabilities. However, it\'s important to carefully consider which features are most important for your needs before making a decision solely based on budget.</p>\r\n<h2>Intended Use</h2>\r\n<p>Another key factor in determining the best laptop computer for your needs is how you plan to use it. Are you a student or professional who primarily needs word processing and internet browsing? Or do you require heavy-duty video editing or gaming capabilities? Different laptops are optimized for different tasks, so it\'s important to carefully consider your intended use and choose a laptop with the appropriate specs.</p>', '/media/image-(13)-1744091461_3937.jpg', 'which-is-the-best-laptop-computer-for-your-needs', 1, '2025-04-08 02:51:09', '2025-04-08 02:51:09');

-- --------------------------------------------------------

--
-- Структура таблиці `blog_categories`
--

CREATE TABLE `blog_categories` (
  `id` int(11) NOT NULL,
  `store_id` int(11) DEFAULT NULL,
  `name` varchar(256) DEFAULT NULL,
  `slug` varchar(256) DEFAULT NULL,
  `image` text NOT NULL,
  `banner` text,
  `status` tinyint(4) DEFAULT NULL,
  `created_at` datetime NOT NULL DEFAULT CURRENT_TIMESTAMP,
  `updated_at` datetime NOT NULL DEFAULT CURRENT_TIMESTAMP ON UPDATE CURRENT_TIMESTAMP
) ENGINE=InnoDB DEFAULT CHARSET=utf8;

--
-- Дамп даних таблиці `blog_categories`
--

INSERT INTO `blog_categories` (`id`, `store_id`, `name`, `slug`, `image`, `banner`, `status`, `created_at`, `updated_at`) VALUES
(1, 2, 'electronics', 'electronics', '/media/image-(4)-1744090985_6239.webp', NULL, 1, '2025-04-08 05:43:12', '2025-04-08 05:43:12');

-- --------------------------------------------------------

--
-- Структура таблиці `brands`
--

CREATE TABLE `brands` (
  `id` int(11) NOT NULL,
  `store_id` int(11) DEFAULT NULL,
  `name` varchar(256) DEFAULT NULL,
  `slug` varchar(256) DEFAULT NULL,
  `image` text NOT NULL,
  `status` tinyint(4) DEFAULT NULL,
  `created_at` timestamp NOT NULL DEFAULT CURRENT_TIMESTAMP,
  `updated_at` timestamp NOT NULL DEFAULT CURRENT_TIMESTAMP ON UPDATE CURRENT_TIMESTAMP
) ENGINE=InnoDB DEFAULT CHARSET=utf8;

--
-- Дамп даних таблиці `brands`
--

INSERT INTO `brands` (`id`, `store_id`, `name`, `slug`, `image`, `status`, `created_at`, `updated_at`) VALUES
(1, 2, 'LG', 'lg', '/media/image-2-1745397848_5026.png', 1, '2025-03-06 09:11:02', '2025-04-23 05:44:16'),
(2, 2, 'Bosch', 'bosch', '/media/brand-bosch-1745398246_8584.png', 1, '2025-03-06 09:11:44', '2025-04-23 05:51:12'),
(3, 2, 'Colgate', 'colgate', '/media/image-43316.64429754417-1745474122_3040.png', 1, '2025-04-08 03:02:49', '2025-04-24 02:55:33'),
(4, 2, 'Pantene', 'pantene', '/media/image-43831.56921778596-1745474122_6805.png', 1, '2025-04-08 03:03:56', '2025-04-24 02:55:48');

-- --------------------------------------------------------

--
-- Структура таблиці `cart`
--

CREATE TABLE `cart` (
  `id` int(11) NOT NULL,
  `user_id` int(11) NOT NULL,
  `store_id` int(11) DEFAULT NULL,
  `product_variant_id` int(11) NOT NULL,
  `qty` int(11) NOT NULL,
  `is_saved_for_later` int(11) NOT NULL DEFAULT '0',
  `product_type` varchar(256) COLLATE utf8mb4_unicode_ci NOT NULL,
  `created_at` timestamp NULL DEFAULT CURRENT_TIMESTAMP,
  `updated_at` timestamp NOT NULL DEFAULT CURRENT_TIMESTAMP
) ENGINE=InnoDB DEFAULT CHARSET=utf8mb4 COLLATE=utf8mb4_unicode_ci;

--
-- Дамп даних таблиці `cart`
--

INSERT INTO `cart` (`id`, `user_id`, `store_id`, `product_variant_id`, `qty`, `is_saved_for_later`, `product_type`, `created_at`, `updated_at`) VALUES
(103, 422, 2, 5, 1, 0, 'regular', '2025-05-16 07:50:13', '2025-05-16 07:50:13'),
(106, 435, 2, 9, 1, 0, 'regular', '2025-05-16 10:27:41', '2025-05-16 10:27:41'),
(107, 435, 2, 3, 1, 0, 'regular', '2025-05-17 03:15:12', '2025-05-17 03:15:12'),
(108, 435, 2, 5, 1, 0, 'regular', '2025-05-17 03:15:25', '2025-05-17 03:15:25'),
(109, 435, 2, 4, 1, 0, 'regular', '2025-05-17 03:15:29', '2025-05-17 03:15:29');

-- --------------------------------------------------------

--
-- Структура таблиці `categories`
--

CREATE TABLE `categories` (
  `id` int(11) NOT NULL,
  `store_id` int(11) DEFAULT NULL,
  `name` varchar(256) COLLATE utf8mb4_unicode_ci NOT NULL,
  `parent_id` int(11) DEFAULT NULL,
  `slug` varchar(256) COLLATE utf8mb4_unicode_ci NOT NULL,
  `image` varchar(256) COLLATE utf8mb4_unicode_ci NOT NULL,
  `banner` varchar(256) COLLATE utf8mb4_unicode_ci NOT NULL,
  `style` varchar(256) COLLATE utf8mb4_unicode_ci DEFAULT NULL,
  `row_order` int(11) DEFAULT '0',
  `status` tinyint(4) DEFAULT NULL,
  `clicks` int(11) NOT NULL DEFAULT '0',
  `created_at` datetime NOT NULL DEFAULT CURRENT_TIMESTAMP,
  `updated_at` datetime NOT NULL DEFAULT CURRENT_TIMESTAMP ON UPDATE CURRENT_TIMESTAMP
) ENGINE=InnoDB DEFAULT CHARSET=utf8mb4 COLLATE=utf8mb4_unicode_ci;

--
-- Дамп даних таблиці `categories`
--

INSERT INTO `categories` (`id`, `store_id`, `name`, `parent_id`, `slug`, `image`, `banner`, `style`, `row_order`, `status`, `clicks`, `created_at`, `updated_at`) VALUES
(1, 1, 'Pharmacy', 0, 'pharmacy', '/media/image-(2)-1740223072_6534.jpg', '/media/image-(1)-1740039826_1164.jpg', '', 0, 1, 0, '2025-02-22 11:18:00', '2025-02-22 11:18:00'),
(3, 2, 'Electronics', 0, 'electronics', '/media/group-167-1746882852_4494.jpg', '/media/e2-image-1741257993_7393.jpg', '', 7, 1, 0, '2025-03-06 10:46:50', '2025-05-15 07:45:44'),
(4, 2, 'Home', 0, 'home', '/media/group-172-1746883281_8889.jpg', '/media/e2-image-1741257993_7393.jpg', '', 4, 1, 0, '2025-03-06 10:49:13', '2025-05-15 07:45:44'),
(5, 2, 'Motherboards', 3, 'motherboards', '/media/image-(5)-1741267960_2485.jpg', '/media/image-(1)-1741267960_1021.webp', '', 0, 1, 0, '2025-03-06 13:32:54', '2025-03-06 13:32:54'),
(6, 2, 'Pharmacy', 0, 'pharmacy-1', '/media/group-173-1746883447_6588.jpg', '/media/image-(14)-1744091716_7722.jpg', '', 13, 1, 0, '2025-04-08 05:55:45', '2025-05-15 07:45:44'),
(7, 2, 'Dental Care', 6, 'dental-care', '/media/image-(2)-1744091823_8753.png', '/media/image-(2)-1744091823_8753.png', '', 0, 1, 0, '2025-04-08 05:58:04', '2025-04-08 05:58:04'),
(8, 2, 'Medicine', 6, 'medicine', '/media/image-(3)-1744091937_1901.png', '/media/image-(3)-1744091937_1901.png', '', 0, 1, 0, '2025-04-08 05:59:15', '2025-04-08 05:59:15'),
(9, 2, 'Pet Care', 6, 'pet-care', '/media/image-(4)-1744092074_6520.png', '/media/image-(4)-1744092074_6520.png', '', 0, 1, 0, '2025-04-08 06:01:27', '2025-04-08 06:01:27'),
(10, 2, 'LuxeLine', 0, 'luxeline', '/media/group-175-1746883668_5352.jpg', '/media/image-(16)-1744094847_8818.jpg', '', 14, 1, 0, '2025-04-08 06:47:42', '2025-05-15 07:45:44'),
(11, 2, 'Men', 10, 'men', '/media/image-(17)-1744094925_9680.jpg', '/media/image-(18)-1744094925_6367.jpg', '', 0, 1, 0, '2025-04-08 06:48:55', '2025-04-08 06:48:55'),
(12, 2, 'Women', 10, 'women', '/media/image-(19)-1744094998_1673.jpg', '/media/image-(20)-1744094998_9832.jpg', '', 0, 1, 0, '2025-04-08 06:50:10', '2025-04-08 06:50:10'),
(14, 2, 'For women', 0, 'for-women', '/media/group-175-1746883668_5352.jpg', '/media/e1-image-1747288306_9785.jpg', '', 0, 1, 0, '2025-05-15 05:51:52', '2025-05-15 07:45:44'),
(15, 2, 'Blouses and shirts', 14, 'blouses-and-shirts', '/media/group-175-1746883668_5352.jpg', '/media/e1-image-1747288306_9785.jpg', '', 0, 1, 0, '2025-05-15 05:53:37', '2025-05-15 05:53:37'),
(16, 2, 'Trousers', 14, 'trousers', '/media/group-175-1746883668_5352.jpg', '/media/e1-image-1747288306_9785.jpg', '', 0, 1, 0, '2025-05-15 05:54:03', '2025-05-15 05:54:03'),
(17, 2, 'Outerwear', 14, 'outerwear', '/media/group-175-1746883668_5352.jpg', '/media/e1-image-1747288306_9785.jpg', '', 0, 1, 0, '2025-05-15 05:54:25', '2025-05-15 05:54:25'),
(18, 2, 'Jumpers, turtlenecks and cardigans', 14, 'jumpers-turtlenecks-and-cardigans', '/media/group-175-1746883668_5352.jpg', '/media/e1-image-1747288306_9785.jpg', '', 0, 1, 0, '2025-05-15 05:54:52', '2025-05-15 05:54:52'),
(19, 2, 'Jeans', 14, 'jeans', '/media/group-175-1746883668_5352.jpg', '/media/e1-image-1747288306_9785.jpg', '', 0, 1, 0, '2025-05-15 05:55:22', '2025-05-15 05:55:22'),
(20, 2, 'Overalls', 14, 'overalls', '/media/group-175-1746883668_5352.jpg', '/media/e1-image-1747288306_9785.jpg', '', 0, 1, 0, '2025-05-15 05:56:10', '2025-05-15 05:56:10'),
(21, 2, 'Suits', 14, 'suits', '/media/group-175-1746883668_5352.jpg', '/media/e1-image-1747288306_9785.jpg', '', 0, 1, 0, '2025-05-15 05:56:42', '2025-05-15 05:56:42'),
(22, 2, 'Longsleeves', 14, 'longsleeves', '/media/group-175-1746883668_5352.jpg', '/media/e1-image-1747288306_9785.jpg', '', 0, 1, 0, '2025-05-15 05:57:05', '2025-05-15 05:57:05'),
(23, 2, 'Jackets, vests and jackets', 14, 'jackets-vests-and-jackets', '/media/group-175-1746883668_5352.jpg', '/media/e1-image-1747288306_9785.jpg', '', 0, 1, 0, '2025-05-15 05:57:28', '2025-05-15 05:57:28'),
(24, 2, 'Dresses and sundresses', 14, 'dresses-and-sundresses', '/media/group-175-1746883668_5352.jpg', '/media/e1-image-1747288306_9785.jpg', '', 0, 1, 0, '2025-05-15 05:57:54', '2025-05-15 05:57:54'),
(25, 2, 'Sweatshirts, sweatshirts and hoodies', 14, 'sweatshirts-sweatshirts-and-hoodies', '/media/group-175-1746883668_5352.jpg', '/media/e1-image-1747288306_9785.jpg', '', 0, 1, 0, '2025-05-15 05:58:21', '2025-05-15 05:58:21'),
(26, 2, 'Tunics', 14, 'tunics', '/media/group-175-1746883668_5352.jpg', '/media/e1-image-1747288306_9785.jpg', '', 0, 1, 0, '2025-05-15 05:58:41', '2025-05-15 05:58:41'),
(27, 2, 'T-shirts and tops', 14, 't-shirts-and-tops', '/media/group-175-1746883668_5352.jpg', '/media/e1-image-1747288306_9785.jpg', '', 0, 1, 0, '2025-05-15 05:59:06', '2025-05-15 05:59:06'),
(28, 2, 'Robes', 14, 'robes', '/media/group-175-1746883668_5352.jpg', '/media/e1-image-1747288306_9785.jpg', '', 0, 1, 0, '2025-05-15 05:59:45', '2025-05-15 05:59:45'),
(29, 2, 'Shorts', 14, 'shorts', '/media/group-175-1746883668_5352.jpg', '/media/e1-image-1747288306_9785.jpg', '', 0, 1, 0, '2025-05-15 06:00:07', '2025-05-15 06:00:07'),
(30, 2, 'Skirts', 14, 'skirts', '/media/group-175-1746883668_5352.jpg', '/media/e1-image-1747288306_9785.jpg', '', 0, 1, 0, '2025-05-15 06:00:35', '2025-05-15 06:00:35'),
(31, 2, 'Underwear', 14, 'underwear', '/media/group-175-1746883668_5352.jpg', '/media/e1-image-1747288306_9785.jpg', '', 0, 1, 0, '2025-05-15 06:00:54', '2025-05-15 06:00:54'),
(32, 2, 'Plus Sizes', 14, 'plus-sizes', '/media/group-175-1746883668_5352.jpg', '/media/e1-image-1747288306_9785.jpg', '', 0, 1, 0, '2025-05-15 06:02:08', '2025-05-15 06:02:08'),
(33, 2, 'Expectant Mothers', 14, 'expectant-mothers', '/media/group-175-1746883668_5352.jpg', '/media/e1-image-1747288306_9785.jpg', '', 0, 1, 0, '2025-05-15 06:02:35', '2025-05-15 06:02:35'),
(34, 2, 'For Tall', 14, 'for-tall', '/media/group-175-1746883668_5352.jpg', '/media/e1-image-1747288306_9785.jpg', '', 0, 1, 0, '2025-05-15 06:03:01', '2025-05-15 06:03:01'),
(35, 2, 'For Short', 14, 'for-short', '/media/group-175-1746883668_5352.jpg', '/media/e1-image-1747288306_9785.jpg', '', 0, 1, 0, '2025-05-15 06:03:24', '2025-05-15 06:03:24'),
(36, 2, 'Home Wear', 14, 'home-wear', '/media/group-175-1746883668_5352.jpg', '/media/e1-image-1747288306_9785.jpg', '', 0, 1, 0, '2025-05-15 06:03:52', '2025-05-15 06:03:52'),
(37, 2, 'Office', 14, 'office', '/media/group-175-1746883668_5352.jpg', '/media/e1-image-1747288306_9785.jpg', '', 0, 1, 0, '2025-05-15 06:04:15', '2025-05-15 06:04:15'),
(38, 2, 'Beachwear', 14, 'beachwear', '/media/group-175-1746883668_5352.jpg', '/media/e1-image-1747288306_9785.jpg', '', 0, 1, 0, '2025-05-15 06:04:36', '2025-05-15 06:04:36'),
(39, 2, 'Religious', 14, 'religious', '/media/group-175-1746883668_5352.jpg', '/media/e1-image-1747288306_9785.jpg', '', 0, 1, 0, '2025-05-15 06:04:57', '2025-05-15 06:04:57'),
(40, 2, 'Wedding', 14, 'wedding', '/media/group-175-1746883668_5352.jpg', '/media/e1-image-1747288306_9785.jpg', '', 0, 1, 0, '2025-05-15 06:05:25', '2025-05-15 06:05:25'),
(41, 2, 'Workwear and PPE', 14, 'workwear-and-ppe', '/media/group-175-1746883668_5352.jpg', '/media/e1-image-1747288306_9785.jpg', '', 0, 1, 0, '2025-05-15 06:05:56', '2025-05-15 06:05:56'),
(42, 2, 'Gifts for Women', 14, 'gifts-for-women', '/media/group-175-1746883668_5352.jpg', '/media/e1-image-1747288306_9785.jpg', '', 0, 1, 0, '2025-05-15 06:06:18', '2025-05-15 06:06:18'),
(43, 2, 'Shoes', 0, 'shoes', '/media/group-175-1746883668_5352.jpg', '/media/e1-image-1747288306_9785.jpg', '', 1, 1, 0, '2025-05-15 06:08:19', '2025-05-15 07:45:44'),
(44, 2, 'Children\'s', 43, 'childrens', '/media/group-175-1746883668_5352.jpg', '/media/e1-image-1747288306_9785.jpg', '', 0, 1, 0, '2025-05-15 06:16:35', '2025-05-15 06:16:35'),
(45, 2, 'For newborns', 43, 'for-newborns', '/media/group-175-1746883668_5352.jpg', '/media/e1-image-1747288306_9785.jpg', '', 0, 1, 0, '2025-05-15 06:16:55', '2025-05-15 06:16:55'),
(46, 2, 'Women\'s', 43, 'womens', '/media/group-175-1746883668_5352.jpg', '/media/e1-image-1747288306_9785.jpg', '', 0, 1, 0, '2025-05-15 06:17:17', '2025-05-15 06:17:17'),
(47, 2, 'Men\'s', 43, 'mens', '/media/group-175-1746883668_5352.jpg', '/media/e1-image-1747288306_9785.jpg', '', 0, 1, 0, '2025-05-15 06:17:38', '2025-05-15 06:17:38'),
(48, 2, 'Special footwear', 43, 'special-footwear', '/media/group-175-1746883668_5352.jpg', '/media/e1-image-1747288306_9785.jpg', '', 0, 1, 0, '2025-05-15 06:17:58', '2025-05-15 06:17:58'),
(49, 2, 'Shoe accessories', 43, 'shoe-accessories', '/media/group-175-1746883668_5352.jpg', '/media/e1-image-1747288306_9785.jpg', '', 0, 1, 0, '2025-05-15 06:18:21', '2025-05-15 06:18:21'),
(50, 2, 'For girls', 44, 'for-girls', '/media/group-175-1746883668_5352.jpg', '/media/e1-image-1747288306_9785.jpg', '', 0, 1, 0, '2025-05-15 06:19:13', '2025-05-15 06:19:13'),
(51, 2, 'For boys', 44, 'for-boys', '/media/group-175-1746883668_5352.jpg', '/media/e1-image-1747288306_9785.jpg', '', 0, 1, 0, '2025-05-15 06:19:31', '2025-05-15 06:19:31'),
(52, 2, 'Ballet flats and Czech shoes', 46, 'ballet-flats-and-czech-shoes', '/media/group-175-1746883668_5352.jpg', '/media/e1-image-1747288306_9785.jpg', '', 0, 1, 0, '2025-05-15 06:20:26', '2025-05-15 06:20:26'),
(53, 2, 'Sandals and sandals', 46, 'sandals-and-sandals', '/media/group-175-1746883668_5352.jpg', '/media/e1-image-1747288306_9785.jpg', '', 0, 1, 0, '2025-05-15 06:26:07', '2025-05-15 06:26:07'),
(54, 2, 'Boots and low shoes', 46, 'boots-and-low-shoes', '/media/group-175-1746883668_5352.jpg', '/media/e1-image-1747288306_9785.jpg', '', 0, 1, 0, '2025-05-15 07:02:51', '2025-05-15 07:02:51'),
(55, 2, 'Sneakers and trainers', 46, 'sneakers-and-trainers', '/media/group-175-1746883668_5352.jpg', '/media/e1-image-1747288306_9785.jpg', '', 0, 1, 0, '2025-05-15 07:03:20', '2025-05-15 07:03:20'),
(56, 2, 'Moccasins and topsiders', 46, 'moccasins-and-topsiders', '/media/group-175-1746883668_5352.jpg', '/media/e1-image-1747288306_9785.jpg', '', 0, 1, 0, '2025-05-15 07:03:37', '2025-05-15 07:03:37'),
(57, 2, 'Clogs and mules', 46, 'clogs-and-mules', '/media/group-175-1746883668_5352.jpg', '/media/e1-image-1747288306_9785.jpg', '', 0, 1, 0, '2025-05-15 07:03:54', '2025-05-15 07:03:54'),
(58, 2, 'Boots', 46, 'boots', '/media/group-175-1746883668_5352.jpg', '/media/e1-image-1747288306_9785.jpg', '', 0, 1, 0, '2025-05-15 07:04:12', '2025-05-15 07:04:12'),
(59, 2, 'Slippers', 46, 'slippers', '/media/group-175-1746883668_5352.jpg', '/media/e1-image-1747288306_9785.jpg', '', 0, 1, 0, '2025-05-15 07:04:28', '2025-05-15 07:04:28'),
(60, 2, 'Shoes and loafers', 46, 'shoes-and-loafers', '/media/group-175-1746883668_5352.jpg', '/media/e1-image-1747288306_9785.jpg', '', 0, 1, 0, '2025-05-15 07:04:44', '2025-05-15 07:04:44'),
(61, 2, 'Flip-flops and aquasocks', 46, 'flip-flops-and-aquasocks', '/media/group-175-1746883668_5352.jpg', '/media/e1-image-1747288306_9785.jpg', '', 0, 1, 0, '2025-05-15 07:05:01', '2025-05-15 07:05:01'),
(62, 2, 'Children', 0, 'children', '/media/group-175-1746883668_5352.jpg', '/media/e1-image-1747288306_9785.jpg', '', 2, 1, 0, '2025-05-15 07:10:50', '2025-05-15 07:45:44'),
(63, 2, 'Men', 0, 'men-1', '/media/group-175-1746883668_5352.jpg', '/media/e1-image-1747288306_9785.jpg', '', 3, 1, 0, '2025-05-15 07:37:30', '2025-05-15 07:45:44'),
(64, 2, 'Beauty', 0, 'beauty', '/media/group-175-1746883668_5352.jpg', '/media/e1-image-1747288306_9785.jpg', '', 5, 1, 0, '2025-05-15 07:39:55', '2025-05-15 07:45:44'),
(65, 2, 'Accessories', 0, 'accessories', '/media/group-175-1746883668_5352.jpg', '/media/e1-image-1747288306_9785.jpg', '', 6, 1, 0, '2025-05-15 07:40:23', '2025-05-15 07:45:44'),
(66, 2, 'Toys', 0, 'toys', '/media/group-175-1746883668_5352.jpg', '/media/e1-image-1747288306_9785.jpg', '', 8, 1, 0, '2025-05-15 07:41:14', '2025-05-15 07:45:44'),
(67, 2, 'Furniture', 0, 'furniture', '/media/group-175-1746883668_5352.jpg', '/media/e1-image-1747288306_9785.jpg', '', 9, 1, 0, '2025-05-15 07:43:32', '2025-05-15 07:45:44'),
(68, 2, 'Products for adults', 0, 'products-for-adults', '/media/group-175-1746883668_5352.jpg', '/media/e1-image-1747288306_9785.jpg', '', 10, 1, 0, '2025-05-15 07:43:49', '2025-05-15 07:45:44'),
(69, 2, 'Products', 0, 'products', '/media/group-175-1746883668_5352.jpg', '/media/e1-image-1747288306_9785.jpg', '', 11, 1, 0, '2025-05-15 07:44:06', '2025-05-15 07:45:44'),
(70, 2, 'Household appliances', 0, 'household-appliances', '/media/group-175-1746883668_5352.jpg', '/media/e1-image-1747288306_9785.jpg', '', 12, 1, 0, '2025-05-15 07:44:24', '2025-05-15 07:45:44'),
(71, 2, 'Boots and low shoes', 47, 'boots-and-low-shoes-1', '/media/group-175-1746883668_5352.jpg', '/media/e1-image-1747288306_9785.jpg', '', 0, 1, 0, '2025-05-15 07:47:44', '2025-05-15 07:47:44'),
(72, 2, 'Sneakers and trainers', 47, 'sneakers-and-trainers-1', '/media/group-175-1746883668_5352.jpg', '/media/e1-image-1747288306_9785.jpg', '', 0, 1, 0, '2025-05-15 07:48:04', '2025-05-15 07:48:04'),
(73, 2, 'Moccasins and topsiders', 47, 'moccasins-and-topsiders-1', '/media/group-175-1746883668_5352.jpg', '/media/e1-image-1747288306_9785.jpg', '', 0, 1, 0, '2025-05-15 07:48:22', '2025-05-15 07:48:22'),
(74, 2, 'Boots and fur boots', 47, 'mens-boots-and-fur-boots', '/media/group-175-1746883668_5352.jpg', '/media/e1-image-1747288306_9785.jpg', '', 0, 1, 0, '2025-05-15 07:48:39', '2025-05-15 07:49:48'),
(75, 2, 'Slippers', 47, 'slippers-1', '/media/group-175-1746883668_5352.jpg', '/media/e1-image-1747288306_9785.jpg', '', 0, 1, 0, '2025-05-15 07:50:18', '2025-05-15 07:50:18'),
(76, 2, 'Shoes and loafers', 47, 'shoes-and-loafers-1', '/media/group-175-1746883668_5352.jpg', '/media/e1-image-1747288306_9785.jpg', '', 0, 1, 0, '2025-05-15 07:50:38', '2025-05-15 07:50:38'),
(77, 2, 'Flip-flops and aquasocks', 47, 'flip-flops-and-aquasocks-1', '/media/group-175-1746883668_5352.jpg', '/media/e1-image-1747288306_9785.jpg', '', 0, 1, 0, '2025-05-15 07:51:10', '2025-05-15 07:51:10'),
(78, 2, 'Shoe Inserts', 49, 'shoe-inserts', '/media/group-175-1746883668_5352.jpg', '/media/e1-image-1747288306_9785.jpg', '', 0, 1, 0, '2025-05-15 07:53:03', '2025-05-15 07:53:03'),
(79, 2, 'Sponges and Brushes', 49, 'sponges-and-brushes', '/media/group-175-1746883668_5352.jpg', '/media/e1-image-1747288306_9785.jpg', '', 0, 1, 0, '2025-05-15 08:06:44', '2025-05-15 08:06:44'),
(80, 2, 'Shoe Deodorants', 49, 'shoe-deodorants', '/media/group-175-1746883668_5352.jpg', '/media/e1-image-1747288306_9785.jpg', '', 0, 1, 0, '2025-05-15 08:07:02', '2025-05-15 08:07:02'),
(81, 2, 'For Shoe Repair and Creation', 49, 'for-shoe-repair-and-creation', '/media/group-175-1746883668_5352.jpg', '/media/e1-image-1747288306_9785.jpg', '', 0, 1, 0, '2025-05-15 08:07:23', '2025-05-15 08:07:23'),
(82, 2, 'Raincoats for Shoes', 49, 'raincoats-for-shoes', '/media/group-175-1746883668_5352.jpg', '/media/e1-image-1747288306_9785.jpg', '', 0, 1, 0, '2025-05-15 08:08:52', '2025-05-15 08:08:52'),
(83, 2, 'Ice Cleats and Anti-Slip Pads', 49, 'ice-cleats-and-anti-slip-pads', '/media/group-175-1746883668_5352.jpg', '/media/e1-image-1747288306_9785.jpg', '', 0, 1, 0, '2025-05-15 08:09:11', '2025-05-15 08:09:11'),
(84, 2, 'Shoe Spoons', 49, 'shoe-spoons', '/media/group-175-1746883668_5352.jpg', '/media/e1-image-1747288306_9785.jpg', '', 0, 1, 0, '2025-05-15 08:09:29', '2025-05-15 08:09:29'),
(85, 2, 'Bags and Covers for Shoes', 49, 'bags-and-covers-for-shoes', '/media/group-175-1746883668_5352.jpg', '/media/e1-image-1747288306_9785.jpg', '', 0, 1, 0, '2025-05-15 08:09:45', '2025-05-15 08:09:45'),
(86, 2, 'Stretchers and Shoe Trees', 49, 'stretchers-and-shoe-trees', '/media/group-175-1746883668_5352.jpg', '/media/e1-image-1747288306_9785.jpg', '', 0, 1, 0, '2025-05-15 08:10:02', '2025-05-15 08:10:02'),
(87, 2, 'Shoe Care Products', 49, 'shoe-care-products', '/media/group-175-1746883668_5352.jpg', '/media/e1-image-1747288306_9785.jpg', '', 0, 1, 0, '2025-05-15 08:10:20', '2025-05-15 08:10:20'),
(88, 2, 'Insoles', 49, 'insoles', '/media/group-175-1746883668_5352.jpg', '/media/e1-image-1747288306_9785.jpg', '', 0, 1, 0, '2025-05-15 08:10:40', '2025-05-15 08:10:40'),
(89, 2, 'Shoe Dryers', 49, 'shoe-dryers', '/media/group-175-1746883668_5352.jpg', '/media/e1-image-1747288306_9785.jpg', '', 0, 1, 0, '2025-05-15 08:10:59', '2025-05-15 08:10:59'),
(90, 2, 'Shoe Decorations', 49, 'shoe-decorations', '/media/group-175-1746883668_5352.jpg', '/media/e1-image-1747288306_9785.jpg', '', 0, 1, 0, '2025-05-15 08:11:17', '2025-05-15 08:11:17'),
(91, 2, 'Laces', 49, 'laces', '/media/group-175-1746883668_5352.jpg', '/media/e1-image-1747288306_9785.jpg', '', 0, 1, 0, '2025-05-15 08:11:33', '2025-05-15 08:11:33');

-- --------------------------------------------------------

--
-- Структура таблиці `category_sliders`
--

CREATE TABLE `category_sliders` (
  `id` int(11) NOT NULL,
  `title` varchar(256) DEFAULT NULL,
  `category_ids` varchar(256) DEFAULT NULL,
  `store_id` int(11) DEFAULT NULL,
  `style` varchar(256) DEFAULT NULL,
  `status` int(11) DEFAULT NULL,
  `created_at` datetime NOT NULL DEFAULT CURRENT_TIMESTAMP,
  `updated_at` datetime NOT NULL DEFAULT CURRENT_TIMESTAMP ON UPDATE CURRENT_TIMESTAMP,
  `banner_image` varchar(256) DEFAULT NULL,
  `background_color` varchar(256) DEFAULT NULL
) ENGINE=InnoDB DEFAULT CHARSET=utf8mb4;

-- --------------------------------------------------------

--
-- Структура таблиці `ch_favorites`
--

CREATE TABLE `ch_favorites` (
  `id` char(36) COLLATE utf8mb4_unicode_ci NOT NULL,
  `user_id` bigint(20) NOT NULL,
  `favorite_id` bigint(20) NOT NULL,
  `created_at` timestamp NULL DEFAULT NULL,
  `updated_at` timestamp NULL DEFAULT NULL
) ENGINE=InnoDB DEFAULT CHARSET=utf8mb4 COLLATE=utf8mb4_unicode_ci;

-- --------------------------------------------------------

--
-- Структура таблиці `ch_messages`
--

CREATE TABLE `ch_messages` (
  `id` char(36) COLLATE utf8mb4_unicode_ci NOT NULL,
  `from_id` bigint(20) NOT NULL,
  `to_id` bigint(20) NOT NULL,
  `body` varchar(5000) COLLATE utf8mb4_unicode_ci DEFAULT NULL,
  `attachment` varchar(255) COLLATE utf8mb4_unicode_ci DEFAULT NULL,
  `seen` tinyint(1) NOT NULL DEFAULT '0',
  `created_at` timestamp NULL DEFAULT NULL,
  `updated_at` timestamp NULL DEFAULT NULL
) ENGINE=InnoDB DEFAULT CHARSET=utf8mb4 COLLATE=utf8mb4_unicode_ci;

--
-- Дамп даних таблиці `ch_messages`
--

INSERT INTO `ch_messages` (`id`, `from_id`, `to_id`, `body`, `attachment`, `seen`, `created_at`, `updated_at`) VALUES
('cfff0c8e-1e09-4521-9e7d-e8d5015afb44', 402, 435, 'Congratulations on registering on our site! If you have any questions, you can always contact our support team.', NULL, 1, '2025-05-07 12:38:42', '2025-05-07 12:38:47');

-- --------------------------------------------------------

--
-- Структура таблиці `cities`
--

CREATE TABLE `cities` (
  `id` int(11) NOT NULL,
  `name` mediumtext COLLATE utf8mb4_unicode_ci NOT NULL,
  `minimum_free_delivery_order_amount` double NOT NULL DEFAULT '0',
  `delivery_charges` double NOT NULL DEFAULT '0',
  `created_at` datetime NOT NULL DEFAULT CURRENT_TIMESTAMP,
  `updated_at` datetime NOT NULL DEFAULT CURRENT_TIMESTAMP ON UPDATE CURRENT_TIMESTAMP
) ENGINE=InnoDB DEFAULT CHARSET=utf8mb4 COLLATE=utf8mb4_unicode_ci;

--
-- Дамп даних таблиці `cities`
--

INSERT INTO `cities` (`id`, `name`, `minimum_free_delivery_order_amount`, `delivery_charges`, `created_at`, `updated_at`) VALUES
(1, 'Lviv', 1000, 0, '2025-03-10 08:12:16', '2025-03-20 15:03:28');

-- --------------------------------------------------------

--
-- Структура таблиці `client_api_keys`
--

CREATE TABLE `client_api_keys` (
  `id` int(11) NOT NULL,
  `name` mediumtext COLLATE utf8mb4_unicode_ci,
  `secret` mediumtext COLLATE utf8mb4_unicode_ci NOT NULL,
  `status` int(1) NOT NULL DEFAULT '1'
) ENGINE=InnoDB DEFAULT CHARSET=utf8mb4 COLLATE=utf8mb4_unicode_ci;

-- --------------------------------------------------------

--
-- Структура таблиці `combo_products`
--

CREATE TABLE `combo_products` (
  `id` int(11) NOT NULL,
  `store_id` int(11) DEFAULT NULL,
  `title` varchar(256) DEFAULT NULL,
  `slug` varchar(256) DEFAULT NULL,
  `short_description` varchar(526) DEFAULT NULL,
  `description` varchar(2048) DEFAULT NULL,
  `image` varchar(256) DEFAULT NULL,
  `seller_id` int(11) DEFAULT NULL,
  `product_type` varchar(256) DEFAULT NULL,
  `product_ids` varchar(256) DEFAULT NULL,
  `product_variant_ids` varchar(256) DEFAULT NULL,
  `price` double DEFAULT NULL,
  `special_price` double DEFAULT NULL,
  `attribute` varchar(256) DEFAULT NULL,
  `attribute_value_ids` varchar(256) DEFAULT NULL,
  `deliverable_type` int(11) DEFAULT NULL COMMENT ' (0:none, 1:all, 2:include, 3:exclude) ',
  `deliverable_zipcodes` varchar(256) DEFAULT NULL,
  `city_deliverable_type` int(11) NOT NULL DEFAULT '1' COMMENT ' (0:none, 1:all, 2:include, 3:exclude)',
  `deliverable_cities` varchar(256) NOT NULL,
  `deliverable_zones` varchar(256) DEFAULT NULL,
  `pickup_location` varchar(256) DEFAULT NULL,
  `other_images` varchar(526) DEFAULT NULL,
  `tax` varchar(256) DEFAULT NULL,
  `tags` varchar(256) DEFAULT NULL,
  `selected_products` int(11) DEFAULT NULL,
  `sku` varchar(256) DEFAULT NULL,
  `stock` varchar(256) DEFAULT NULL,
  `availability` int(11) DEFAULT NULL,
  `cod_allowed` int(11) DEFAULT NULL,
  `download_allowed` int(11) NOT NULL DEFAULT '0',
  `download_type` varchar(256) DEFAULT NULL,
  `download_link` varchar(256) DEFAULT NULL,
  `is_prices_inclusive_tax` int(11) DEFAULT NULL,
  `is_returnable` int(11) DEFAULT NULL,
  `is_cancelable` int(11) DEFAULT NULL,
  `cancelable_till` varchar(48) DEFAULT NULL,
  `is_attachment_required` int(11) NOT NULL DEFAULT '0',
  `weight` varchar(256) DEFAULT NULL,
  `height` varchar(256) DEFAULT NULL,
  `length` varchar(256) DEFAULT NULL,
  `breadth` varchar(256) DEFAULT NULL,
  `total_allowed_quantity` int(11) DEFAULT NULL,
  `minimum_order_quantity` int(11) DEFAULT NULL,
  `quantity_step_size` int(11) DEFAULT NULL,
  `has_similar_product` int(11) DEFAULT '0',
  `similar_product_ids` varchar(256) DEFAULT NULL,
  `status` int(11) NOT NULL DEFAULT '1',
  `minimum_free_delivery_order_qty` int(11) NOT NULL DEFAULT '0',
  `delivery_charges` varchar(256) DEFAULT NULL,
  `rating` double NOT NULL DEFAULT '0',
  `no_of_ratings` int(11) NOT NULL DEFAULT '0',
  `created_at` timestamp NOT NULL DEFAULT CURRENT_TIMESTAMP,
  `updated_at` timestamp NOT NULL DEFAULT CURRENT_TIMESTAMP ON UPDATE CURRENT_TIMESTAMP
) ENGINE=InnoDB DEFAULT CHARSET=utf8mb4;

--
-- Дамп даних таблиці `combo_products`
--

INSERT INTO `combo_products` (`id`, `store_id`, `title`, `slug`, `short_description`, `description`, `image`, `seller_id`, `product_type`, `product_ids`, `product_variant_ids`, `price`, `special_price`, `attribute`, `attribute_value_ids`, `deliverable_type`, `deliverable_zipcodes`, `city_deliverable_type`, `deliverable_cities`, `deliverable_zones`, `pickup_location`, `other_images`, `tax`, `tags`, `selected_products`, `sku`, `stock`, `availability`, `cod_allowed`, `download_allowed`, `download_type`, `download_link`, `is_prices_inclusive_tax`, `is_returnable`, `is_cancelable`, `cancelable_till`, `is_attachment_required`, `weight`, `height`, `length`, `breadth`, `total_allowed_quantity`, `minimum_order_quantity`, `quantity_step_size`, `has_similar_product`, `similar_product_ids`, `status`, `minimum_free_delivery_order_qty`, `delivery_charges`, `rating`, `no_of_ratings`, `created_at`, `updated_at`) VALUES
(1, 2, 'CoviSelf Covid 19 Rapid Antigen Self Test Kit + Dominion Care N95 Mask White', 'coviself-covid-19-rapid-antigen-self-test-kit-dominion-care-n95-mask-white', 'covid essentials', '<p>Ok</p>', '/media/image-(7)-1744092565_8039.png', 4, 'physical_product', '8,9', '4,5', 140, 120, '', '', 0, NULL, 1, '', '', '', '', '', '', 0, NULL, NULL, NULL, 0, 0, '', '', 0, 0, 1, 'received', 0, '0', '0', '0', '0', 0, 1, 1, 0, NULL, 1, 0, NULL, 0, 0, '2025-04-08 03:36:29', '2025-04-08 03:36:29');

-- --------------------------------------------------------

--
-- Структура таблиці `combo_product_attributes`
--

CREATE TABLE `combo_product_attributes` (
  `id` int(11) NOT NULL,
  `store_id` int(11) DEFAULT NULL,
  `name` varchar(256) DEFAULT NULL,
  `status` int(11) NOT NULL DEFAULT '1',
  `created_at` timestamp NOT NULL DEFAULT CURRENT_TIMESTAMP,
  `updated_at` timestamp NOT NULL DEFAULT CURRENT_TIMESTAMP ON UPDATE CURRENT_TIMESTAMP
) ENGINE=InnoDB DEFAULT CHARSET=utf8mb4;

-- --------------------------------------------------------

--
-- Структура таблиці `combo_product_attribute_values`
--

CREATE TABLE `combo_product_attribute_values` (
  `id` int(11) NOT NULL,
  `store_id` int(11) DEFAULT NULL,
  `combo_product_attribute_id` int(11) DEFAULT NULL,
  `value` varchar(256) DEFAULT NULL,
  `status` int(11) NOT NULL DEFAULT '1',
  `created_at` timestamp NOT NULL DEFAULT CURRENT_TIMESTAMP,
  `updated_at` timestamp NOT NULL DEFAULT CURRENT_TIMESTAMP ON UPDATE CURRENT_TIMESTAMP
) ENGINE=InnoDB DEFAULT CHARSET=utf8mb4;

-- --------------------------------------------------------

--
-- Структура таблиці `combo_product_faqs`
--

CREATE TABLE `combo_product_faqs` (
  `id` int(11) NOT NULL,
  `user_id` int(11) DEFAULT NULL,
  `seller_id` int(11) DEFAULT NULL,
  `product_id` int(11) DEFAULT NULL,
  `votes` int(11) NOT NULL DEFAULT '0',
  `question` varchar(256) DEFAULT NULL,
  `answer` varchar(256) DEFAULT NULL,
  `answered_by` int(11) NOT NULL DEFAULT '0',
  `created_at` timestamp NOT NULL DEFAULT CURRENT_TIMESTAMP,
  `updated_at` timestamp NOT NULL DEFAULT CURRENT_TIMESTAMP
) ENGINE=InnoDB DEFAULT CHARSET=utf8mb4;

-- --------------------------------------------------------

--
-- Структура таблиці `combo_product_ratings`
--

CREATE TABLE `combo_product_ratings` (
  `id` int(11) NOT NULL,
  `user_id` int(11) DEFAULT NULL,
  `product_id` int(11) DEFAULT NULL,
  `rating` int(11) NOT NULL DEFAULT '0',
  `images` varchar(2048) DEFAULT NULL,
  `title` varchar(256) DEFAULT NULL,
  `comment` varchar(2048) DEFAULT NULL,
  `created_at` timestamp NOT NULL DEFAULT CURRENT_TIMESTAMP,
  `updated_at` timestamp NOT NULL DEFAULT CURRENT_TIMESTAMP ON UPDATE CURRENT_TIMESTAMP
) ENGINE=InnoDB DEFAULT CHARSET=utf8mb4;

-- --------------------------------------------------------

--
-- Структура таблиці `commission_distributions`
--

CREATE TABLE `commission_distributions` (
  `id` bigint(20) UNSIGNED NOT NULL,
  `order_id` int(11) NOT NULL,
  `user_id` int(11) NOT NULL,
  `user_id_sub` enum('shareholders','company_one','company_two') COLLATE utf8mb4_unicode_ci DEFAULT NULL,
  `amount` double(15,2) NOT NULL,
  `message` text COLLATE utf8mb4_unicode_ci,
  `status` enum('pending','completed','canceled') COLLATE utf8mb4_unicode_ci NOT NULL DEFAULT 'pending',
  `created_at` timestamp NULL DEFAULT NULL,
  `updated_at` timestamp NULL DEFAULT NULL
) ENGINE=InnoDB DEFAULT CHARSET=utf8mb4 COLLATE=utf8mb4_unicode_ci;

--
-- Дамп даних таблиці `commission_distributions`
--

INSERT INTO `commission_distributions` (`id`, `order_id`, `user_id`, `user_id_sub`, `amount`, `message`, `status`, `created_at`, `updated_at`) VALUES
(461, 82, 419, NULL, 570.00, '95% from dealer_price for seller', 'pending', '2025-05-07 12:41:59', '2025-05-07 12:41:59'),
(462, 82, 413, NULL, 6.00, '1% commission from dealer_price for manager', 'pending', '2025-05-07 12:41:59', '2025-05-07 12:41:59'),
(463, 82, 1, 'shareholders', 6.00, '1% commission from dealer_price for shareholders', 'pending', '2025-05-07 12:41:59', '2025-05-07 12:41:59'),
(464, 82, 1, 'company_one', 12.00, '2% commission from dealer_price for base company account', 'pending', '2025-05-07 12:41:59', '2025-05-07 12:41:59'),
(465, 82, 1, 'company_two', 6.00, '1% commission from dealer_price for hidden company account', 'pending', '2025-05-07 12:41:59', '2025-05-07 12:41:59'),
(466, 82, 1, NULL, 20.00, '10% commission from price_difference for company', 'pending', '2025-05-07 12:41:59', '2025-05-07 12:41:59'),
(467, 82, 1, NULL, 180.00, 'User don\'t have friends_code. Referral commission for company', 'pending', '2025-05-07 12:41:59', '2025-05-07 12:41:59'),
(468, 83, 419, NULL, 570.00, '95% from dealer_price for seller', 'canceled', '2025-05-08 07:06:02', '2025-05-13 09:27:00'),
(469, 83, 413, NULL, 6.00, '1% commission from dealer_price for manager', 'canceled', '2025-05-08 07:06:02', '2025-05-13 09:27:00'),
(470, 83, 1, 'shareholders', 6.00, '1% commission from dealer_price for shareholders', 'canceled', '2025-05-08 07:06:02', '2025-05-13 09:27:00'),
(471, 83, 1, 'company_one', 12.00, '2% commission from dealer_price for base company account', 'canceled', '2025-05-08 07:06:02', '2025-05-13 09:27:00'),
(472, 83, 1, 'company_two', 6.00, '1% commission from dealer_price for hidden company account', 'canceled', '2025-05-08 07:06:02', '2025-05-13 09:27:00'),
(473, 83, 1, NULL, 20.00, '10% commission from price_difference for company', 'canceled', '2025-05-08 07:06:02', '2025-05-13 09:27:00'),
(474, 83, 435, NULL, 180.00, 'User don\'t have friends_code and is dealer. Referral commission for company', 'canceled', '2025-05-08 07:06:02', '2025-05-13 09:27:00'),
(475, 84, 419, NULL, 114.00, '95% from dealer_price for seller', 'pending', '2025-05-12 05:30:04', '2025-05-12 05:30:04'),
(476, 84, 413, NULL, 1.20, '1% commission from dealer_price for manager', 'pending', '2025-05-12 05:30:04', '2025-05-12 05:30:04'),
(477, 84, 1, 'shareholders', 1.20, '1% commission from dealer_price for shareholders', 'pending', '2025-05-12 05:30:04', '2025-05-12 05:30:04'),
(478, 84, 1, 'company_one', 2.40, '2% commission from dealer_price for base company account', 'pending', '2025-05-12 05:30:04', '2025-05-12 05:30:04'),
(479, 84, 1, 'company_two', 1.20, '1% commission from dealer_price for hidden company account', 'pending', '2025-05-12 05:30:04', '2025-05-12 05:30:04'),
(480, 84, 1, NULL, 2.00, '10% commission from price_difference for company', 'pending', '2025-05-12 05:30:04', '2025-05-12 05:30:04'),
(481, 84, 435, NULL, 18.00, 'User don\'t have friends_code and is dealer. Referral commission for company', 'pending', '2025-05-12 05:30:04', '2025-05-12 05:30:04'),
(482, 84, 419, NULL, 171.00, '95% from dealer_price for seller', 'pending', '2025-05-12 05:30:04', '2025-05-12 05:30:04'),
(483, 84, 413, NULL, 1.80, '1% commission from dealer_price for manager', 'pending', '2025-05-12 05:30:04', '2025-05-12 05:30:04'),
(484, 84, 1, 'shareholders', 1.80, '1% commission from dealer_price for shareholders', 'pending', '2025-05-12 05:30:04', '2025-05-12 05:30:04'),
(485, 84, 1, 'company_one', 3.60, '2% commission from dealer_price for base company account', 'pending', '2025-05-12 05:30:04', '2025-05-12 05:30:04'),
(486, 84, 1, 'company_two', 1.80, '1% commission from dealer_price for hidden company account', 'pending', '2025-05-12 05:30:04', '2025-05-12 05:30:04'),
(487, 84, 1, NULL, 1.00, '10% commission from price_difference for company', 'pending', '2025-05-12 05:30:04', '2025-05-12 05:30:04'),
(488, 84, 435, NULL, 9.00, 'User don\'t have friends_code and is dealer. Referral commission for company', 'pending', '2025-05-12 05:30:04', '2025-05-12 05:30:04'),
(489, 85, 419, NULL, 171.00, '95% from dealer_price for seller', 'pending', '2025-05-14 11:37:35', '2025-05-14 11:37:35'),
(490, 85, 413, NULL, 1.80, '1% commission from dealer_price for manager', 'pending', '2025-05-14 11:37:35', '2025-05-14 11:37:35'),
(491, 85, 1, 'shareholders', 1.80, '1% commission from dealer_price for shareholders', 'pending', '2025-05-14 11:37:35', '2025-05-14 11:37:35'),
(492, 85, 1, 'company_one', 3.60, '2% commission from dealer_price for base company account', 'pending', '2025-05-14 11:37:35', '2025-05-14 11:37:35'),
(493, 85, 1, 'company_two', 1.80, '1% commission from dealer_price for hidden company account', 'pending', '2025-05-14 11:37:35', '2025-05-14 11:37:35'),
(494, 85, 1, NULL, 1.00, '10% commission from price_difference for company', 'pending', '2025-05-14 11:37:35', '2025-05-14 11:37:35'),
(495, 85, 435, NULL, 9.00, 'User don\'t have friends_code and is dealer. Referral commission for company', 'pending', '2025-05-14 11:37:35', '2025-05-14 11:37:35');

-- --------------------------------------------------------

--
-- Структура таблиці `countries`
--

CREATE TABLE `countries` (
  `id` mediumint(8) UNSIGNED NOT NULL,
  `name` varchar(100) COLLATE utf8mb4_unicode_ci NOT NULL,
  `iso3` char(3) COLLATE utf8mb4_unicode_ci DEFAULT NULL,
  `numeric_code` char(3) COLLATE utf8mb4_unicode_ci DEFAULT NULL,
  `iso2` char(2) COLLATE utf8mb4_unicode_ci DEFAULT NULL,
  `phonecode` varchar(255) COLLATE utf8mb4_unicode_ci DEFAULT NULL,
  `capital` varchar(255) COLLATE utf8mb4_unicode_ci DEFAULT NULL,
  `currency` varchar(255) COLLATE utf8mb4_unicode_ci DEFAULT NULL,
  `currency_name` varchar(255) COLLATE utf8mb4_unicode_ci DEFAULT NULL,
  `currency_symbol` varchar(255) COLLATE utf8mb4_unicode_ci DEFAULT NULL,
  `tld` varchar(255) COLLATE utf8mb4_unicode_ci DEFAULT NULL,
  `native` varchar(255) COLLATE utf8mb4_unicode_ci DEFAULT NULL,
  `region` varchar(255) COLLATE utf8mb4_unicode_ci DEFAULT NULL,
  `subregion` varchar(255) COLLATE utf8mb4_unicode_ci DEFAULT NULL,
  `timezones` text COLLATE utf8mb4_unicode_ci,
  `translations` text COLLATE utf8mb4_unicode_ci,
  `latitude` decimal(10,8) DEFAULT NULL,
  `longitude` decimal(11,8) DEFAULT NULL,
  `emoji` varchar(191) COLLATE utf8mb4_unicode_ci DEFAULT NULL,
  `emojiU` varchar(191) COLLATE utf8mb4_unicode_ci DEFAULT NULL,
  `created_at` timestamp NULL DEFAULT NULL,
  `updated_at` timestamp NOT NULL DEFAULT CURRENT_TIMESTAMP ON UPDATE CURRENT_TIMESTAMP,
  `flag` tinyint(1) NOT NULL DEFAULT '1',
  `wikiDataId` varchar(255) COLLATE utf8mb4_unicode_ci DEFAULT NULL COMMENT 'Rapid API GeoDB Cities'
) ENGINE=InnoDB DEFAULT CHARSET=utf8mb4 COLLATE=utf8mb4_unicode_ci;

--
-- Дамп даних таблиці `countries`
--

INSERT INTO `countries` (`id`, `name`, `iso3`, `numeric_code`, `iso2`, `phonecode`, `capital`, `currency`, `currency_name`, `currency_symbol`, `tld`, `native`, `region`, `subregion`, `timezones`, `translations`, `latitude`, `longitude`, `emoji`, `emojiU`, `created_at`, `updated_at`, `flag`, `wikiDataId`) VALUES
(1, 'Afghanistan', 'AFG', '004', 'AF', '93', 'Kabul', 'AFN', 'Afghan afghani', '؋', '.af', 'افغانستان', 'Asia', 'Southern Asia', '[{\"zoneName\":\"Asia/Kabul\",\"gmtOffset\":16200,\"gmtOffsetName\":\"UTC+04:30\",\"abbreviation\":\"AFT\",\"tzName\":\"Afghanistan Time\"}]', '{\"kr\":\"아프가니스탄\",\"br\":\"Afeganistão\",\"pt\":\"Afeganistão\",\"nl\":\"Afghanistan\",\"hr\":\"Afganistan\",\"fa\":\"افغانستان\",\"de\":\"Afghanistan\",\"es\":\"Afganistán\",\"fr\":\"Afghanistan\",\"ja\":\"アフガニスタン\",\"it\":\"Afghanistan\",\"cn\":\"阿富汗\"}', 33.00000000, 65.00000000, '🇦🇫', 'U+1F1E6 U+1F1EB', '2018-07-21 01:41:03', '2021-12-11 18:19:42', 1, 'Q889'),
(2, 'Aland Islands', 'ALA', '248', 'AX', '+358-18', 'Mariehamn', 'EUR', 'Euro', '€', '.ax', 'Åland', 'Europe', 'Northern Europe', '[{\"zoneName\":\"Europe/Mariehamn\",\"gmtOffset\":7200,\"gmtOffsetName\":\"UTC+02:00\",\"abbreviation\":\"EET\",\"tzName\":\"Eastern European Time\"}]', '{\"kr\":\"올란드 제도\",\"br\":\"Ilhas de Aland\",\"pt\":\"Ilhas de Aland\",\"nl\":\"Ålandeilanden\",\"hr\":\"Ålandski otoci\",\"fa\":\"جزایر الند\",\"de\":\"Åland\",\"es\":\"Alandia\",\"fr\":\"Åland\",\"ja\":\"オーランド諸島\",\"it\":\"Isole Aland\",\"cn\":\"奥兰群岛\"}', 60.11666700, 19.90000000, '🇦🇽', 'U+1F1E6 U+1F1FD', '2018-07-21 01:41:03', '2021-12-11 18:26:03', 1, NULL),
(3, 'Albania', 'ALB', '008', 'AL', '355', 'Tirana', 'ALL', 'Albanian lek', 'Lek', '.al', 'Shqipëria', 'Europe', 'Southern Europe', '[{\"zoneName\":\"Europe/Tirane\",\"gmtOffset\":3600,\"gmtOffsetName\":\"UTC+01:00\",\"abbreviation\":\"CET\",\"tzName\":\"Central European Time\"}]', '{\"kr\":\"알바니아\",\"br\":\"Albânia\",\"pt\":\"Albânia\",\"nl\":\"Albanië\",\"hr\":\"Albanija\",\"fa\":\"آلبانی\",\"de\":\"Albanien\",\"es\":\"Albania\",\"fr\":\"Albanie\",\"ja\":\"アルバニア\",\"it\":\"Albania\",\"cn\":\"阿尔巴尼亚\"}', 41.00000000, 20.00000000, '🇦🇱', 'U+1F1E6 U+1F1F1', '2018-07-21 01:41:03', '2021-12-11 18:20:01', 1, 'Q222'),
(4, 'Algeria', 'DZA', '012', 'DZ', '213', 'Algiers', 'DZD', 'Algerian dinar', 'دج', '.dz', 'الجزائر', 'Africa', 'Northern Africa', '[{\"zoneName\":\"Africa/Algiers\",\"gmtOffset\":3600,\"gmtOffsetName\":\"UTC+01:00\",\"abbreviation\":\"CET\",\"tzName\":\"Central European Time\"}]', '{\"kr\":\"알제리\",\"br\":\"Argélia\",\"pt\":\"Argélia\",\"nl\":\"Algerije\",\"hr\":\"Alžir\",\"fa\":\"الجزایر\",\"de\":\"Algerien\",\"es\":\"Argelia\",\"fr\":\"Algérie\",\"ja\":\"アルジェリア\",\"it\":\"Algeria\",\"cn\":\"阿尔及利亚\"}', 28.00000000, 3.00000000, '🇩🇿', 'U+1F1E9 U+1F1FF', '2018-07-21 01:41:03', '2021-12-11 18:20:10', 1, 'Q262'),
(5, 'American Samoa', 'ASM', '016', 'AS', '+1-684', 'Pago Pago', 'USD', 'US Dollar', '$', '.as', 'American Samoa', 'Oceania', 'Polynesia', '[{\"zoneName\":\"Pacific/Pago_Pago\",\"gmtOffset\":-39600,\"gmtOffsetName\":\"UTC-11:00\",\"abbreviation\":\"SST\",\"tzName\":\"Samoa Standard Time\"}]', '{\"kr\":\"아메리칸사모아\",\"br\":\"Samoa Americana\",\"pt\":\"Samoa Americana\",\"nl\":\"Amerikaans Samoa\",\"hr\":\"Američka Samoa\",\"fa\":\"ساموآی آمریکا\",\"de\":\"Amerikanisch-Samoa\",\"es\":\"Samoa Americana\",\"fr\":\"Samoa américaines\",\"ja\":\"アメリカ領サモア\",\"it\":\"Samoa Americane\",\"cn\":\"美属萨摩亚\"}', -14.33333333, -170.00000000, '🇦🇸', 'U+1F1E6 U+1F1F8', '2018-07-21 01:41:03', '2021-12-11 18:25:50', 1, NULL),
(6, 'Andorra', 'AND', '020', 'AD', '376', 'Andorra la Vella', 'EUR', 'Euro', '€', '.ad', 'Andorra', 'Europe', 'Southern Europe', '[{\"zoneName\":\"Europe/Andorra\",\"gmtOffset\":3600,\"gmtOffsetName\":\"UTC+01:00\",\"abbreviation\":\"CET\",\"tzName\":\"Central European Time\"}]', '{\"kr\":\"안도라\",\"br\":\"Andorra\",\"pt\":\"Andorra\",\"nl\":\"Andorra\",\"hr\":\"Andora\",\"fa\":\"آندورا\",\"de\":\"Andorra\",\"es\":\"Andorra\",\"fr\":\"Andorre\",\"ja\":\"アンドラ\",\"it\":\"Andorra\",\"cn\":\"安道尔\"}', 42.50000000, 1.50000000, '🇦🇩', 'U+1F1E6 U+1F1E9', '2018-07-21 01:41:03', '2021-12-11 18:20:22', 1, 'Q228'),
(7, 'Angola', 'AGO', '024', 'AO', '244', 'Luanda', 'AOA', 'Angolan kwanza', 'Kz', '.ao', 'Angola', 'Africa', 'Middle Africa', '[{\"zoneName\":\"Africa/Luanda\",\"gmtOffset\":3600,\"gmtOffsetName\":\"UTC+01:00\",\"abbreviation\":\"WAT\",\"tzName\":\"West Africa Time\"}]', '{\"kr\":\"앙골라\",\"br\":\"Angola\",\"pt\":\"Angola\",\"nl\":\"Angola\",\"hr\":\"Angola\",\"fa\":\"آنگولا\",\"de\":\"Angola\",\"es\":\"Angola\",\"fr\":\"Angola\",\"ja\":\"アンゴラ\",\"it\":\"Angola\",\"cn\":\"安哥拉\"}', -12.50000000, 18.50000000, '🇦🇴', 'U+1F1E6 U+1F1F4', '2018-07-21 01:41:03', '2021-12-11 18:20:31', 1, 'Q916'),
(8, 'Anguilla', 'AIA', '660', 'AI', '+1-264', 'The Valley', 'XCD', 'East Caribbean dollar', '$', '.ai', 'Anguilla', 'Americas', 'Caribbean', '[{\"zoneName\":\"America/Anguilla\",\"gmtOffset\":-14400,\"gmtOffsetName\":\"UTC-04:00\",\"abbreviation\":\"AST\",\"tzName\":\"Atlantic Standard Time\"}]', '{\"kr\":\"앵귈라\",\"br\":\"Anguila\",\"pt\":\"Anguila\",\"nl\":\"Anguilla\",\"hr\":\"Angvila\",\"fa\":\"آنگویلا\",\"de\":\"Anguilla\",\"es\":\"Anguilla\",\"fr\":\"Anguilla\",\"ja\":\"アンギラ\",\"it\":\"Anguilla\",\"cn\":\"安圭拉\"}', 18.25000000, -63.16666666, '🇦🇮', 'U+1F1E6 U+1F1EE', '2018-07-21 01:41:03', '2021-12-11 18:20:46', 1, NULL),
(9, 'Antarctica', 'ATA', '010', 'AQ', '672', '', 'AAD', 'Antarctican dollar', '$', '.aq', 'Antarctica', 'Polar', '', '[{\"zoneName\":\"Antarctica/Casey\",\"gmtOffset\":39600,\"gmtOffsetName\":\"UTC+11:00\",\"abbreviation\":\"AWST\",\"tzName\":\"Australian Western Standard Time\"},{\"zoneName\":\"Antarctica/Davis\",\"gmtOffset\":25200,\"gmtOffsetName\":\"UTC+07:00\",\"abbreviation\":\"DAVT\",\"tzName\":\"Davis Time\"},{\"zoneName\":\"Antarctica/DumontDUrville\",\"gmtOffset\":36000,\"gmtOffsetName\":\"UTC+10:00\",\"abbreviation\":\"DDUT\",\"tzName\":\"Dumont d\'Urville Time\"},{\"zoneName\":\"Antarctica/Mawson\",\"gmtOffset\":18000,\"gmtOffsetName\":\"UTC+05:00\",\"abbreviation\":\"MAWT\",\"tzName\":\"Mawson Station Time\"},{\"zoneName\":\"Antarctica/McMurdo\",\"gmtOffset\":46800,\"gmtOffsetName\":\"UTC+13:00\",\"abbreviation\":\"NZDT\",\"tzName\":\"New Zealand Daylight Time\"},{\"zoneName\":\"Antarctica/Palmer\",\"gmtOffset\":-10800,\"gmtOffsetName\":\"UTC-03:00\",\"abbreviation\":\"CLST\",\"tzName\":\"Chile Summer Time\"},{\"zoneName\":\"Antarctica/Rothera\",\"gmtOffset\":-10800,\"gmtOffsetName\":\"UTC-03:00\",\"abbreviation\":\"ROTT\",\"tzName\":\"Rothera Research Station Time\"},{\"zoneName\":\"Antarctica/Syowa\",\"gmtOffset\":10800,\"gmtOffsetName\":\"UTC+03:00\",\"abbreviation\":\"SYOT\",\"tzName\":\"Showa Station Time\"},{\"zoneName\":\"Antarctica/Troll\",\"gmtOffset\":0,\"gmtOffsetName\":\"UTC±00\",\"abbreviation\":\"GMT\",\"tzName\":\"Greenwich Mean Time\"},{\"zoneName\":\"Antarctica/Vostok\",\"gmtOffset\":21600,\"gmtOffsetName\":\"UTC+06:00\",\"abbreviation\":\"VOST\",\"tzName\":\"Vostok Station Time\"}]', '{\"kr\":\"남극\",\"br\":\"Antártida\",\"pt\":\"Antárctida\",\"nl\":\"Antarctica\",\"hr\":\"Antarktika\",\"fa\":\"جنوبگان\",\"de\":\"Antarktika\",\"es\":\"Antártida\",\"fr\":\"Antarctique\",\"ja\":\"南極大陸\",\"it\":\"Antartide\",\"cn\":\"南极洲\"}', -74.65000000, 4.48000000, '🇦🇶', 'U+1F1E6 U+1F1F6', '2018-07-21 01:41:03', '2021-12-11 19:19:17', 1, NULL),
(10, 'Antigua And Barbuda', 'ATG', '028', 'AG', '+1-268', 'St. John\'s', 'XCD', 'Eastern Caribbean dollar', '$', '.ag', 'Antigua and Barbuda', 'Americas', 'Caribbean', '[{\"zoneName\":\"America/Antigua\",\"gmtOffset\":-14400,\"gmtOffsetName\":\"UTC-04:00\",\"abbreviation\":\"AST\",\"tzName\":\"Atlantic Standard Time\"}]', '{\"kr\":\"앤티가 바부다\",\"br\":\"Antígua e Barbuda\",\"pt\":\"Antígua e Barbuda\",\"nl\":\"Antigua en Barbuda\",\"hr\":\"Antigva i Barbuda\",\"fa\":\"آنتیگوا و باربودا\",\"de\":\"Antigua und Barbuda\",\"es\":\"Antigua y Barbuda\",\"fr\":\"Antigua-et-Barbuda\",\"ja\":\"アンティグア・バーブーダ\",\"it\":\"Antigua e Barbuda\",\"cn\":\"安提瓜和巴布达\"}', 17.05000000, -61.80000000, '🇦🇬', 'U+1F1E6 U+1F1EC', '2018-07-21 01:41:03', '2021-12-11 18:26:34', 1, 'Q781'),
(11, 'Argentina', 'ARG', '032', 'AR', '54', 'Buenos Aires', 'ARS', 'Argentine peso', '$', '.ar', 'Argentina', 'Americas', 'South America', '[{\"zoneName\":\"America/Argentina/Buenos_Aires\",\"gmtOffset\":-10800,\"gmtOffsetName\":\"UTC-03:00\",\"abbreviation\":\"ART\",\"tzName\":\"Argentina Time\"},{\"zoneName\":\"America/Argentina/Catamarca\",\"gmtOffset\":-10800,\"gmtOffsetName\":\"UTC-03:00\",\"abbreviation\":\"ART\",\"tzName\":\"Argentina Time\"},{\"zoneName\":\"America/Argentina/Cordoba\",\"gmtOffset\":-10800,\"gmtOffsetName\":\"UTC-03:00\",\"abbreviation\":\"ART\",\"tzName\":\"Argentina Time\"},{\"zoneName\":\"America/Argentina/Jujuy\",\"gmtOffset\":-10800,\"gmtOffsetName\":\"UTC-03:00\",\"abbreviation\":\"ART\",\"tzName\":\"Argentina Time\"},{\"zoneName\":\"America/Argentina/La_Rioja\",\"gmtOffset\":-10800,\"gmtOffsetName\":\"UTC-03:00\",\"abbreviation\":\"ART\",\"tzName\":\"Argentina Time\"},{\"zoneName\":\"America/Argentina/Mendoza\",\"gmtOffset\":-10800,\"gmtOffsetName\":\"UTC-03:00\",\"abbreviation\":\"ART\",\"tzName\":\"Argentina Time\"},{\"zoneName\":\"America/Argentina/Rio_Gallegos\",\"gmtOffset\":-10800,\"gmtOffsetName\":\"UTC-03:00\",\"abbreviation\":\"ART\",\"tzName\":\"Argentina Time\"},{\"zoneName\":\"America/Argentina/Salta\",\"gmtOffset\":-10800,\"gmtOffsetName\":\"UTC-03:00\",\"abbreviation\":\"ART\",\"tzName\":\"Argentina Time\"},{\"zoneName\":\"America/Argentina/San_Juan\",\"gmtOffset\":-10800,\"gmtOffsetName\":\"UTC-03:00\",\"abbreviation\":\"ART\",\"tzName\":\"Argentina Time\"},{\"zoneName\":\"America/Argentina/San_Luis\",\"gmtOffset\":-10800,\"gmtOffsetName\":\"UTC-03:00\",\"abbreviation\":\"ART\",\"tzName\":\"Argentina Time\"},{\"zoneName\":\"America/Argentina/Tucuman\",\"gmtOffset\":-10800,\"gmtOffsetName\":\"UTC-03:00\",\"abbreviation\":\"ART\",\"tzName\":\"Argentina Time\"},{\"zoneName\":\"America/Argentina/Ushuaia\",\"gmtOffset\":-10800,\"gmtOffsetName\":\"UTC-03:00\",\"abbreviation\":\"ART\",\"tzName\":\"Argentina Time\"}]', '{\"kr\":\"아르헨티나\",\"br\":\"Argentina\",\"pt\":\"Argentina\",\"nl\":\"Argentinië\",\"hr\":\"Argentina\",\"fa\":\"آرژانتین\",\"de\":\"Argentinien\",\"es\":\"Argentina\",\"fr\":\"Argentine\",\"ja\":\"アルゼンチン\",\"it\":\"Argentina\",\"cn\":\"阿根廷\"}', -34.00000000, -64.00000000, '🇦🇷', 'U+1F1E6 U+1F1F7', '2018-07-21 01:41:03', '2021-12-11 18:21:01', 1, 'Q414'),
(12, 'Armenia', 'ARM', '051', 'AM', '374', 'Yerevan', 'AMD', 'Armenian dram', '֏', '.am', 'Հայաստան', 'Asia', 'Western Asia', '[{\"zoneName\":\"Asia/Yerevan\",\"gmtOffset\":14400,\"gmtOffsetName\":\"UTC+04:00\",\"abbreviation\":\"AMT\",\"tzName\":\"Armenia Time\"}]', '{\"kr\":\"아르메니아\",\"br\":\"Armênia\",\"pt\":\"Arménia\",\"nl\":\"Armenië\",\"hr\":\"Armenija\",\"fa\":\"ارمنستان\",\"de\":\"Armenien\",\"es\":\"Armenia\",\"fr\":\"Arménie\",\"ja\":\"アルメニア\",\"it\":\"Armenia\",\"cn\":\"亚美尼亚\"}', 40.00000000, 45.00000000, '🇦🇲', 'U+1F1E6 U+1F1F2', '2018-07-21 01:41:03', '2021-12-11 18:21:06', 1, 'Q399'),
(13, 'Aruba', 'ABW', '533', 'AW', '297', 'Oranjestad', 'AWG', 'Aruban florin', 'ƒ', '.aw', 'Aruba', 'Americas', 'Caribbean', '[{\"zoneName\":\"America/Aruba\",\"gmtOffset\":-14400,\"gmtOffsetName\":\"UTC-04:00\",\"abbreviation\":\"AST\",\"tzName\":\"Atlantic Standard Time\"}]', '{\"kr\":\"아루바\",\"br\":\"Aruba\",\"pt\":\"Aruba\",\"nl\":\"Aruba\",\"hr\":\"Aruba\",\"fa\":\"آروبا\",\"de\":\"Aruba\",\"es\":\"Aruba\",\"fr\":\"Aruba\",\"ja\":\"アルバ\",\"it\":\"Aruba\",\"cn\":\"阿鲁巴\"}', 12.50000000, -69.96666666, '🇦🇼', 'U+1F1E6 U+1F1FC', '2018-07-21 01:41:03', '2021-12-11 18:26:47', 1, NULL),
(14, 'Australia', 'AUS', '036', 'AU', '61', 'Canberra', 'AUD', 'Australian dollar', '$', '.au', 'Australia', 'Oceania', 'Australia and New Zealand', '[{\"zoneName\":\"Antarctica/Macquarie\",\"gmtOffset\":39600,\"gmtOffsetName\":\"UTC+11:00\",\"abbreviation\":\"MIST\",\"tzName\":\"Macquarie Island Station Time\"},{\"zoneName\":\"Australia/Adelaide\",\"gmtOffset\":37800,\"gmtOffsetName\":\"UTC+10:30\",\"abbreviation\":\"ACDT\",\"tzName\":\"Australian Central Daylight Saving Time\"},{\"zoneName\":\"Australia/Brisbane\",\"gmtOffset\":36000,\"gmtOffsetName\":\"UTC+10:00\",\"abbreviation\":\"AEST\",\"tzName\":\"Australian Eastern Standard Time\"},{\"zoneName\":\"Australia/Broken_Hill\",\"gmtOffset\":37800,\"gmtOffsetName\":\"UTC+10:30\",\"abbreviation\":\"ACDT\",\"tzName\":\"Australian Central Daylight Saving Time\"},{\"zoneName\":\"Australia/Currie\",\"gmtOffset\":39600,\"gmtOffsetName\":\"UTC+11:00\",\"abbreviation\":\"AEDT\",\"tzName\":\"Australian Eastern Daylight Saving Time\"},{\"zoneName\":\"Australia/Darwin\",\"gmtOffset\":34200,\"gmtOffsetName\":\"UTC+09:30\",\"abbreviation\":\"ACST\",\"tzName\":\"Australian Central Standard Time\"},{\"zoneName\":\"Australia/Eucla\",\"gmtOffset\":31500,\"gmtOffsetName\":\"UTC+08:45\",\"abbreviation\":\"ACWST\",\"tzName\":\"Australian Central Western Standard Time (Unofficial)\"},{\"zoneName\":\"Australia/Hobart\",\"gmtOffset\":39600,\"gmtOffsetName\":\"UTC+11:00\",\"abbreviation\":\"AEDT\",\"tzName\":\"Australian Eastern Daylight Saving Time\"},{\"zoneName\":\"Australia/Lindeman\",\"gmtOffset\":36000,\"gmtOffsetName\":\"UTC+10:00\",\"abbreviation\":\"AEST\",\"tzName\":\"Australian Eastern Standard Time\"},{\"zoneName\":\"Australia/Lord_Howe\",\"gmtOffset\":39600,\"gmtOffsetName\":\"UTC+11:00\",\"abbreviation\":\"LHST\",\"tzName\":\"Lord Howe Summer Time\"},{\"zoneName\":\"Australia/Melbourne\",\"gmtOffset\":39600,\"gmtOffsetName\":\"UTC+11:00\",\"abbreviation\":\"AEDT\",\"tzName\":\"Australian Eastern Daylight Saving Time\"},{\"zoneName\":\"Australia/Perth\",\"gmtOffset\":28800,\"gmtOffsetName\":\"UTC+08:00\",\"abbreviation\":\"AWST\",\"tzName\":\"Australian Western Standard Time\"},{\"zoneName\":\"Australia/Sydney\",\"gmtOffset\":39600,\"gmtOffsetName\":\"UTC+11:00\",\"abbreviation\":\"AEDT\",\"tzName\":\"Australian Eastern Daylight Saving Time\"}]', '{\"kr\":\"호주\",\"br\":\"Austrália\",\"pt\":\"Austrália\",\"nl\":\"Australië\",\"hr\":\"Australija\",\"fa\":\"استرالیا\",\"de\":\"Australien\",\"es\":\"Australia\",\"fr\":\"Australie\",\"ja\":\"オーストラリア\",\"it\":\"Australia\",\"cn\":\"澳大利亚\"}', -27.00000000, 133.00000000, '🇦🇺', 'U+1F1E6 U+1F1FA', '2018-07-21 01:41:03', '2021-12-11 18:21:23', 1, 'Q408'),
(15, 'Austria', 'AUT', '040', 'AT', '43', 'Vienna', 'EUR', 'Euro', '€', '.at', 'Österreich', 'Europe', 'Western Europe', '[{\"zoneName\":\"Europe/Vienna\",\"gmtOffset\":3600,\"gmtOffsetName\":\"UTC+01:00\",\"abbreviation\":\"CET\",\"tzName\":\"Central European Time\"}]', '{\"kr\":\"오스트리아\",\"br\":\"áustria\",\"pt\":\"áustria\",\"nl\":\"Oostenrijk\",\"hr\":\"Austrija\",\"fa\":\"اتریش\",\"de\":\"Österreich\",\"es\":\"Austria\",\"fr\":\"Autriche\",\"ja\":\"オーストリア\",\"it\":\"Austria\",\"cn\":\"奥地利\"}', 47.33333333, 13.33333333, '🇦🇹', 'U+1F1E6 U+1F1F9', '2018-07-21 01:41:03', '2021-12-11 18:21:35', 1, 'Q40'),
(16, 'Azerbaijan', 'AZE', '031', 'AZ', '994', 'Baku', 'AZN', 'Azerbaijani manat', 'm', '.az', 'Azərbaycan', 'Asia', 'Western Asia', '[{\"zoneName\":\"Asia/Baku\",\"gmtOffset\":14400,\"gmtOffsetName\":\"UTC+04:00\",\"abbreviation\":\"AZT\",\"tzName\":\"Azerbaijan Time\"}]', '{\"kr\":\"아제르바이잔\",\"br\":\"Azerbaijão\",\"pt\":\"Azerbaijão\",\"nl\":\"Azerbeidzjan\",\"hr\":\"Azerbajdžan\",\"fa\":\"آذربایجان\",\"de\":\"Aserbaidschan\",\"es\":\"Azerbaiyán\",\"fr\":\"Azerbaïdjan\",\"ja\":\"アゼルバイジャン\",\"it\":\"Azerbaijan\",\"cn\":\"阿塞拜疆\"}', 40.50000000, 47.50000000, '🇦🇿', 'U+1F1E6 U+1F1FF', '2018-07-21 01:41:03', '2021-12-11 18:21:43', 1, 'Q227'),
(17, 'The Bahamas', 'BHS', '044', 'BS', '+1-242', 'Nassau', 'BSD', 'Bahamian dollar', 'B$', '.bs', 'Bahamas', 'Americas', 'Caribbean', '[{\"zoneName\":\"America/Nassau\",\"gmtOffset\":-18000,\"gmtOffsetName\":\"UTC-05:00\",\"abbreviation\":\"EST\",\"tzName\":\"Eastern Standard Time (North America)\"}]', '{\"kr\":\"바하마\",\"br\":\"Bahamas\",\"pt\":\"Baamas\",\"nl\":\"Bahama’s\",\"hr\":\"Bahami\",\"fa\":\"باهاما\",\"de\":\"Bahamas\",\"es\":\"Bahamas\",\"fr\":\"Bahamas\",\"ja\":\"バハマ\",\"it\":\"Bahamas\",\"cn\":\"巴哈马\"}', 24.25000000, -76.00000000, '🇧🇸', 'U+1F1E7 U+1F1F8', '2018-07-21 01:41:03', '2022-03-13 16:28:29', 1, 'Q778'),
(18, 'Bahrain', 'BHR', '048', 'BH', '973', 'Manama', 'BHD', 'Bahraini dinar', '.د.ب', '.bh', '‏البحرين', 'Asia', 'Western Asia', '[{\"zoneName\":\"Asia/Bahrain\",\"gmtOffset\":10800,\"gmtOffsetName\":\"UTC+03:00\",\"abbreviation\":\"AST\",\"tzName\":\"Arabia Standard Time\"}]', '{\"kr\":\"바레인\",\"br\":\"Bahrein\",\"pt\":\"Barém\",\"nl\":\"Bahrein\",\"hr\":\"Bahrein\",\"fa\":\"بحرین\",\"de\":\"Bahrain\",\"es\":\"Bahrein\",\"fr\":\"Bahreïn\",\"ja\":\"バーレーン\",\"it\":\"Bahrein\",\"cn\":\"巴林\"}', 26.00000000, 50.55000000, '🇧🇭', 'U+1F1E7 U+1F1ED', '2018-07-21 01:41:03', '2021-12-11 18:21:58', 1, 'Q398'),
(19, 'Bangladesh', 'BGD', '050', 'BD', '880', 'Dhaka', 'BDT', 'Bangladeshi taka', '৳', '.bd', 'Bangladesh', 'Asia', 'Southern Asia', '[{\"zoneName\":\"Asia/Dhaka\",\"gmtOffset\":21600,\"gmtOffsetName\":\"UTC+06:00\",\"abbreviation\":\"BDT\",\"tzName\":\"Bangladesh Standard Time\"}]', '{\"kr\":\"방글라데시\",\"br\":\"Bangladesh\",\"pt\":\"Bangladeche\",\"nl\":\"Bangladesh\",\"hr\":\"Bangladeš\",\"fa\":\"بنگلادش\",\"de\":\"Bangladesch\",\"es\":\"Bangladesh\",\"fr\":\"Bangladesh\",\"ja\":\"バングラデシュ\",\"it\":\"Bangladesh\",\"cn\":\"孟加拉\"}', 24.00000000, 90.00000000, '🇧🇩', 'U+1F1E7 U+1F1E9', '2018-07-21 01:41:03', '2021-12-11 18:22:04', 1, 'Q902'),
(20, 'Barbados', 'BRB', '052', 'BB', '+1-246', 'Bridgetown', 'BBD', 'Barbadian dollar', 'Bds$', '.bb', 'Barbados', 'Americas', 'Caribbean', '[{\"zoneName\":\"America/Barbados\",\"gmtOffset\":-14400,\"gmtOffsetName\":\"UTC-04:00\",\"abbreviation\":\"AST\",\"tzName\":\"Atlantic Standard Time\"}]', '{\"kr\":\"바베이도스\",\"br\":\"Barbados\",\"pt\":\"Barbados\",\"nl\":\"Barbados\",\"hr\":\"Barbados\",\"fa\":\"باربادوس\",\"de\":\"Barbados\",\"es\":\"Barbados\",\"fr\":\"Barbade\",\"ja\":\"バルバドス\",\"it\":\"Barbados\",\"cn\":\"巴巴多斯\"}', 13.16666666, -59.53333333, '🇧🇧', 'U+1F1E7 U+1F1E7', '2018-07-21 01:41:03', '2021-12-11 18:27:03', 1, 'Q244'),
(21, 'Belarus', 'BLR', '112', 'BY', '375', 'Minsk', 'BYN', 'Belarusian ruble', 'Br', '.by', 'Белару́сь', 'Europe', 'Eastern Europe', '[{\"zoneName\":\"Europe/Minsk\",\"gmtOffset\":10800,\"gmtOffsetName\":\"UTC+03:00\",\"abbreviation\":\"MSK\",\"tzName\":\"Moscow Time\"}]', '{\"kr\":\"벨라루스\",\"br\":\"Bielorrússia\",\"pt\":\"Bielorrússia\",\"nl\":\"Wit-Rusland\",\"hr\":\"Bjelorusija\",\"fa\":\"بلاروس\",\"de\":\"Weißrussland\",\"es\":\"Bielorrusia\",\"fr\":\"Biélorussie\",\"ja\":\"ベラルーシ\",\"it\":\"Bielorussia\",\"cn\":\"白俄罗斯\"}', 53.00000000, 28.00000000, '🇧🇾', 'U+1F1E7 U+1F1FE', '2018-07-21 01:41:03', '2021-12-11 18:27:09', 1, 'Q184'),
(22, 'Belgium', 'BEL', '056', 'BE', '32', 'Brussels', 'EUR', 'Euro', '€', '.be', 'België', 'Europe', 'Western Europe', '[{\"zoneName\":\"Europe/Brussels\",\"gmtOffset\":3600,\"gmtOffsetName\":\"UTC+01:00\",\"abbreviation\":\"CET\",\"tzName\":\"Central European Time\"}]', '{\"kr\":\"벨기에\",\"br\":\"Bélgica\",\"pt\":\"Bélgica\",\"nl\":\"België\",\"hr\":\"Belgija\",\"fa\":\"بلژیک\",\"de\":\"Belgien\",\"es\":\"Bélgica\",\"fr\":\"Belgique\",\"ja\":\"ベルギー\",\"it\":\"Belgio\",\"cn\":\"比利时\"}', 50.83333333, 4.00000000, '🇧🇪', 'U+1F1E7 U+1F1EA', '2018-07-21 01:41:03', '2021-12-11 18:27:15', 1, 'Q31'),
(23, 'Belize', 'BLZ', '084', 'BZ', '501', 'Belmopan', 'BZD', 'Belize dollar', '$', '.bz', 'Belize', 'Americas', 'Central America', '[{\"zoneName\":\"America/Belize\",\"gmtOffset\":-21600,\"gmtOffsetName\":\"UTC-06:00\",\"abbreviation\":\"CST\",\"tzName\":\"Central Standard Time (North America)\"}]', '{\"kr\":\"벨리즈\",\"br\":\"Belize\",\"pt\":\"Belize\",\"nl\":\"Belize\",\"hr\":\"Belize\",\"fa\":\"بلیز\",\"de\":\"Belize\",\"es\":\"Belice\",\"fr\":\"Belize\",\"ja\":\"ベリーズ\",\"it\":\"Belize\",\"cn\":\"伯利兹\"}', 17.25000000, -88.75000000, '🇧🇿', 'U+1F1E7 U+1F1FF', '2018-07-21 01:41:03', '2021-12-11 18:27:21', 1, 'Q242'),
(24, 'Benin', 'BEN', '204', 'BJ', '229', 'Porto-Novo', 'XOF', 'West African CFA franc', 'CFA', '.bj', 'Bénin', 'Africa', 'Western Africa', '[{\"zoneName\":\"Africa/Porto-Novo\",\"gmtOffset\":3600,\"gmtOffsetName\":\"UTC+01:00\",\"abbreviation\":\"WAT\",\"tzName\":\"West Africa Time\"}]', '{\"kr\":\"베냉\",\"br\":\"Benin\",\"pt\":\"Benim\",\"nl\":\"Benin\",\"hr\":\"Benin\",\"fa\":\"بنین\",\"de\":\"Benin\",\"es\":\"Benín\",\"fr\":\"Bénin\",\"ja\":\"ベナン\",\"it\":\"Benin\",\"cn\":\"贝宁\"}', 9.50000000, 2.25000000, '🇧🇯', 'U+1F1E7 U+1F1EF', '2018-07-21 01:41:03', '2021-12-11 18:27:27', 1, 'Q962'),
(25, 'Bermuda', 'BMU', '060', 'BM', '+1-441', 'Hamilton', 'BMD', 'Bermudian dollar', '$', '.bm', 'Bermuda', 'Americas', 'Northern America', '[{\"zoneName\":\"Atlantic/Bermuda\",\"gmtOffset\":-14400,\"gmtOffsetName\":\"UTC-04:00\",\"abbreviation\":\"AST\",\"tzName\":\"Atlantic Standard Time\"}]', '{\"kr\":\"버뮤다\",\"br\":\"Bermudas\",\"pt\":\"Bermudas\",\"nl\":\"Bermuda\",\"hr\":\"Bermudi\",\"fa\":\"برمودا\",\"de\":\"Bermuda\",\"es\":\"Bermudas\",\"fr\":\"Bermudes\",\"ja\":\"バミューダ\",\"it\":\"Bermuda\",\"cn\":\"百慕大\"}', 32.33333333, -64.75000000, '🇧🇲', 'U+1F1E7 U+1F1F2', '2018-07-21 01:41:03', '2021-12-11 18:27:32', 1, NULL),
(26, 'Bhutan', 'BTN', '064', 'BT', '975', 'Thimphu', 'BTN', 'Bhutanese ngultrum', 'Nu.', '.bt', 'ʼbrug-yul', 'Asia', 'Southern Asia', '[{\"zoneName\":\"Asia/Thimphu\",\"gmtOffset\":21600,\"gmtOffsetName\":\"UTC+06:00\",\"abbreviation\":\"BTT\",\"tzName\":\"Bhutan Time\"}]', '{\"kr\":\"부탄\",\"br\":\"Butão\",\"pt\":\"Butão\",\"nl\":\"Bhutan\",\"hr\":\"Butan\",\"fa\":\"بوتان\",\"de\":\"Bhutan\",\"es\":\"Bután\",\"fr\":\"Bhoutan\",\"ja\":\"ブータン\",\"it\":\"Bhutan\",\"cn\":\"不丹\"}', 27.50000000, 90.50000000, '🇧🇹', 'U+1F1E7 U+1F1F9', '2018-07-21 01:41:03', '2021-12-11 18:27:38', 1, 'Q917'),
(27, 'Bolivia', 'BOL', '068', 'BO', '591', 'Sucre', 'BOB', 'Bolivian boliviano', 'Bs.', '.bo', 'Bolivia', 'Americas', 'South America', '[{\"zoneName\":\"America/La_Paz\",\"gmtOffset\":-14400,\"gmtOffsetName\":\"UTC-04:00\",\"abbreviation\":\"BOT\",\"tzName\":\"Bolivia Time\"}]', '{\"kr\":\"볼리비아\",\"br\":\"Bolívia\",\"pt\":\"Bolívia\",\"nl\":\"Bolivia\",\"hr\":\"Bolivija\",\"fa\":\"بولیوی\",\"de\":\"Bolivien\",\"es\":\"Bolivia\",\"fr\":\"Bolivie\",\"ja\":\"ボリビア多民族国\",\"it\":\"Bolivia\",\"cn\":\"玻利维亚\"}', -17.00000000, -65.00000000, '🇧🇴', 'U+1F1E7 U+1F1F4', '2018-07-21 01:41:03', '2021-12-11 18:27:50', 1, 'Q750'),
(28, 'Bosnia and Herzegovina', 'BIH', '070', 'BA', '387', 'Sarajevo', 'BAM', 'Bosnia and Herzegovina convertible mark', 'KM', '.ba', 'Bosna i Hercegovina', 'Europe', 'Southern Europe', '[{\"zoneName\":\"Europe/Sarajevo\",\"gmtOffset\":3600,\"gmtOffsetName\":\"UTC+01:00\",\"abbreviation\":\"CET\",\"tzName\":\"Central European Time\"}]', '{\"kr\":\"보스니아 헤르체고비나\",\"br\":\"Bósnia e Herzegovina\",\"pt\":\"Bósnia e Herzegovina\",\"nl\":\"Bosnië en Herzegovina\",\"hr\":\"Bosna i Hercegovina\",\"fa\":\"بوسنی و هرزگوین\",\"de\":\"Bosnien und Herzegowina\",\"es\":\"Bosnia y Herzegovina\",\"fr\":\"Bosnie-Herzégovine\",\"ja\":\"ボスニア・ヘルツェゴビナ\",\"it\":\"Bosnia ed Erzegovina\",\"cn\":\"波斯尼亚和黑塞哥维那\"}', 44.00000000, 18.00000000, '🇧🇦', 'U+1F1E7 U+1F1E6', '2018-07-21 01:41:03', '2021-12-11 18:28:10', 1, 'Q225'),
(29, 'Botswana', 'BWA', '072', 'BW', '267', 'Gaborone', 'BWP', 'Botswana pula', 'P', '.bw', 'Botswana', 'Africa', 'Southern Africa', '[{\"zoneName\":\"Africa/Gaborone\",\"gmtOffset\":7200,\"gmtOffsetName\":\"UTC+02:00\",\"abbreviation\":\"CAT\",\"tzName\":\"Central Africa Time\"}]', '{\"kr\":\"보츠와나\",\"br\":\"Botsuana\",\"pt\":\"Botsuana\",\"nl\":\"Botswana\",\"hr\":\"Bocvana\",\"fa\":\"بوتسوانا\",\"de\":\"Botswana\",\"es\":\"Botswana\",\"fr\":\"Botswana\",\"ja\":\"ボツワナ\",\"it\":\"Botswana\",\"cn\":\"博茨瓦纳\"}', -22.00000000, 24.00000000, '🇧🇼', 'U+1F1E7 U+1F1FC', '2018-07-21 01:41:03', '2021-12-11 18:28:22', 1, 'Q963'),
(30, 'Bouvet Island', 'BVT', '074', 'BV', '0055', '', 'NOK', 'Norwegian Krone', 'kr', '.bv', 'Bouvetøya', '', '', '[{\"zoneName\":\"Europe/Oslo\",\"gmtOffset\":3600,\"gmtOffsetName\":\"UTC+01:00\",\"abbreviation\":\"CET\",\"tzName\":\"Central European Time\"}]', '{\"kr\":\"부벳 섬\",\"br\":\"Ilha Bouvet\",\"pt\":\"Ilha Bouvet\",\"nl\":\"Bouveteiland\",\"hr\":\"Otok Bouvet\",\"fa\":\"جزیره بووه\",\"de\":\"Bouvetinsel\",\"es\":\"Isla Bouvet\",\"fr\":\"Île Bouvet\",\"ja\":\"ブーベ島\",\"it\":\"Isola Bouvet\",\"cn\":\"布维岛\"}', -54.43333333, 3.40000000, '🇧🇻', 'U+1F1E7 U+1F1FB', '2018-07-21 01:41:03', '2021-12-11 19:17:50', 1, NULL),
(31, 'Brazil', 'BRA', '076', 'BR', '55', 'Brasilia', 'BRL', 'Brazilian real', 'R$', '.br', 'Brasil', 'Americas', 'South America', '[{\"zoneName\":\"America/Araguaina\",\"gmtOffset\":-10800,\"gmtOffsetName\":\"UTC-03:00\",\"abbreviation\":\"BRT\",\"tzName\":\"Brasília Time\"},{\"zoneName\":\"America/Bahia\",\"gmtOffset\":-10800,\"gmtOffsetName\":\"UTC-03:00\",\"abbreviation\":\"BRT\",\"tzName\":\"Brasília Time\"},{\"zoneName\":\"America/Belem\",\"gmtOffset\":-10800,\"gmtOffsetName\":\"UTC-03:00\",\"abbreviation\":\"BRT\",\"tzName\":\"Brasília Time\"},{\"zoneName\":\"America/Boa_Vista\",\"gmtOffset\":-14400,\"gmtOffsetName\":\"UTC-04:00\",\"abbreviation\":\"AMT\",\"tzName\":\"Amazon Time (Brazil)[3\"},{\"zoneName\":\"America/Campo_Grande\",\"gmtOffset\":-14400,\"gmtOffsetName\":\"UTC-04:00\",\"abbreviation\":\"AMT\",\"tzName\":\"Amazon Time (Brazil)[3\"},{\"zoneName\":\"America/Cuiaba\",\"gmtOffset\":-14400,\"gmtOffsetName\":\"UTC-04:00\",\"abbreviation\":\"BRT\",\"tzName\":\"Brasilia Time\"},{\"zoneName\":\"America/Eirunepe\",\"gmtOffset\":-18000,\"gmtOffsetName\":\"UTC-05:00\",\"abbreviation\":\"ACT\",\"tzName\":\"Acre Time\"},{\"zoneName\":\"America/Fortaleza\",\"gmtOffset\":-10800,\"gmtOffsetName\":\"UTC-03:00\",\"abbreviation\":\"BRT\",\"tzName\":\"Brasília Time\"},{\"zoneName\":\"America/Maceio\",\"gmtOffset\":-10800,\"gmtOffsetName\":\"UTC-03:00\",\"abbreviation\":\"BRT\",\"tzName\":\"Brasília Time\"},{\"zoneName\":\"America/Manaus\",\"gmtOffset\":-14400,\"gmtOffsetName\":\"UTC-04:00\",\"abbreviation\":\"AMT\",\"tzName\":\"Amazon Time (Brazil)\"},{\"zoneName\":\"America/Noronha\",\"gmtOffset\":-7200,\"gmtOffsetName\":\"UTC-02:00\",\"abbreviation\":\"FNT\",\"tzName\":\"Fernando de Noronha Time\"},{\"zoneName\":\"America/Porto_Velho\",\"gmtOffset\":-14400,\"gmtOffsetName\":\"UTC-04:00\",\"abbreviation\":\"AMT\",\"tzName\":\"Amazon Time (Brazil)[3\"},{\"zoneName\":\"America/Recife\",\"gmtOffset\":-10800,\"gmtOffsetName\":\"UTC-03:00\",\"abbreviation\":\"BRT\",\"tzName\":\"Brasília Time\"},{\"zoneName\":\"America/Rio_Branco\",\"gmtOffset\":-18000,\"gmtOffsetName\":\"UTC-05:00\",\"abbreviation\":\"ACT\",\"tzName\":\"Acre Time\"},{\"zoneName\":\"America/Santarem\",\"gmtOffset\":-10800,\"gmtOffsetName\":\"UTC-03:00\",\"abbreviation\":\"BRT\",\"tzName\":\"Brasília Time\"},{\"zoneName\":\"America/Sao_Paulo\",\"gmtOffset\":-10800,\"gmtOffsetName\":\"UTC-03:00\",\"abbreviation\":\"BRT\",\"tzName\":\"Brasília Time\"}]', '{\"kr\":\"브라질\",\"br\":\"Brasil\",\"pt\":\"Brasil\",\"nl\":\"Brazilië\",\"hr\":\"Brazil\",\"fa\":\"برزیل\",\"de\":\"Brasilien\",\"es\":\"Brasil\",\"fr\":\"Brésil\",\"ja\":\"ブラジル\",\"it\":\"Brasile\",\"cn\":\"巴西\"}', -10.00000000, -55.00000000, '🇧🇷', 'U+1F1E7 U+1F1F7', '2018-07-21 01:41:03', '2021-12-11 18:28:56', 1, 'Q155'),
(32, 'British Indian Ocean Territory', 'IOT', '086', 'IO', '246', 'Diego Garcia', 'USD', 'United States dollar', '$', '.io', 'British Indian Ocean Territory', 'Africa', 'Eastern Africa', '[{\"zoneName\":\"Indian/Chagos\",\"gmtOffset\":21600,\"gmtOffsetName\":\"UTC+06:00\",\"abbreviation\":\"IOT\",\"tzName\":\"Indian Ocean Time\"}]', '{\"kr\":\"영국령 인도양 지역\",\"br\":\"Território Britânico do Oceano íÍdico\",\"pt\":\"Território Britânico do Oceano Índico\",\"nl\":\"Britse Gebieden in de Indische Oceaan\",\"hr\":\"Britanski Indijskooceanski teritorij\",\"fa\":\"قلمرو بریتانیا در اقیانوس هند\",\"de\":\"Britisches Territorium im Indischen Ozean\",\"es\":\"Territorio Británico del Océano Índico\",\"fr\":\"Territoire britannique de l\'océan Indien\",\"ja\":\"イギリス領インド洋地域\",\"it\":\"Territorio britannico dell\'oceano indiano\",\"cn\":\"英属印度洋领地\"}', -6.00000000, 71.50000000, '🇮🇴', 'U+1F1EE U+1F1F4', '2018-07-21 01:41:03', '2021-12-11 18:29:10', 1, NULL),
(33, 'Brunei', 'BRN', '096', 'BN', '673', 'Bandar Seri Begawan', 'BND', 'Brunei dollar', 'B$', '.bn', 'Negara Brunei Darussalam', 'Asia', 'South-Eastern Asia', '[{\"zoneName\":\"Asia/Brunei\",\"gmtOffset\":28800,\"gmtOffsetName\":\"UTC+08:00\",\"abbreviation\":\"BNT\",\"tzName\":\"Brunei Darussalam Time\"}]', '{\"kr\":\"브루나이\",\"br\":\"Brunei\",\"pt\":\"Brunei\",\"nl\":\"Brunei\",\"hr\":\"Brunej\",\"fa\":\"برونئی\",\"de\":\"Brunei\",\"es\":\"Brunei\",\"fr\":\"Brunei\",\"ja\":\"ブルネイ・ダルサラーム\",\"it\":\"Brunei\",\"cn\":\"文莱\"}', 4.50000000, 114.66666666, '🇧🇳', 'U+1F1E7 U+1F1F3', '2018-07-21 01:41:03', '2021-12-11 18:29:19', 1, 'Q921'),
(34, 'Bulgaria', 'BGR', '100', 'BG', '359', 'Sofia', 'BGN', 'Bulgarian lev', 'Лв.', '.bg', 'България', 'Europe', 'Eastern Europe', '[{\"zoneName\":\"Europe/Sofia\",\"gmtOffset\":7200,\"gmtOffsetName\":\"UTC+02:00\",\"abbreviation\":\"EET\",\"tzName\":\"Eastern European Time\"}]', '{\"kr\":\"불가리아\",\"br\":\"Bulgária\",\"pt\":\"Bulgária\",\"nl\":\"Bulgarije\",\"hr\":\"Bugarska\",\"fa\":\"بلغارستان\",\"de\":\"Bulgarien\",\"es\":\"Bulgaria\",\"fr\":\"Bulgarie\",\"ja\":\"ブルガリア\",\"it\":\"Bulgaria\",\"cn\":\"保加利亚\"}', 43.00000000, 25.00000000, '🇧🇬', 'U+1F1E7 U+1F1EC', '2018-07-21 01:41:03', '2021-12-11 18:29:26', 1, 'Q219'),
(35, 'Burkina Faso', 'BFA', '854', 'BF', '226', 'Ouagadougou', 'XOF', 'West African CFA franc', 'CFA', '.bf', 'Burkina Faso', 'Africa', 'Western Africa', '[{\"zoneName\":\"Africa/Ouagadougou\",\"gmtOffset\":0,\"gmtOffsetName\":\"UTC±00\",\"abbreviation\":\"GMT\",\"tzName\":\"Greenwich Mean Time\"}]', '{\"kr\":\"부르키나 파소\",\"br\":\"Burkina Faso\",\"pt\":\"Burquina Faso\",\"nl\":\"Burkina Faso\",\"hr\":\"Burkina Faso\",\"fa\":\"بورکینافاسو\",\"de\":\"Burkina Faso\",\"es\":\"Burkina Faso\",\"fr\":\"Burkina Faso\",\"ja\":\"ブルキナファソ\",\"it\":\"Burkina Faso\",\"cn\":\"布基纳法索\"}', 13.00000000, -2.00000000, '🇧🇫', 'U+1F1E7 U+1F1EB', '2018-07-21 01:41:03', '2021-12-11 18:29:35', 1, 'Q965'),
(36, 'Burundi', 'BDI', '108', 'BI', '257', 'Bujumbura', 'BIF', 'Burundian franc', 'FBu', '.bi', 'Burundi', 'Africa', 'Eastern Africa', '[{\"zoneName\":\"Africa/Bujumbura\",\"gmtOffset\":7200,\"gmtOffsetName\":\"UTC+02:00\",\"abbreviation\":\"CAT\",\"tzName\":\"Central Africa Time\"}]', '{\"kr\":\"부룬디\",\"br\":\"Burundi\",\"pt\":\"Burúndi\",\"nl\":\"Burundi\",\"hr\":\"Burundi\",\"fa\":\"بوروندی\",\"de\":\"Burundi\",\"es\":\"Burundi\",\"fr\":\"Burundi\",\"ja\":\"ブルンジ\",\"it\":\"Burundi\",\"cn\":\"布隆迪\"}', -3.50000000, 30.00000000, '🇧🇮', 'U+1F1E7 U+1F1EE', '2018-07-21 01:41:03', '2021-12-11 18:29:42', 1, 'Q967'),
(37, 'Cambodia', 'KHM', '116', 'KH', '855', 'Phnom Penh', 'KHR', 'Cambodian riel', 'KHR', '.kh', 'Kâmpŭchéa', 'Asia', 'South-Eastern Asia', '[{\"zoneName\":\"Asia/Phnom_Penh\",\"gmtOffset\":25200,\"gmtOffsetName\":\"UTC+07:00\",\"abbreviation\":\"ICT\",\"tzName\":\"Indochina Time\"}]', '{\"kr\":\"캄보디아\",\"br\":\"Camboja\",\"pt\":\"Camboja\",\"nl\":\"Cambodja\",\"hr\":\"Kambodža\",\"fa\":\"کامبوج\",\"de\":\"Kambodscha\",\"es\":\"Camboya\",\"fr\":\"Cambodge\",\"ja\":\"カンボジア\",\"it\":\"Cambogia\",\"cn\":\"柬埔寨\"}', 13.00000000, 105.00000000, '🇰🇭', 'U+1F1F0 U+1F1ED', '2018-07-21 01:41:03', '2021-12-11 18:29:47', 1, 'Q424'),
(38, 'Cameroon', 'CMR', '120', 'CM', '237', 'Yaounde', 'XAF', 'Central African CFA franc', 'FCFA', '.cm', 'Cameroon', 'Africa', 'Middle Africa', '[{\"zoneName\":\"Africa/Douala\",\"gmtOffset\":3600,\"gmtOffsetName\":\"UTC+01:00\",\"abbreviation\":\"WAT\",\"tzName\":\"West Africa Time\"}]', '{\"kr\":\"카메룬\",\"br\":\"Camarões\",\"pt\":\"Camarões\",\"nl\":\"Kameroen\",\"hr\":\"Kamerun\",\"fa\":\"کامرون\",\"de\":\"Kamerun\",\"es\":\"Camerún\",\"fr\":\"Cameroun\",\"ja\":\"カメルーン\",\"it\":\"Camerun\",\"cn\":\"喀麦隆\"}', 6.00000000, 12.00000000, '🇨🇲', 'U+1F1E8 U+1F1F2', '2018-07-21 01:41:03', '2021-12-11 18:29:54', 1, 'Q1009'),
(39, 'Canada', 'CAN', '124', 'CA', '1', 'Ottawa', 'CAD', 'Canadian dollar', '$', '.ca', 'Canada', 'Americas', 'Northern America', '[{\"zoneName\":\"America/Atikokan\",\"gmtOffset\":-18000,\"gmtOffsetName\":\"UTC-05:00\",\"abbreviation\":\"EST\",\"tzName\":\"Eastern Standard Time (North America)\"},{\"zoneName\":\"America/Blanc-Sablon\",\"gmtOffset\":-14400,\"gmtOffsetName\":\"UTC-04:00\",\"abbreviation\":\"AST\",\"tzName\":\"Atlantic Standard Time\"},{\"zoneName\":\"America/Cambridge_Bay\",\"gmtOffset\":-25200,\"gmtOffsetName\":\"UTC-07:00\",\"abbreviation\":\"MST\",\"tzName\":\"Mountain Standard Time (North America)\"},{\"zoneName\":\"America/Creston\",\"gmtOffset\":-25200,\"gmtOffsetName\":\"UTC-07:00\",\"abbreviation\":\"MST\",\"tzName\":\"Mountain Standard Time (North America)\"},{\"zoneName\":\"America/Dawson\",\"gmtOffset\":-25200,\"gmtOffsetName\":\"UTC-07:00\",\"abbreviation\":\"MST\",\"tzName\":\"Mountain Standard Time (North America)\"},{\"zoneName\":\"America/Dawson_Creek\",\"gmtOffset\":-25200,\"gmtOffsetName\":\"UTC-07:00\",\"abbreviation\":\"MST\",\"tzName\":\"Mountain Standard Time (North America)\"},{\"zoneName\":\"America/Edmonton\",\"gmtOffset\":-25200,\"gmtOffsetName\":\"UTC-07:00\",\"abbreviation\":\"MST\",\"tzName\":\"Mountain Standard Time (North America)\"},{\"zoneName\":\"America/Fort_Nelson\",\"gmtOffset\":-25200,\"gmtOffsetName\":\"UTC-07:00\",\"abbreviation\":\"MST\",\"tzName\":\"Mountain Standard Time (North America)\"},{\"zoneName\":\"America/Glace_Bay\",\"gmtOffset\":-14400,\"gmtOffsetName\":\"UTC-04:00\",\"abbreviation\":\"AST\",\"tzName\":\"Atlantic Standard Time\"},{\"zoneName\":\"America/Goose_Bay\",\"gmtOffset\":-14400,\"gmtOffsetName\":\"UTC-04:00\",\"abbreviation\":\"AST\",\"tzName\":\"Atlantic Standard Time\"},{\"zoneName\":\"America/Halifax\",\"gmtOffset\":-14400,\"gmtOffsetName\":\"UTC-04:00\",\"abbreviation\":\"AST\",\"tzName\":\"Atlantic Standard Time\"},{\"zoneName\":\"America/Inuvik\",\"gmtOffset\":-25200,\"gmtOffsetName\":\"UTC-07:00\",\"abbreviation\":\"MST\",\"tzName\":\"Mountain Standard Time (North America\"},{\"zoneName\":\"America/Iqaluit\",\"gmtOffset\":-18000,\"gmtOffsetName\":\"UTC-05:00\",\"abbreviation\":\"EST\",\"tzName\":\"Eastern Standard Time (North America\"},{\"zoneName\":\"America/Moncton\",\"gmtOffset\":-14400,\"gmtOffsetName\":\"UTC-04:00\",\"abbreviation\":\"AST\",\"tzName\":\"Atlantic Standard Time\"},{\"zoneName\":\"America/Nipigon\",\"gmtOffset\":-18000,\"gmtOffsetName\":\"UTC-05:00\",\"abbreviation\":\"EST\",\"tzName\":\"Eastern Standard Time (North America\"},{\"zoneName\":\"America/Pangnirtung\",\"gmtOffset\":-18000,\"gmtOffsetName\":\"UTC-05:00\",\"abbreviation\":\"EST\",\"tzName\":\"Eastern Standard Time (North America\"},{\"zoneName\":\"America/Rainy_River\",\"gmtOffset\":-21600,\"gmtOffsetName\":\"UTC-06:00\",\"abbreviation\":\"CST\",\"tzName\":\"Central Standard Time (North America\"},{\"zoneName\":\"America/Rankin_Inlet\",\"gmtOffset\":-21600,\"gmtOffsetName\":\"UTC-06:00\",\"abbreviation\":\"CST\",\"tzName\":\"Central Standard Time (North America\"},{\"zoneName\":\"America/Regina\",\"gmtOffset\":-21600,\"gmtOffsetName\":\"UTC-06:00\",\"abbreviation\":\"CST\",\"tzName\":\"Central Standard Time (North America\"},{\"zoneName\":\"America/Resolute\",\"gmtOffset\":-21600,\"gmtOffsetName\":\"UTC-06:00\",\"abbreviation\":\"CST\",\"tzName\":\"Central Standard Time (North America\"},{\"zoneName\":\"America/St_Johns\",\"gmtOffset\":-12600,\"gmtOffsetName\":\"UTC-03:30\",\"abbreviation\":\"NST\",\"tzName\":\"Newfoundland Standard Time\"},{\"zoneName\":\"America/Swift_Current\",\"gmtOffset\":-21600,\"gmtOffsetName\":\"UTC-06:00\",\"abbreviation\":\"CST\",\"tzName\":\"Central Standard Time (North America\"},{\"zoneName\":\"America/Thunder_Bay\",\"gmtOffset\":-18000,\"gmtOffsetName\":\"UTC-05:00\",\"abbreviation\":\"EST\",\"tzName\":\"Eastern Standard Time (North America\"},{\"zoneName\":\"America/Toronto\",\"gmtOffset\":-18000,\"gmtOffsetName\":\"UTC-05:00\",\"abbreviation\":\"EST\",\"tzName\":\"Eastern Standard Time (North America\"},{\"zoneName\":\"America/Vancouver\",\"gmtOffset\":-28800,\"gmtOffsetName\":\"UTC-08:00\",\"abbreviation\":\"PST\",\"tzName\":\"Pacific Standard Time (North America\"},{\"zoneName\":\"America/Whitehorse\",\"gmtOffset\":-25200,\"gmtOffsetName\":\"UTC-07:00\",\"abbreviation\":\"MST\",\"tzName\":\"Mountain Standard Time (North America\"},{\"zoneName\":\"America/Winnipeg\",\"gmtOffset\":-21600,\"gmtOffsetName\":\"UTC-06:00\",\"abbreviation\":\"CST\",\"tzName\":\"Central Standard Time (North America\"},{\"zoneName\":\"America/Yellowknife\",\"gmtOffset\":-25200,\"gmtOffsetName\":\"UTC-07:00\",\"abbreviation\":\"MST\",\"tzName\":\"Mountain Standard Time (North America\"}]', '{\"kr\":\"캐나다\",\"br\":\"Canadá\",\"pt\":\"Canadá\",\"nl\":\"Canada\",\"hr\":\"Kanada\",\"fa\":\"کانادا\",\"de\":\"Kanada\",\"es\":\"Canadá\",\"fr\":\"Canada\",\"ja\":\"カナダ\",\"it\":\"Canada\",\"cn\":\"加拿大\"}', 60.00000000, -95.00000000, '🇨🇦', 'U+1F1E8 U+1F1E6', '2018-07-21 01:41:03', '2021-12-11 18:29:58', 1, 'Q16'),
(40, 'Cape Verde', 'CPV', '132', 'CV', '238', 'Praia', 'CVE', 'Cape Verdean escudo', '$', '.cv', 'Cabo Verde', 'Africa', 'Western Africa', '[{\"zoneName\":\"Atlantic/Cape_Verde\",\"gmtOffset\":-3600,\"gmtOffsetName\":\"UTC-01:00\",\"abbreviation\":\"CVT\",\"tzName\":\"Cape Verde Time\"}]', '{\"kr\":\"카보베르데\",\"br\":\"Cabo Verde\",\"pt\":\"Cabo Verde\",\"nl\":\"Kaapverdië\",\"hr\":\"Zelenortska Republika\",\"fa\":\"کیپ ورد\",\"de\":\"Kap Verde\",\"es\":\"Cabo Verde\",\"fr\":\"Cap Vert\",\"ja\":\"カーボベルデ\",\"it\":\"Capo Verde\",\"cn\":\"佛得角\"}', 16.00000000, -24.00000000, '🇨🇻', 'U+1F1E8 U+1F1FB', '2018-07-21 01:41:03', '2021-12-11 18:30:03', 1, 'Q1011'),
(41, 'Cayman Islands', 'CYM', '136', 'KY', '+1-345', 'George Town', 'KYD', 'Cayman Islands dollar', '$', '.ky', 'Cayman Islands', 'Americas', 'Caribbean', '[{\"zoneName\":\"America/Cayman\",\"gmtOffset\":-18000,\"gmtOffsetName\":\"UTC-05:00\",\"abbreviation\":\"EST\",\"tzName\":\"Eastern Standard Time (North America\"}]', '{\"kr\":\"케이먼 제도\",\"br\":\"Ilhas Cayman\",\"pt\":\"Ilhas Caimão\",\"nl\":\"Caymaneilanden\",\"hr\":\"Kajmanski otoci\",\"fa\":\"جزایر کیمن\",\"de\":\"Kaimaninseln\",\"es\":\"Islas Caimán\",\"fr\":\"Îles Caïmans\",\"ja\":\"ケイマン諸島\",\"it\":\"Isole Cayman\",\"cn\":\"开曼群岛\"}', 19.50000000, -80.50000000, '🇰🇾', 'U+1F1F0 U+1F1FE', '2018-07-21 01:41:03', '2021-12-11 18:30:09', 1, NULL),
(42, 'Central African Republic', 'CAF', '140', 'CF', '236', 'Bangui', 'XAF', 'Central African CFA franc', 'FCFA', '.cf', 'Ködörösêse tî Bêafrîka', 'Africa', 'Middle Africa', '[{\"zoneName\":\"Africa/Bangui\",\"gmtOffset\":3600,\"gmtOffsetName\":\"UTC+01:00\",\"abbreviation\":\"WAT\",\"tzName\":\"West Africa Time\"}]', '{\"kr\":\"중앙아프리카 공화국\",\"br\":\"República Centro-Africana\",\"pt\":\"República Centro-Africana\",\"nl\":\"Centraal-Afrikaanse Republiek\",\"hr\":\"Srednjoafrička Republika\",\"fa\":\"جمهوری آفریقای مرکزی\",\"de\":\"Zentralafrikanische Republik\",\"es\":\"República Centroafricana\",\"fr\":\"République centrafricaine\",\"ja\":\"中央アフリカ共和国\",\"it\":\"Repubblica Centrafricana\",\"cn\":\"中非\"}', 7.00000000, 21.00000000, '🇨🇫', 'U+1F1E8 U+1F1EB', '2018-07-21 01:41:03', '2021-12-11 18:30:14', 1, 'Q929'),
(43, 'Chad', 'TCD', '148', 'TD', '235', 'N\'Djamena', 'XAF', 'Central African CFA franc', 'FCFA', '.td', 'Tchad', 'Africa', 'Middle Africa', '[{\"zoneName\":\"Africa/Ndjamena\",\"gmtOffset\":3600,\"gmtOffsetName\":\"UTC+01:00\",\"abbreviation\":\"WAT\",\"tzName\":\"West Africa Time\"}]', '{\"kr\":\"차드\",\"br\":\"Chade\",\"pt\":\"Chade\",\"nl\":\"Tsjaad\",\"hr\":\"Čad\",\"fa\":\"چاد\",\"de\":\"Tschad\",\"es\":\"Chad\",\"fr\":\"Tchad\",\"ja\":\"チャド\",\"it\":\"Ciad\",\"cn\":\"乍得\"}', 15.00000000, 19.00000000, '🇹🇩', 'U+1F1F9 U+1F1E9', '2018-07-21 01:41:03', '2021-12-11 18:30:21', 1, 'Q657'),
(44, 'Chile', 'CHL', '152', 'CL', '56', 'Santiago', 'CLP', 'Chilean peso', '$', '.cl', 'Chile', 'Americas', 'South America', '[{\"zoneName\":\"America/Punta_Arenas\",\"gmtOffset\":-10800,\"gmtOffsetName\":\"UTC-03:00\",\"abbreviation\":\"CLST\",\"tzName\":\"Chile Summer Time\"},{\"zoneName\":\"America/Santiago\",\"gmtOffset\":-10800,\"gmtOffsetName\":\"UTC-03:00\",\"abbreviation\":\"CLST\",\"tzName\":\"Chile Summer Time\"},{\"zoneName\":\"Pacific/Easter\",\"gmtOffset\":-18000,\"gmtOffsetName\":\"UTC-05:00\",\"abbreviation\":\"EASST\",\"tzName\":\"Easter Island Summer Time\"}]', '{\"kr\":\"칠리\",\"br\":\"Chile\",\"pt\":\"Chile\",\"nl\":\"Chili\",\"hr\":\"Čile\",\"fa\":\"شیلی\",\"de\":\"Chile\",\"es\":\"Chile\",\"fr\":\"Chili\",\"ja\":\"チリ\",\"it\":\"Cile\",\"cn\":\"智利\"}', -30.00000000, -71.00000000, '🇨🇱', 'U+1F1E8 U+1F1F1', '2018-07-21 01:41:03', '2021-12-11 18:30:28', 1, 'Q298'),
(45, 'China', 'CHN', '156', 'CN', '86', 'Beijing', 'CNY', 'Chinese yuan', '¥', '.cn', '中国', 'Asia', 'Eastern Asia', '[{\"zoneName\":\"Asia/Shanghai\",\"gmtOffset\":28800,\"gmtOffsetName\":\"UTC+08:00\",\"abbreviation\":\"CST\",\"tzName\":\"China Standard Time\"},{\"zoneName\":\"Asia/Urumqi\",\"gmtOffset\":21600,\"gmtOffsetName\":\"UTC+06:00\",\"abbreviation\":\"XJT\",\"tzName\":\"China Standard Time\"}]', '{\"kr\":\"중국\",\"br\":\"China\",\"pt\":\"China\",\"nl\":\"China\",\"hr\":\"Kina\",\"fa\":\"چین\",\"de\":\"China\",\"es\":\"China\",\"fr\":\"Chine\",\"ja\":\"中国\",\"it\":\"Cina\",\"cn\":\"中国\"}', 35.00000000, 105.00000000, '🇨🇳', 'U+1F1E8 U+1F1F3', '2018-07-21 01:41:03', '2021-12-11 18:30:33', 1, 'Q148'),
(46, 'Christmas Island', 'CXR', '162', 'CX', '61', 'Flying Fish Cove', 'AUD', 'Australian dollar', '$', '.cx', 'Christmas Island', 'Oceania', 'Australia and New Zealand', '[{\"zoneName\":\"Indian/Christmas\",\"gmtOffset\":25200,\"gmtOffsetName\":\"UTC+07:00\",\"abbreviation\":\"CXT\",\"tzName\":\"Christmas Island Time\"}]', '{\"kr\":\"크리스마스 섬\",\"br\":\"Ilha Christmas\",\"pt\":\"Ilha do Natal\",\"nl\":\"Christmaseiland\",\"hr\":\"Božićni otok\",\"fa\":\"جزیره کریسمس\",\"de\":\"Weihnachtsinsel\",\"es\":\"Isla de Navidad\",\"fr\":\"Île Christmas\",\"ja\":\"クリスマス島\",\"it\":\"Isola di Natale\",\"cn\":\"圣诞岛\"}', -10.50000000, 105.66666666, '🇨🇽', 'U+1F1E8 U+1F1FD', '2018-07-21 01:41:03', '2021-12-11 19:18:01', 1, NULL),
(47, 'Cocos (Keeling) Islands', 'CCK', '166', 'CC', '61', 'West Island', 'AUD', 'Australian dollar', '$', '.cc', 'Cocos (Keeling) Islands', 'Oceania', 'Australia and New Zealand', '[{\"zoneName\":\"Indian/Cocos\",\"gmtOffset\":23400,\"gmtOffsetName\":\"UTC+06:30\",\"abbreviation\":\"CCT\",\"tzName\":\"Cocos Islands Time\"}]', '{\"kr\":\"코코스 제도\",\"br\":\"Ilhas Cocos\",\"pt\":\"Ilhas dos Cocos\",\"nl\":\"Cocoseilanden\",\"hr\":\"Kokosovi Otoci\",\"fa\":\"جزایر کوکوس\",\"de\":\"Kokosinseln\",\"es\":\"Islas Cocos o Islas Keeling\",\"fr\":\"Îles Cocos\",\"ja\":\"ココス（キーリング）諸島\",\"it\":\"Isole Cocos e Keeling\",\"cn\":\"科科斯（基林）群岛\"}', -12.50000000, 96.83333333, '🇨🇨', 'U+1F1E8 U+1F1E8', '2018-07-21 01:41:03', '2021-12-11 19:18:14', 1, NULL),
(48, 'Colombia', 'COL', '170', 'CO', '57', 'Bogotá', 'COP', 'Colombian peso', '$', '.co', 'Colombia', 'Americas', 'South America', '[{\"zoneName\":\"America/Bogota\",\"gmtOffset\":-18000,\"gmtOffsetName\":\"UTC-05:00\",\"abbreviation\":\"COT\",\"tzName\":\"Colombia Time\"}]', '{\"kr\":\"콜롬비아\",\"br\":\"Colômbia\",\"pt\":\"Colômbia\",\"nl\":\"Colombia\",\"hr\":\"Kolumbija\",\"fa\":\"کلمبیا\",\"de\":\"Kolumbien\",\"es\":\"Colombia\",\"fr\":\"Colombie\",\"ja\":\"コロンビア\",\"it\":\"Colombia\",\"cn\":\"哥伦比亚\"}', 4.00000000, -72.00000000, '🇨🇴', 'U+1F1E8 U+1F1F4', '2018-07-21 01:41:03', '2022-01-22 12:56:05', 1, 'Q739'),
(49, 'Comoros', 'COM', '174', 'KM', '269', 'Moroni', 'KMF', 'Comorian franc', 'CF', '.km', 'Komori', 'Africa', 'Eastern Africa', '[{\"zoneName\":\"Indian/Comoro\",\"gmtOffset\":10800,\"gmtOffsetName\":\"UTC+03:00\",\"abbreviation\":\"EAT\",\"tzName\":\"East Africa Time\"}]', '{\"kr\":\"코모로\",\"br\":\"Comores\",\"pt\":\"Comores\",\"nl\":\"Comoren\",\"hr\":\"Komori\",\"fa\":\"کومور\",\"de\":\"Union der Komoren\",\"es\":\"Comoras\",\"fr\":\"Comores\",\"ja\":\"コモロ\",\"it\":\"Comore\",\"cn\":\"科摩罗\"}', -12.16666666, 44.25000000, '🇰🇲', 'U+1F1F0 U+1F1F2', '2018-07-21 01:41:03', '2021-12-11 18:30:50', 1, 'Q970'),
(50, 'Congo', 'COG', '178', 'CG', '242', 'Brazzaville', 'XAF', 'Central African CFA franc', 'FC', '.cg', 'République du Congo', 'Africa', 'Middle Africa', '[{\"zoneName\":\"Africa/Brazzaville\",\"gmtOffset\":3600,\"gmtOffsetName\":\"UTC+01:00\",\"abbreviation\":\"WAT\",\"tzName\":\"West Africa Time\"}]', '{\"kr\":\"콩고\",\"br\":\"Congo\",\"pt\":\"Congo\",\"nl\":\"Congo [Republiek]\",\"hr\":\"Kongo\",\"fa\":\"کنگو\",\"de\":\"Kongo\",\"es\":\"Congo\",\"fr\":\"Congo\",\"ja\":\"コンゴ共和国\",\"it\":\"Congo\",\"cn\":\"刚果\"}', -1.00000000, 15.00000000, '🇨🇬', 'U+1F1E8 U+1F1EC', '2018-07-21 01:41:03', '2021-12-11 18:31:09', 1, 'Q971'),
(51, 'Democratic Republic of the Congo', 'COD', '180', 'CD', '243', 'Kinshasa', 'CDF', 'Congolese Franc', 'FC', '.cd', 'République démocratique du Congo', 'Africa', 'Middle Africa', '[{\"zoneName\":\"Africa/Kinshasa\",\"gmtOffset\":3600,\"gmtOffsetName\":\"UTC+01:00\",\"abbreviation\":\"WAT\",\"tzName\":\"West Africa Time\"},{\"zoneName\":\"Africa/Lubumbashi\",\"gmtOffset\":7200,\"gmtOffsetName\":\"UTC+02:00\",\"abbreviation\":\"CAT\",\"tzName\":\"Central Africa Time\"}]', '{\"kr\":\"콩고 민주 공화국\",\"br\":\"RD Congo\",\"pt\":\"RD Congo\",\"nl\":\"Congo [DRC]\",\"hr\":\"Kongo, Demokratska Republika\",\"fa\":\"جمهوری کنگو\",\"de\":\"Kongo (Dem. Rep.)\",\"es\":\"Congo (Rep. Dem.)\",\"fr\":\"Congo (Rép. dém.)\",\"ja\":\"コンゴ民主共和国\",\"it\":\"Congo (Rep. Dem.)\",\"cn\":\"刚果（金）\"}', 0.00000000, 25.00000000, '🇨🇩', 'U+1F1E8 U+1F1E9', '2018-07-21 01:41:03', '2021-12-11 19:18:42', 1, 'Q974'),
(52, 'Cook Islands', 'COK', '184', 'CK', '682', 'Avarua', 'NZD', 'Cook Islands dollar', '$', '.ck', 'Cook Islands', 'Oceania', 'Polynesia', '[{\"zoneName\":\"Pacific/Rarotonga\",\"gmtOffset\":-36000,\"gmtOffsetName\":\"UTC-10:00\",\"abbreviation\":\"CKT\",\"tzName\":\"Cook Island Time\"}]', '{\"kr\":\"쿡 제도\",\"br\":\"Ilhas Cook\",\"pt\":\"Ilhas Cook\",\"nl\":\"Cookeilanden\",\"hr\":\"Cookovo Otočje\",\"fa\":\"جزایر کوک\",\"de\":\"Cookinseln\",\"es\":\"Islas Cook\",\"fr\":\"Îles Cook\",\"ja\":\"クック諸島\",\"it\":\"Isole Cook\",\"cn\":\"库克群岛\"}', -21.23333333, -159.76666666, '🇨🇰', 'U+1F1E8 U+1F1F0', '2018-07-21 01:41:03', '2021-12-11 18:31:15', 1, 'Q26988'),
(53, 'Costa Rica', 'CRI', '188', 'CR', '506', 'San Jose', 'CRC', 'Costa Rican colón', '₡', '.cr', 'Costa Rica', 'Americas', 'Central America', '[{\"zoneName\":\"America/Costa_Rica\",\"gmtOffset\":-21600,\"gmtOffsetName\":\"UTC-06:00\",\"abbreviation\":\"CST\",\"tzName\":\"Central Standard Time (North America\"}]', '{\"kr\":\"코스타리카\",\"br\":\"Costa Rica\",\"pt\":\"Costa Rica\",\"nl\":\"Costa Rica\",\"hr\":\"Kostarika\",\"fa\":\"کاستاریکا\",\"de\":\"Costa Rica\",\"es\":\"Costa Rica\",\"fr\":\"Costa Rica\",\"ja\":\"コスタリカ\",\"it\":\"Costa Rica\",\"cn\":\"哥斯达黎加\"}', 10.00000000, -84.00000000, '🇨🇷', 'U+1F1E8 U+1F1F7', '2018-07-21 01:41:03', '2021-12-11 18:31:20', 1, 'Q800'),
(54, 'Cote D\'Ivoire (Ivory Coast)', 'CIV', '384', 'CI', '225', 'Yamoussoukro', 'XOF', 'West African CFA franc', 'CFA', '.ci', NULL, 'Africa', 'Western Africa', '[{\"zoneName\":\"Africa/Abidjan\",\"gmtOffset\":0,\"gmtOffsetName\":\"UTC±00\",\"abbreviation\":\"GMT\",\"tzName\":\"Greenwich Mean Time\"}]', '{\"kr\":\"코트디부아르\",\"br\":\"Costa do Marfim\",\"pt\":\"Costa do Marfim\",\"nl\":\"Ivoorkust\",\"hr\":\"Obala Bjelokosti\",\"fa\":\"ساحل عاج\",\"de\":\"Elfenbeinküste\",\"es\":\"Costa de Marfil\",\"fr\":\"Côte d\'Ivoire\",\"ja\":\"コートジボワール\",\"it\":\"Costa D\'Avorio\",\"cn\":\"科特迪瓦\"}', 8.00000000, -5.00000000, '🇨🇮', 'U+1F1E8 U+1F1EE', '2018-07-21 01:41:03', '2021-12-11 18:31:26', 1, 'Q1008'),
(55, 'Croatia', 'HRV', '191', 'HR', '385', 'Zagreb', 'HRK', 'Croatian kuna', 'kn', '.hr', 'Hrvatska', 'Europe', 'Southern Europe', '[{\"zoneName\":\"Europe/Zagreb\",\"gmtOffset\":3600,\"gmtOffsetName\":\"UTC+01:00\",\"abbreviation\":\"CET\",\"tzName\":\"Central European Time\"}]', '{\"kr\":\"크로아티아\",\"br\":\"Croácia\",\"pt\":\"Croácia\",\"nl\":\"Kroatië\",\"hr\":\"Hrvatska\",\"fa\":\"کرواسی\",\"de\":\"Kroatien\",\"es\":\"Croacia\",\"fr\":\"Croatie\",\"ja\":\"クロアチア\",\"it\":\"Croazia\",\"cn\":\"克罗地亚\"}', 45.16666666, 15.50000000, '🇭🇷', 'U+1F1ED U+1F1F7', '2018-07-21 01:41:03', '2021-12-11 18:31:33', 1, 'Q224'),
(56, 'Cuba', 'CUB', '192', 'CU', '53', 'Havana', 'CUP', 'Cuban peso', '$', '.cu', 'Cuba', 'Americas', 'Caribbean', '[{\"zoneName\":\"America/Havana\",\"gmtOffset\":-18000,\"gmtOffsetName\":\"UTC-05:00\",\"abbreviation\":\"CST\",\"tzName\":\"Cuba Standard Time\"}]', '{\"kr\":\"쿠바\",\"br\":\"Cuba\",\"pt\":\"Cuba\",\"nl\":\"Cuba\",\"hr\":\"Kuba\",\"fa\":\"کوبا\",\"de\":\"Kuba\",\"es\":\"Cuba\",\"fr\":\"Cuba\",\"ja\":\"キューバ\",\"it\":\"Cuba\",\"cn\":\"古巴\"}', 21.50000000, -80.00000000, '🇨🇺', 'U+1F1E8 U+1F1FA', '2018-07-21 01:41:03', '2021-12-11 18:31:39', 1, 'Q241'),
(57, 'Cyprus', 'CYP', '196', 'CY', '357', 'Nicosia', 'EUR', 'Euro', '€', '.cy', 'Κύπρος', 'Europe', 'Southern Europe', '[{\"zoneName\":\"Asia/Famagusta\",\"gmtOffset\":7200,\"gmtOffsetName\":\"UTC+02:00\",\"abbreviation\":\"EET\",\"tzName\":\"Eastern European Time\"},{\"zoneName\":\"Asia/Nicosia\",\"gmtOffset\":7200,\"gmtOffsetName\":\"UTC+02:00\",\"abbreviation\":\"EET\",\"tzName\":\"Eastern European Time\"}]', '{\"kr\":\"키프로스\",\"br\":\"Chipre\",\"pt\":\"Chipre\",\"nl\":\"Cyprus\",\"hr\":\"Cipar\",\"fa\":\"قبرس\",\"de\":\"Zypern\",\"es\":\"Chipre\",\"fr\":\"Chypre\",\"ja\":\"キプロス\",\"it\":\"Cipro\",\"cn\":\"塞浦路斯\"}', 35.00000000, 33.00000000, '🇨🇾', 'U+1F1E8 U+1F1FE', '2018-07-21 01:41:03', '2021-12-11 18:31:50', 1, 'Q229');
INSERT INTO `countries` (`id`, `name`, `iso3`, `numeric_code`, `iso2`, `phonecode`, `capital`, `currency`, `currency_name`, `currency_symbol`, `tld`, `native`, `region`, `subregion`, `timezones`, `translations`, `latitude`, `longitude`, `emoji`, `emojiU`, `created_at`, `updated_at`, `flag`, `wikiDataId`) VALUES
(58, 'Czech Republic', 'CZE', '203', 'CZ', '420', 'Prague', 'CZK', 'Czech koruna', 'Kč', '.cz', 'Česká republika', 'Europe', 'Eastern Europe', '[{\"zoneName\":\"Europe/Prague\",\"gmtOffset\":3600,\"gmtOffsetName\":\"UTC+01:00\",\"abbreviation\":\"CET\",\"tzName\":\"Central European Time\"}]', '{\"kr\":\"체코\",\"br\":\"República Tcheca\",\"pt\":\"República Checa\",\"nl\":\"Tsjechië\",\"hr\":\"Češka\",\"fa\":\"جمهوری چک\",\"de\":\"Tschechische Republik\",\"es\":\"República Checa\",\"fr\":\"République tchèque\",\"ja\":\"チェコ\",\"it\":\"Repubblica Ceca\",\"cn\":\"捷克\"}', 49.75000000, 15.50000000, '🇨🇿', 'U+1F1E8 U+1F1FF', '2018-07-21 01:41:03', '2021-12-11 18:31:57', 1, 'Q213'),
(59, 'Denmark', 'DNK', '208', 'DK', '45', 'Copenhagen', 'DKK', 'Danish krone', 'Kr.', '.dk', 'Danmark', 'Europe', 'Northern Europe', '[{\"zoneName\":\"Europe/Copenhagen\",\"gmtOffset\":3600,\"gmtOffsetName\":\"UTC+01:00\",\"abbreviation\":\"CET\",\"tzName\":\"Central European Time\"}]', '{\"kr\":\"덴마크\",\"br\":\"Dinamarca\",\"pt\":\"Dinamarca\",\"nl\":\"Denemarken\",\"hr\":\"Danska\",\"fa\":\"دانمارک\",\"de\":\"Dänemark\",\"es\":\"Dinamarca\",\"fr\":\"Danemark\",\"ja\":\"デンマーク\",\"it\":\"Danimarca\",\"cn\":\"丹麦\"}', 56.00000000, 10.00000000, '🇩🇰', 'U+1F1E9 U+1F1F0', '2018-07-21 01:41:03', '2021-12-11 18:32:05', 1, 'Q35'),
(60, 'Djibouti', 'DJI', '262', 'DJ', '253', 'Djibouti', 'DJF', 'Djiboutian franc', 'Fdj', '.dj', 'Djibouti', 'Africa', 'Eastern Africa', '[{\"zoneName\":\"Africa/Djibouti\",\"gmtOffset\":10800,\"gmtOffsetName\":\"UTC+03:00\",\"abbreviation\":\"EAT\",\"tzName\":\"East Africa Time\"}]', '{\"kr\":\"지부티\",\"br\":\"Djibuti\",\"pt\":\"Djibuti\",\"nl\":\"Djibouti\",\"hr\":\"Džibuti\",\"fa\":\"جیبوتی\",\"de\":\"Dschibuti\",\"es\":\"Yibuti\",\"fr\":\"Djibouti\",\"ja\":\"ジブチ\",\"it\":\"Gibuti\",\"cn\":\"吉布提\"}', 11.50000000, 43.00000000, '🇩🇯', 'U+1F1E9 U+1F1EF', '2018-07-21 01:41:03', '2021-12-11 18:32:11', 1, 'Q977'),
(61, 'Dominica', 'DMA', '212', 'DM', '+1-767', 'Roseau', 'XCD', 'Eastern Caribbean dollar', '$', '.dm', 'Dominica', 'Americas', 'Caribbean', '[{\"zoneName\":\"America/Dominica\",\"gmtOffset\":-14400,\"gmtOffsetName\":\"UTC-04:00\",\"abbreviation\":\"AST\",\"tzName\":\"Atlantic Standard Time\"}]', '{\"kr\":\"도미니카 연방\",\"br\":\"Dominica\",\"pt\":\"Dominica\",\"nl\":\"Dominica\",\"hr\":\"Dominika\",\"fa\":\"دومینیکا\",\"de\":\"Dominica\",\"es\":\"Dominica\",\"fr\":\"Dominique\",\"ja\":\"ドミニカ国\",\"it\":\"Dominica\",\"cn\":\"多米尼加\"}', 15.41666666, -61.33333333, '🇩🇲', 'U+1F1E9 U+1F1F2', '2018-07-21 01:41:03', '2021-12-11 18:32:16', 1, 'Q784'),
(62, 'Dominican Republic', 'DOM', '214', 'DO', '+1-809 and 1-829', 'Santo Domingo', 'DOP', 'Dominican peso', '$', '.do', 'República Dominicana', 'Americas', 'Caribbean', '[{\"zoneName\":\"America/Santo_Domingo\",\"gmtOffset\":-14400,\"gmtOffsetName\":\"UTC-04:00\",\"abbreviation\":\"AST\",\"tzName\":\"Atlantic Standard Time\"}]', '{\"kr\":\"도미니카 공화국\",\"br\":\"República Dominicana\",\"pt\":\"República Dominicana\",\"nl\":\"Dominicaanse Republiek\",\"hr\":\"Dominikanska Republika\",\"fa\":\"جمهوری دومینیکن\",\"de\":\"Dominikanische Republik\",\"es\":\"República Dominicana\",\"fr\":\"République dominicaine\",\"ja\":\"ドミニカ共和国\",\"it\":\"Repubblica Dominicana\",\"cn\":\"多明尼加共和国\"}', 19.00000000, -70.66666666, '🇩🇴', 'U+1F1E9 U+1F1F4', '2018-07-21 01:41:03', '2021-12-11 18:32:22', 1, 'Q786'),
(63, 'East Timor', 'TLS', '626', 'TL', '670', 'Dili', 'USD', 'United States dollar', '$', '.tl', 'Timor-Leste', 'Asia', 'South-Eastern Asia', '[{\"zoneName\":\"Asia/Dili\",\"gmtOffset\":32400,\"gmtOffsetName\":\"UTC+09:00\",\"abbreviation\":\"TLT\",\"tzName\":\"Timor Leste Time\"}]', '{\"kr\":\"동티모르\",\"br\":\"Timor Leste\",\"pt\":\"Timor Leste\",\"nl\":\"Oost-Timor\",\"hr\":\"Istočni Timor\",\"fa\":\"تیمور شرقی\",\"de\":\"Timor-Leste\",\"es\":\"Timor Oriental\",\"fr\":\"Timor oriental\",\"ja\":\"東ティモール\",\"it\":\"Timor Est\",\"cn\":\"东帝汶\"}', -8.83333333, 125.91666666, '🇹🇱', 'U+1F1F9 U+1F1F1', '2018-07-21 01:41:03', '2021-12-11 18:32:27', 1, 'Q574'),
(64, 'Ecuador', 'ECU', '218', 'EC', '593', 'Quito', 'USD', 'United States dollar', '$', '.ec', 'Ecuador', 'Americas', 'South America', '[{\"zoneName\":\"America/Guayaquil\",\"gmtOffset\":-18000,\"gmtOffsetName\":\"UTC-05:00\",\"abbreviation\":\"ECT\",\"tzName\":\"Ecuador Time\"},{\"zoneName\":\"Pacific/Galapagos\",\"gmtOffset\":-21600,\"gmtOffsetName\":\"UTC-06:00\",\"abbreviation\":\"GALT\",\"tzName\":\"Galápagos Time\"}]', '{\"kr\":\"에콰도르\",\"br\":\"Equador\",\"pt\":\"Equador\",\"nl\":\"Ecuador\",\"hr\":\"Ekvador\",\"fa\":\"اکوادور\",\"de\":\"Ecuador\",\"es\":\"Ecuador\",\"fr\":\"Équateur\",\"ja\":\"エクアドル\",\"it\":\"Ecuador\",\"cn\":\"厄瓜多尔\"}', -2.00000000, -77.50000000, '🇪🇨', 'U+1F1EA U+1F1E8', '2018-07-21 01:41:03', '2021-12-11 18:32:33', 1, 'Q736'),
(65, 'Egypt', 'EGY', '818', 'EG', '20', 'Cairo', 'EGP', 'Egyptian pound', 'ج.م', '.eg', 'مصر‎', 'Africa', 'Northern Africa', '[{\"zoneName\":\"Africa/Cairo\",\"gmtOffset\":7200,\"gmtOffsetName\":\"UTC+02:00\",\"abbreviation\":\"EET\",\"tzName\":\"Eastern European Time\"}]', '{\"kr\":\"이집트\",\"br\":\"Egito\",\"pt\":\"Egipto\",\"nl\":\"Egypte\",\"hr\":\"Egipat\",\"fa\":\"مصر\",\"de\":\"Ägypten\",\"es\":\"Egipto\",\"fr\":\"Égypte\",\"ja\":\"エジプト\",\"it\":\"Egitto\",\"cn\":\"埃及\"}', 27.00000000, 30.00000000, '🇪🇬', 'U+1F1EA U+1F1EC', '2018-07-21 01:41:03', '2021-12-11 18:32:38', 1, 'Q79'),
(66, 'El Salvador', 'SLV', '222', 'SV', '503', 'San Salvador', 'USD', 'United States dollar', '$', '.sv', 'El Salvador', 'Americas', 'Central America', '[{\"zoneName\":\"America/El_Salvador\",\"gmtOffset\":-21600,\"gmtOffsetName\":\"UTC-06:00\",\"abbreviation\":\"CST\",\"tzName\":\"Central Standard Time (North America\"}]', '{\"kr\":\"엘살바도르\",\"br\":\"El Salvador\",\"pt\":\"El Salvador\",\"nl\":\"El Salvador\",\"hr\":\"Salvador\",\"fa\":\"السالوادور\",\"de\":\"El Salvador\",\"es\":\"El Salvador\",\"fr\":\"Salvador\",\"ja\":\"エルサルバドル\",\"it\":\"El Salvador\",\"cn\":\"萨尔瓦多\"}', 13.83333333, -88.91666666, '🇸🇻', 'U+1F1F8 U+1F1FB', '2018-07-21 01:41:03', '2021-12-11 18:32:45', 1, 'Q792'),
(67, 'Equatorial Guinea', 'GNQ', '226', 'GQ', '240', 'Malabo', 'XAF', 'Central African CFA franc', 'FCFA', '.gq', 'Guinea Ecuatorial', 'Africa', 'Middle Africa', '[{\"zoneName\":\"Africa/Malabo\",\"gmtOffset\":3600,\"gmtOffsetName\":\"UTC+01:00\",\"abbreviation\":\"WAT\",\"tzName\":\"West Africa Time\"}]', '{\"kr\":\"적도 기니\",\"br\":\"Guiné Equatorial\",\"pt\":\"Guiné Equatorial\",\"nl\":\"Equatoriaal-Guinea\",\"hr\":\"Ekvatorijalna Gvineja\",\"fa\":\"گینه استوایی\",\"de\":\"Äquatorial-Guinea\",\"es\":\"Guinea Ecuatorial\",\"fr\":\"Guinée-Équatoriale\",\"ja\":\"赤道ギニア\",\"it\":\"Guinea Equatoriale\",\"cn\":\"赤道几内亚\"}', 2.00000000, 10.00000000, '🇬🇶', 'U+1F1EC U+1F1F6', '2018-07-21 01:41:03', '2021-12-11 18:32:52', 1, 'Q983'),
(68, 'Eritrea', 'ERI', '232', 'ER', '291', 'Asmara', 'ERN', 'Eritrean nakfa', 'Nfk', '.er', 'ኤርትራ', 'Africa', 'Eastern Africa', '[{\"zoneName\":\"Africa/Asmara\",\"gmtOffset\":10800,\"gmtOffsetName\":\"UTC+03:00\",\"abbreviation\":\"EAT\",\"tzName\":\"East Africa Time\"}]', '{\"kr\":\"에리트레아\",\"br\":\"Eritreia\",\"pt\":\"Eritreia\",\"nl\":\"Eritrea\",\"hr\":\"Eritreja\",\"fa\":\"اریتره\",\"de\":\"Eritrea\",\"es\":\"Eritrea\",\"fr\":\"Érythrée\",\"ja\":\"エリトリア\",\"it\":\"Eritrea\",\"cn\":\"厄立特里亚\"}', 15.00000000, 39.00000000, '🇪🇷', 'U+1F1EA U+1F1F7', '2018-07-21 01:41:03', '2021-12-11 18:32:58', 1, 'Q986'),
(69, 'Estonia', 'EST', '233', 'EE', '372', 'Tallinn', 'EUR', 'Euro', '€', '.ee', 'Eesti', 'Europe', 'Northern Europe', '[{\"zoneName\":\"Europe/Tallinn\",\"gmtOffset\":7200,\"gmtOffsetName\":\"UTC+02:00\",\"abbreviation\":\"EET\",\"tzName\":\"Eastern European Time\"}]', '{\"kr\":\"에스토니아\",\"br\":\"Estônia\",\"pt\":\"Estónia\",\"nl\":\"Estland\",\"hr\":\"Estonija\",\"fa\":\"استونی\",\"de\":\"Estland\",\"es\":\"Estonia\",\"fr\":\"Estonie\",\"ja\":\"エストニア\",\"it\":\"Estonia\",\"cn\":\"爱沙尼亚\"}', 59.00000000, 26.00000000, '🇪🇪', 'U+1F1EA U+1F1EA', '2018-07-21 01:41:03', '2021-12-11 18:33:03', 1, 'Q191'),
(70, 'Ethiopia', 'ETH', '231', 'ET', '251', 'Addis Ababa', 'ETB', 'Ethiopian birr', 'Nkf', '.et', 'ኢትዮጵያ', 'Africa', 'Eastern Africa', '[{\"zoneName\":\"Africa/Addis_Ababa\",\"gmtOffset\":10800,\"gmtOffsetName\":\"UTC+03:00\",\"abbreviation\":\"EAT\",\"tzName\":\"East Africa Time\"}]', '{\"kr\":\"에티오피아\",\"br\":\"Etiópia\",\"pt\":\"Etiópia\",\"nl\":\"Ethiopië\",\"hr\":\"Etiopija\",\"fa\":\"اتیوپی\",\"de\":\"Äthiopien\",\"es\":\"Etiopía\",\"fr\":\"Éthiopie\",\"ja\":\"エチオピア\",\"it\":\"Etiopia\",\"cn\":\"埃塞俄比亚\"}', 8.00000000, 38.00000000, '🇪🇹', 'U+1F1EA U+1F1F9', '2018-07-21 01:41:03', '2021-12-11 18:46:58', 1, 'Q115'),
(71, 'Falkland Islands', 'FLK', '238', 'FK', '500', 'Stanley', 'FKP', 'Falkland Islands pound', '£', '.fk', 'Falkland Islands', 'Americas', 'South America', '[{\"zoneName\":\"Atlantic/Stanley\",\"gmtOffset\":-10800,\"gmtOffsetName\":\"UTC-03:00\",\"abbreviation\":\"FKST\",\"tzName\":\"Falkland Islands Summer Time\"}]', '{\"kr\":\"포클랜드 제도\",\"br\":\"Ilhas Malvinas\",\"pt\":\"Ilhas Falkland\",\"nl\":\"Falklandeilanden [Islas Malvinas]\",\"hr\":\"Falklandski Otoci\",\"fa\":\"جزایر فالکلند\",\"de\":\"Falklandinseln\",\"es\":\"Islas Malvinas\",\"fr\":\"Îles Malouines\",\"ja\":\"フォークランド（マルビナス）諸島\",\"it\":\"Isole Falkland o Isole Malvine\",\"cn\":\"福克兰群岛\"}', -51.75000000, -59.00000000, '🇫🇰', 'U+1F1EB U+1F1F0', '2018-07-21 01:41:03', '2021-12-11 18:47:05', 1, NULL),
(72, 'Faroe Islands', 'FRO', '234', 'FO', '298', 'Torshavn', 'DKK', 'Danish krone', 'Kr.', '.fo', 'Føroyar', 'Europe', 'Northern Europe', '[{\"zoneName\":\"Atlantic/Faroe\",\"gmtOffset\":0,\"gmtOffsetName\":\"UTC±00\",\"abbreviation\":\"WET\",\"tzName\":\"Western European Time\"}]', '{\"kr\":\"페로 제도\",\"br\":\"Ilhas Faroé\",\"pt\":\"Ilhas Faroé\",\"nl\":\"Faeröer\",\"hr\":\"Farski Otoci\",\"fa\":\"جزایر فارو\",\"de\":\"Färöer-Inseln\",\"es\":\"Islas Faroe\",\"fr\":\"Îles Féroé\",\"ja\":\"フェロー諸島\",\"it\":\"Isole Far Oer\",\"cn\":\"法罗群岛\"}', 62.00000000, -7.00000000, '🇫🇴', 'U+1F1EB U+1F1F4', '2018-07-21 01:41:03', '2021-12-11 18:47:11', 1, NULL),
(73, 'Fiji Islands', 'FJI', '242', 'FJ', '679', 'Suva', 'FJD', 'Fijian dollar', 'FJ$', '.fj', 'Fiji', 'Oceania', 'Melanesia', '[{\"zoneName\":\"Pacific/Fiji\",\"gmtOffset\":43200,\"gmtOffsetName\":\"UTC+12:00\",\"abbreviation\":\"FJT\",\"tzName\":\"Fiji Time\"}]', '{\"kr\":\"피지\",\"br\":\"Fiji\",\"pt\":\"Fiji\",\"nl\":\"Fiji\",\"hr\":\"Fiđi\",\"fa\":\"فیجی\",\"de\":\"Fidschi\",\"es\":\"Fiyi\",\"fr\":\"Fidji\",\"ja\":\"フィジー\",\"it\":\"Figi\",\"cn\":\"斐济\"}', -18.00000000, 175.00000000, '🇫🇯', 'U+1F1EB U+1F1EF', '2018-07-21 01:41:03', '2021-12-11 18:47:17', 1, 'Q712'),
(74, 'Finland', 'FIN', '246', 'FI', '358', 'Helsinki', 'EUR', 'Euro', '€', '.fi', 'Suomi', 'Europe', 'Northern Europe', '[{\"zoneName\":\"Europe/Helsinki\",\"gmtOffset\":7200,\"gmtOffsetName\":\"UTC+02:00\",\"abbreviation\":\"EET\",\"tzName\":\"Eastern European Time\"}]', '{\"kr\":\"핀란드\",\"br\":\"Finlândia\",\"pt\":\"Finlândia\",\"nl\":\"Finland\",\"hr\":\"Finska\",\"fa\":\"فنلاند\",\"de\":\"Finnland\",\"es\":\"Finlandia\",\"fr\":\"Finlande\",\"ja\":\"フィンランド\",\"it\":\"Finlandia\",\"cn\":\"芬兰\"}', 64.00000000, 26.00000000, '🇫🇮', 'U+1F1EB U+1F1EE', '2018-07-21 01:41:03', '2021-12-11 18:47:24', 1, 'Q33'),
(75, 'France', 'FRA', '250', 'FR', '33', 'Paris', 'EUR', 'Euro', '€', '.fr', 'France', 'Europe', 'Western Europe', '[{\"zoneName\":\"Europe/Paris\",\"gmtOffset\":3600,\"gmtOffsetName\":\"UTC+01:00\",\"abbreviation\":\"CET\",\"tzName\":\"Central European Time\"}]', '{\"kr\":\"프랑스\",\"br\":\"França\",\"pt\":\"França\",\"nl\":\"Frankrijk\",\"hr\":\"Francuska\",\"fa\":\"فرانسه\",\"de\":\"Frankreich\",\"es\":\"Francia\",\"fr\":\"France\",\"ja\":\"フランス\",\"it\":\"Francia\",\"cn\":\"法国\"}', 46.00000000, 2.00000000, '🇫🇷', 'U+1F1EB U+1F1F7', '2018-07-21 01:41:03', '2021-12-11 18:47:33', 1, 'Q142'),
(76, 'French Guiana', 'GUF', '254', 'GF', '594', 'Cayenne', 'EUR', 'Euro', '€', '.gf', 'Guyane française', 'Americas', 'South America', '[{\"zoneName\":\"America/Cayenne\",\"gmtOffset\":-10800,\"gmtOffsetName\":\"UTC-03:00\",\"abbreviation\":\"GFT\",\"tzName\":\"French Guiana Time\"}]', '{\"kr\":\"프랑스령 기아나\",\"br\":\"Guiana Francesa\",\"pt\":\"Guiana Francesa\",\"nl\":\"Frans-Guyana\",\"hr\":\"Francuska Gvajana\",\"fa\":\"گویان فرانسه\",\"de\":\"Französisch Guyana\",\"es\":\"Guayana Francesa\",\"fr\":\"Guayane\",\"ja\":\"フランス領ギアナ\",\"it\":\"Guyana francese\",\"cn\":\"法属圭亚那\"}', 4.00000000, -53.00000000, '🇬🇫', 'U+1F1EC U+1F1EB', '2018-07-21 01:41:03', '2021-12-11 18:48:11', 1, NULL),
(77, 'French Polynesia', 'PYF', '258', 'PF', '689', 'Papeete', 'XPF', 'CFP franc', '₣', '.pf', 'Polynésie française', 'Oceania', 'Polynesia', '[{\"zoneName\":\"Pacific/Gambier\",\"gmtOffset\":-32400,\"gmtOffsetName\":\"UTC-09:00\",\"abbreviation\":\"GAMT\",\"tzName\":\"Gambier Islands Time\"},{\"zoneName\":\"Pacific/Marquesas\",\"gmtOffset\":-34200,\"gmtOffsetName\":\"UTC-09:30\",\"abbreviation\":\"MART\",\"tzName\":\"Marquesas Islands Time\"},{\"zoneName\":\"Pacific/Tahiti\",\"gmtOffset\":-36000,\"gmtOffsetName\":\"UTC-10:00\",\"abbreviation\":\"TAHT\",\"tzName\":\"Tahiti Time\"}]', '{\"kr\":\"프랑스령 폴리네시아\",\"br\":\"Polinésia Francesa\",\"pt\":\"Polinésia Francesa\",\"nl\":\"Frans-Polynesië\",\"hr\":\"Francuska Polinezija\",\"fa\":\"پلی‌نزی فرانسه\",\"de\":\"Französisch-Polynesien\",\"es\":\"Polinesia Francesa\",\"fr\":\"Polynésie française\",\"ja\":\"フランス領ポリネシア\",\"it\":\"Polinesia Francese\",\"cn\":\"法属波利尼西亚\"}', -15.00000000, -140.00000000, '🇵🇫', 'U+1F1F5 U+1F1EB', '2018-07-21 01:41:03', '2021-12-11 18:47:54', 1, NULL),
(78, 'French Southern Territories', 'ATF', '260', 'TF', '262', 'Port-aux-Francais', 'EUR', 'Euro', '€', '.tf', 'Territoire des Terres australes et antarctiques fr', 'Africa', 'Southern Africa', '[{\"zoneName\":\"Indian/Kerguelen\",\"gmtOffset\":18000,\"gmtOffsetName\":\"UTC+05:00\",\"abbreviation\":\"TFT\",\"tzName\":\"French Southern and Antarctic Time\"}]', '{\"kr\":\"프랑스령 남방 및 남극\",\"br\":\"Terras Austrais e Antárticas Francesas\",\"pt\":\"Terras Austrais e Antárticas Francesas\",\"nl\":\"Franse Gebieden in de zuidelijke Indische Oceaan\",\"hr\":\"Francuski južni i antarktički teritoriji\",\"fa\":\"سرزمین‌های جنوبی و جنوبگانی فرانسه\",\"de\":\"Französische Süd- und Antarktisgebiete\",\"es\":\"Tierras Australes y Antárticas Francesas\",\"fr\":\"Terres australes et antarctiques françaises\",\"ja\":\"フランス領南方・南極地域\",\"it\":\"Territori Francesi del Sud\",\"cn\":\"法属南部领地\"}', -49.25000000, 69.16700000, '🇹🇫', 'U+1F1F9 U+1F1EB', '2018-07-21 01:41:03', '2021-12-11 18:48:34', 1, NULL),
(79, 'Gabon', 'GAB', '266', 'GA', '241', 'Libreville', 'XAF', 'Central African CFA franc', 'FCFA', '.ga', 'Gabon', 'Africa', 'Middle Africa', '[{\"zoneName\":\"Africa/Libreville\",\"gmtOffset\":3600,\"gmtOffsetName\":\"UTC+01:00\",\"abbreviation\":\"WAT\",\"tzName\":\"West Africa Time\"}]', '{\"kr\":\"가봉\",\"br\":\"Gabão\",\"pt\":\"Gabão\",\"nl\":\"Gabon\",\"hr\":\"Gabon\",\"fa\":\"گابن\",\"de\":\"Gabun\",\"es\":\"Gabón\",\"fr\":\"Gabon\",\"ja\":\"ガボン\",\"it\":\"Gabon\",\"cn\":\"加蓬\"}', -1.00000000, 11.75000000, '🇬🇦', 'U+1F1EC U+1F1E6', '2018-07-21 01:41:03', '2021-12-11 18:48:46', 1, 'Q1000'),
(80, 'Gambia The', 'GMB', '270', 'GM', '220', 'Banjul', 'GMD', 'Gambian dalasi', 'D', '.gm', 'Gambia', 'Africa', 'Western Africa', '[{\"zoneName\":\"Africa/Banjul\",\"gmtOffset\":0,\"gmtOffsetName\":\"UTC±00\",\"abbreviation\":\"GMT\",\"tzName\":\"Greenwich Mean Time\"}]', '{\"kr\":\"감비아\",\"br\":\"Gâmbia\",\"pt\":\"Gâmbia\",\"nl\":\"Gambia\",\"hr\":\"Gambija\",\"fa\":\"گامبیا\",\"de\":\"Gambia\",\"es\":\"Gambia\",\"fr\":\"Gambie\",\"ja\":\"ガンビア\",\"it\":\"Gambia\",\"cn\":\"冈比亚\"}', 13.46666666, -16.56666666, '🇬🇲', 'U+1F1EC U+1F1F2', '2018-07-21 01:41:03', '2021-12-11 18:48:53', 1, 'Q1005'),
(81, 'Georgia', 'GEO', '268', 'GE', '995', 'Tbilisi', 'GEL', 'Georgian lari', 'ლ', '.ge', 'საქართველო', 'Asia', 'Western Asia', '[{\"zoneName\":\"Asia/Tbilisi\",\"gmtOffset\":14400,\"gmtOffsetName\":\"UTC+04:00\",\"abbreviation\":\"GET\",\"tzName\":\"Georgia Standard Time\"}]', '{\"kr\":\"조지아\",\"br\":\"Geórgia\",\"pt\":\"Geórgia\",\"nl\":\"Georgië\",\"hr\":\"Gruzija\",\"fa\":\"گرجستان\",\"de\":\"Georgien\",\"es\":\"Georgia\",\"fr\":\"Géorgie\",\"ja\":\"グルジア\",\"it\":\"Georgia\",\"cn\":\"格鲁吉亚\"}', 42.00000000, 43.50000000, '🇬🇪', 'U+1F1EC U+1F1EA', '2018-07-21 01:41:03', '2021-12-11 18:48:59', 1, 'Q230'),
(82, 'Germany', 'DEU', '276', 'DE', '49', 'Berlin', 'EUR', 'Euro', '€', '.de', 'Deutschland', 'Europe', 'Western Europe', '[{\"zoneName\":\"Europe/Berlin\",\"gmtOffset\":3600,\"gmtOffsetName\":\"UTC+01:00\",\"abbreviation\":\"CET\",\"tzName\":\"Central European Time\"},{\"zoneName\":\"Europe/Busingen\",\"gmtOffset\":3600,\"gmtOffsetName\":\"UTC+01:00\",\"abbreviation\":\"CET\",\"tzName\":\"Central European Time\"}]', '{\"kr\":\"독일\",\"br\":\"Alemanha\",\"pt\":\"Alemanha\",\"nl\":\"Duitsland\",\"hr\":\"Njemačka\",\"fa\":\"آلمان\",\"de\":\"Deutschland\",\"es\":\"Alemania\",\"fr\":\"Allemagne\",\"ja\":\"ドイツ\",\"it\":\"Germania\",\"cn\":\"德国\"}', 51.00000000, 9.00000000, '🇩🇪', 'U+1F1E9 U+1F1EA', '2018-07-21 01:41:03', '2021-12-11 18:49:06', 1, 'Q183'),
(83, 'Ghana', 'GHA', '288', 'GH', '233', 'Accra', 'GHS', 'Ghanaian cedi', 'GH₵', '.gh', 'Ghana', 'Africa', 'Western Africa', '[{\"zoneName\":\"Africa/Accra\",\"gmtOffset\":0,\"gmtOffsetName\":\"UTC±00\",\"abbreviation\":\"GMT\",\"tzName\":\"Greenwich Mean Time\"}]', '{\"kr\":\"가나\",\"br\":\"Gana\",\"pt\":\"Gana\",\"nl\":\"Ghana\",\"hr\":\"Gana\",\"fa\":\"غنا\",\"de\":\"Ghana\",\"es\":\"Ghana\",\"fr\":\"Ghana\",\"ja\":\"ガーナ\",\"it\":\"Ghana\",\"cn\":\"加纳\"}', 8.00000000, -2.00000000, '🇬🇭', 'U+1F1EC U+1F1ED', '2018-07-21 01:41:03', '2021-12-11 18:49:14', 1, 'Q117'),
(84, 'Gibraltar', 'GIB', '292', 'GI', '350', 'Gibraltar', 'GIP', 'Gibraltar pound', '£', '.gi', 'Gibraltar', 'Europe', 'Southern Europe', '[{\"zoneName\":\"Europe/Gibraltar\",\"gmtOffset\":3600,\"gmtOffsetName\":\"UTC+01:00\",\"abbreviation\":\"CET\",\"tzName\":\"Central European Time\"}]', '{\"kr\":\"지브롤터\",\"br\":\"Gibraltar\",\"pt\":\"Gibraltar\",\"nl\":\"Gibraltar\",\"hr\":\"Gibraltar\",\"fa\":\"جبل‌طارق\",\"de\":\"Gibraltar\",\"es\":\"Gibraltar\",\"fr\":\"Gibraltar\",\"ja\":\"ジブラルタル\",\"it\":\"Gibilterra\",\"cn\":\"直布罗陀\"}', 36.13333333, -5.35000000, '🇬🇮', 'U+1F1EC U+1F1EE', '2018-07-21 01:41:03', '2021-12-11 18:49:19', 1, NULL),
(85, 'Greece', 'GRC', '300', 'GR', '30', 'Athens', 'EUR', 'Euro', '€', '.gr', 'Ελλάδα', 'Europe', 'Southern Europe', '[{\"zoneName\":\"Europe/Athens\",\"gmtOffset\":7200,\"gmtOffsetName\":\"UTC+02:00\",\"abbreviation\":\"EET\",\"tzName\":\"Eastern European Time\"}]', '{\"kr\":\"그리스\",\"br\":\"Grécia\",\"pt\":\"Grécia\",\"nl\":\"Griekenland\",\"hr\":\"Grčka\",\"fa\":\"یونان\",\"de\":\"Griechenland\",\"es\":\"Grecia\",\"fr\":\"Grèce\",\"ja\":\"ギリシャ\",\"it\":\"Grecia\",\"cn\":\"希腊\"}', 39.00000000, 22.00000000, '🇬🇷', 'U+1F1EC U+1F1F7', '2018-07-21 01:41:03', '2021-12-11 18:49:24', 1, 'Q41'),
(86, 'Greenland', 'GRL', '304', 'GL', '299', 'Nuuk', 'DKK', 'Danish krone', 'Kr.', '.gl', 'Kalaallit Nunaat', 'Americas', 'Northern America', '[{\"zoneName\":\"America/Danmarkshavn\",\"gmtOffset\":0,\"gmtOffsetName\":\"UTC±00\",\"abbreviation\":\"GMT\",\"tzName\":\"Greenwich Mean Time\"},{\"zoneName\":\"America/Nuuk\",\"gmtOffset\":-10800,\"gmtOffsetName\":\"UTC-03:00\",\"abbreviation\":\"WGT\",\"tzName\":\"West Greenland Time\"},{\"zoneName\":\"America/Scoresbysund\",\"gmtOffset\":-3600,\"gmtOffsetName\":\"UTC-01:00\",\"abbreviation\":\"EGT\",\"tzName\":\"Eastern Greenland Time\"},{\"zoneName\":\"America/Thule\",\"gmtOffset\":-14400,\"gmtOffsetName\":\"UTC-04:00\",\"abbreviation\":\"AST\",\"tzName\":\"Atlantic Standard Time\"}]', '{\"kr\":\"그린란드\",\"br\":\"Groelândia\",\"pt\":\"Gronelândia\",\"nl\":\"Groenland\",\"hr\":\"Grenland\",\"fa\":\"گرینلند\",\"de\":\"Grönland\",\"es\":\"Groenlandia\",\"fr\":\"Groenland\",\"ja\":\"グリーンランド\",\"it\":\"Groenlandia\",\"cn\":\"格陵兰岛\"}', 72.00000000, -40.00000000, '🇬🇱', 'U+1F1EC U+1F1F1', '2018-07-21 01:41:03', '2021-12-11 18:49:31', 1, NULL),
(87, 'Grenada', 'GRD', '308', 'GD', '+1-473', 'St. George\'s', 'XCD', 'Eastern Caribbean dollar', '$', '.gd', 'Grenada', 'Americas', 'Caribbean', '[{\"zoneName\":\"America/Grenada\",\"gmtOffset\":-14400,\"gmtOffsetName\":\"UTC-04:00\",\"abbreviation\":\"AST\",\"tzName\":\"Atlantic Standard Time\"}]', '{\"kr\":\"그레나다\",\"br\":\"Granada\",\"pt\":\"Granada\",\"nl\":\"Grenada\",\"hr\":\"Grenada\",\"fa\":\"گرنادا\",\"de\":\"Grenada\",\"es\":\"Grenada\",\"fr\":\"Grenade\",\"ja\":\"グレナダ\",\"it\":\"Grenada\",\"cn\":\"格林纳达\"}', 12.11666666, -61.66666666, '🇬🇩', 'U+1F1EC U+1F1E9', '2018-07-21 01:41:03', '2021-12-11 18:49:40', 1, 'Q769'),
(88, 'Guadeloupe', 'GLP', '312', 'GP', '590', 'Basse-Terre', 'EUR', 'Euro', '€', '.gp', 'Guadeloupe', 'Americas', 'Caribbean', '[{\"zoneName\":\"America/Guadeloupe\",\"gmtOffset\":-14400,\"gmtOffsetName\":\"UTC-04:00\",\"abbreviation\":\"AST\",\"tzName\":\"Atlantic Standard Time\"}]', '{\"kr\":\"과들루프\",\"br\":\"Guadalupe\",\"pt\":\"Guadalupe\",\"nl\":\"Guadeloupe\",\"hr\":\"Gvadalupa\",\"fa\":\"جزیره گوادلوپ\",\"de\":\"Guadeloupe\",\"es\":\"Guadalupe\",\"fr\":\"Guadeloupe\",\"ja\":\"グアドループ\",\"it\":\"Guadeloupa\",\"cn\":\"瓜德罗普岛\"}', 16.25000000, -61.58333300, '🇬🇵', 'U+1F1EC U+1F1F5', '2018-07-21 01:41:03', '2021-12-11 18:51:29', 1, NULL),
(89, 'Guam', 'GUM', '316', 'GU', '+1-671', 'Hagatna', 'USD', 'US Dollar', '$', '.gu', 'Guam', 'Oceania', 'Micronesia', '[{\"zoneName\":\"Pacific/Guam\",\"gmtOffset\":36000,\"gmtOffsetName\":\"UTC+10:00\",\"abbreviation\":\"CHST\",\"tzName\":\"Chamorro Standard Time\"}]', '{\"kr\":\"괌\",\"br\":\"Guam\",\"pt\":\"Guame\",\"nl\":\"Guam\",\"hr\":\"Guam\",\"fa\":\"گوام\",\"de\":\"Guam\",\"es\":\"Guam\",\"fr\":\"Guam\",\"ja\":\"グアム\",\"it\":\"Guam\",\"cn\":\"关岛\"}', 13.46666666, 144.78333333, '🇬🇺', 'U+1F1EC U+1F1FA', '2018-07-21 01:41:03', '2021-12-11 18:50:50', 1, NULL),
(90, 'Guatemala', 'GTM', '320', 'GT', '502', 'Guatemala City', 'GTQ', 'Guatemalan quetzal', 'Q', '.gt', 'Guatemala', 'Americas', 'Central America', '[{\"zoneName\":\"America/Guatemala\",\"gmtOffset\":-21600,\"gmtOffsetName\":\"UTC-06:00\",\"abbreviation\":\"CST\",\"tzName\":\"Central Standard Time (North America\"}]', '{\"kr\":\"과테말라\",\"br\":\"Guatemala\",\"pt\":\"Guatemala\",\"nl\":\"Guatemala\",\"hr\":\"Gvatemala\",\"fa\":\"گواتمالا\",\"de\":\"Guatemala\",\"es\":\"Guatemala\",\"fr\":\"Guatemala\",\"ja\":\"グアテマラ\",\"it\":\"Guatemala\",\"cn\":\"危地马拉\"}', 15.50000000, -90.25000000, '🇬🇹', 'U+1F1EC U+1F1F9', '2018-07-21 01:41:03', '2021-12-11 18:51:50', 1, 'Q774'),
(91, 'Guernsey and Alderney', 'GGY', '831', 'GG', '+44-1481', 'St Peter Port', 'GBP', 'British pound', '£', '.gg', 'Guernsey', 'Europe', 'Northern Europe', '[{\"zoneName\":\"Europe/Guernsey\",\"gmtOffset\":0,\"gmtOffsetName\":\"UTC±00\",\"abbreviation\":\"GMT\",\"tzName\":\"Greenwich Mean Time\"}]', '{\"kr\":\"건지, 올더니\",\"br\":\"Guernsey\",\"pt\":\"Guernsey\",\"nl\":\"Guernsey\",\"hr\":\"Guernsey\",\"fa\":\"گرنزی\",\"de\":\"Guernsey\",\"es\":\"Guernsey\",\"fr\":\"Guernesey\",\"ja\":\"ガーンジー\",\"it\":\"Guernsey\",\"cn\":\"根西岛\"}', 49.46666666, -2.58333333, '🇬🇬', 'U+1F1EC U+1F1EC', '2018-07-21 01:41:03', '2021-12-11 18:53:37', 1, NULL),
(92, 'Guinea', 'GIN', '324', 'GN', '224', 'Conakry', 'GNF', 'Guinean franc', 'FG', '.gn', 'Guinée', 'Africa', 'Western Africa', '[{\"zoneName\":\"Africa/Conakry\",\"gmtOffset\":0,\"gmtOffsetName\":\"UTC±00\",\"abbreviation\":\"GMT\",\"tzName\":\"Greenwich Mean Time\"}]', '{\"kr\":\"기니\",\"br\":\"Guiné\",\"pt\":\"Guiné\",\"nl\":\"Guinee\",\"hr\":\"Gvineja\",\"fa\":\"گینه\",\"de\":\"Guinea\",\"es\":\"Guinea\",\"fr\":\"Guinée\",\"ja\":\"ギニア\",\"it\":\"Guinea\",\"cn\":\"几内亚\"}', 11.00000000, -10.00000000, '🇬🇳', 'U+1F1EC U+1F1F3', '2018-07-21 01:41:03', '2021-12-11 18:53:45', 1, 'Q1006'),
(93, 'Guinea-Bissau', 'GNB', '624', 'GW', '245', 'Bissau', 'XOF', 'West African CFA franc', 'CFA', '.gw', 'Guiné-Bissau', 'Africa', 'Western Africa', '[{\"zoneName\":\"Africa/Bissau\",\"gmtOffset\":0,\"gmtOffsetName\":\"UTC±00\",\"abbreviation\":\"GMT\",\"tzName\":\"Greenwich Mean Time\"}]', '{\"kr\":\"기니비사우\",\"br\":\"Guiné-Bissau\",\"pt\":\"Guiné-Bissau\",\"nl\":\"Guinee-Bissau\",\"hr\":\"Gvineja Bisau\",\"fa\":\"گینه بیسائو\",\"de\":\"Guinea-Bissau\",\"es\":\"Guinea-Bisáu\",\"fr\":\"Guinée-Bissau\",\"ja\":\"ギニアビサウ\",\"it\":\"Guinea-Bissau\",\"cn\":\"几内亚比绍\"}', 12.00000000, -15.00000000, '🇬🇼', 'U+1F1EC U+1F1FC', '2018-07-21 01:41:03', '2021-12-11 18:53:54', 1, 'Q1007'),
(94, 'Guyana', 'GUY', '328', 'GY', '592', 'Georgetown', 'GYD', 'Guyanese dollar', '$', '.gy', 'Guyana', 'Americas', 'South America', '[{\"zoneName\":\"America/Guyana\",\"gmtOffset\":-14400,\"gmtOffsetName\":\"UTC-04:00\",\"abbreviation\":\"GYT\",\"tzName\":\"Guyana Time\"}]', '{\"kr\":\"가이아나\",\"br\":\"Guiana\",\"pt\":\"Guiana\",\"nl\":\"Guyana\",\"hr\":\"Gvajana\",\"fa\":\"گویان\",\"de\":\"Guyana\",\"es\":\"Guyana\",\"fr\":\"Guyane\",\"ja\":\"ガイアナ\",\"it\":\"Guyana\",\"cn\":\"圭亚那\"}', 5.00000000, -59.00000000, '🇬🇾', 'U+1F1EC U+1F1FE', '2018-07-21 01:41:03', '2021-12-11 18:54:01', 1, 'Q734'),
(95, 'Haiti', 'HTI', '332', 'HT', '509', 'Port-au-Prince', 'HTG', 'Haitian gourde', 'G', '.ht', 'Haïti', 'Americas', 'Caribbean', '[{\"zoneName\":\"America/Port-au-Prince\",\"gmtOffset\":-18000,\"gmtOffsetName\":\"UTC-05:00\",\"abbreviation\":\"EST\",\"tzName\":\"Eastern Standard Time (North America\"}]', '{\"kr\":\"아이티\",\"br\":\"Haiti\",\"pt\":\"Haiti\",\"nl\":\"Haïti\",\"hr\":\"Haiti\",\"fa\":\"هائیتی\",\"de\":\"Haiti\",\"es\":\"Haiti\",\"fr\":\"Haïti\",\"ja\":\"ハイチ\",\"it\":\"Haiti\",\"cn\":\"海地\"}', 19.00000000, -72.41666666, '🇭🇹', 'U+1F1ED U+1F1F9', '2018-07-21 01:41:03', '2021-12-11 18:54:06', 1, 'Q790'),
(96, 'Heard Island and McDonald Islands', 'HMD', '334', 'HM', '672', '', 'AUD', 'Australian dollar', '$', '.hm', 'Heard Island and McDonald Islands', '', '', '[{\"zoneName\":\"Indian/Kerguelen\",\"gmtOffset\":18000,\"gmtOffsetName\":\"UTC+05:00\",\"abbreviation\":\"TFT\",\"tzName\":\"French Southern and Antarctic Time\"}]', '{\"kr\":\"허드 맥도날드 제도\",\"br\":\"Ilha Heard e Ilhas McDonald\",\"pt\":\"Ilha Heard e Ilhas McDonald\",\"nl\":\"Heard- en McDonaldeilanden\",\"hr\":\"Otok Heard i otočje McDonald\",\"fa\":\"جزیره هرد و جزایر مک‌دونالد\",\"de\":\"Heard und die McDonaldinseln\",\"es\":\"Islas Heard y McDonald\",\"fr\":\"Îles Heard-et-MacDonald\",\"ja\":\"ハード島とマクドナルド諸島\",\"it\":\"Isole Heard e McDonald\",\"cn\":\"赫德·唐纳岛及麦唐纳岛\"}', -53.10000000, 72.51666666, '🇭🇲', 'U+1F1ED U+1F1F2', '2018-07-21 01:41:03', '2021-12-11 19:18:51', 1, NULL),
(97, 'Honduras', 'HND', '340', 'HN', '504', 'Tegucigalpa', 'HNL', 'Honduran lempira', 'L', '.hn', 'Honduras', 'Americas', 'Central America', '[{\"zoneName\":\"America/Tegucigalpa\",\"gmtOffset\":-21600,\"gmtOffsetName\":\"UTC-06:00\",\"abbreviation\":\"CST\",\"tzName\":\"Central Standard Time (North America\"}]', '{\"kr\":\"온두라스\",\"br\":\"Honduras\",\"pt\":\"Honduras\",\"nl\":\"Honduras\",\"hr\":\"Honduras\",\"fa\":\"هندوراس\",\"de\":\"Honduras\",\"es\":\"Honduras\",\"fr\":\"Honduras\",\"ja\":\"ホンジュラス\",\"it\":\"Honduras\",\"cn\":\"洪都拉斯\"}', 15.00000000, -86.50000000, '🇭🇳', 'U+1F1ED U+1F1F3', '2018-07-21 01:41:03', '2021-12-11 18:54:16', 1, 'Q783'),
(98, 'Hong Kong S.A.R.', 'HKG', '344', 'HK', '852', 'Hong Kong', 'HKD', 'Hong Kong dollar', '$', '.hk', '香港', 'Asia', 'Eastern Asia', '[{\"zoneName\":\"Asia/Hong_Kong\",\"gmtOffset\":28800,\"gmtOffsetName\":\"UTC+08:00\",\"abbreviation\":\"HKT\",\"tzName\":\"Hong Kong Time\"}]', '{\"kr\":\"홍콩\",\"br\":\"Hong Kong\",\"pt\":\"Hong Kong\",\"nl\":\"Hongkong\",\"hr\":\"Hong Kong\",\"fa\":\"هنگ‌کنگ\",\"de\":\"Hong Kong\",\"es\":\"Hong Kong\",\"fr\":\"Hong Kong\",\"ja\":\"香港\",\"it\":\"Hong Kong\",\"cn\":\"中国香港\"}', 22.25000000, 114.16666666, '🇭🇰', 'U+1F1ED U+1F1F0', '2018-07-21 01:41:03', '2021-12-11 18:54:22', 1, 'Q8646'),
(99, 'Hungary', 'HUN', '348', 'HU', '36', 'Budapest', 'HUF', 'Hungarian forint', 'Ft', '.hu', 'Magyarország', 'Europe', 'Eastern Europe', '[{\"zoneName\":\"Europe/Budapest\",\"gmtOffset\":3600,\"gmtOffsetName\":\"UTC+01:00\",\"abbreviation\":\"CET\",\"tzName\":\"Central European Time\"}]', '{\"kr\":\"헝가리\",\"br\":\"Hungria\",\"pt\":\"Hungria\",\"nl\":\"Hongarije\",\"hr\":\"Mađarska\",\"fa\":\"مجارستان\",\"de\":\"Ungarn\",\"es\":\"Hungría\",\"fr\":\"Hongrie\",\"ja\":\"ハンガリー\",\"it\":\"Ungheria\",\"cn\":\"匈牙利\"}', 47.00000000, 20.00000000, '🇭🇺', 'U+1F1ED U+1F1FA', '2018-07-21 01:41:03', '2021-12-11 18:54:30', 1, 'Q28'),
(100, 'Iceland', 'ISL', '352', 'IS', '354', 'Reykjavik', 'ISK', 'Icelandic króna', 'kr', '.is', 'Ísland', 'Europe', 'Northern Europe', '[{\"zoneName\":\"Atlantic/Reykjavik\",\"gmtOffset\":0,\"gmtOffsetName\":\"UTC±00\",\"abbreviation\":\"GMT\",\"tzName\":\"Greenwich Mean Time\"}]', '{\"kr\":\"아이슬란드\",\"br\":\"Islândia\",\"pt\":\"Islândia\",\"nl\":\"IJsland\",\"hr\":\"Island\",\"fa\":\"ایسلند\",\"de\":\"Island\",\"es\":\"Islandia\",\"fr\":\"Islande\",\"ja\":\"アイスランド\",\"it\":\"Islanda\",\"cn\":\"冰岛\"}', 65.00000000, -18.00000000, '🇮🇸', 'U+1F1EE U+1F1F8', '2018-07-21 01:41:03', '2021-12-11 18:54:35', 1, 'Q189'),
(101, 'India', 'IND', '356', 'IN', '91', 'New Delhi', 'INR', 'Indian rupee', '₹', '.in', 'भारत', 'Asia', 'Southern Asia', '[{\"zoneName\":\"Asia/Kolkata\",\"gmtOffset\":19800,\"gmtOffsetName\":\"UTC+05:30\",\"abbreviation\":\"IST\",\"tzName\":\"Indian Standard Time\"}]', '{\"kr\":\"인도\",\"br\":\"Índia\",\"pt\":\"Índia\",\"nl\":\"India\",\"hr\":\"Indija\",\"fa\":\"هند\",\"de\":\"Indien\",\"es\":\"India\",\"fr\":\"Inde\",\"ja\":\"インド\",\"it\":\"India\",\"cn\":\"印度\"}', 20.00000000, 77.00000000, '🇮🇳', 'U+1F1EE U+1F1F3', '2018-07-21 01:41:03', '2021-12-11 18:54:41', 1, 'Q668'),
(102, 'Indonesia', 'IDN', '360', 'ID', '62', 'Jakarta', 'IDR', 'Indonesian rupiah', 'Rp', '.id', 'Indonesia', 'Asia', 'South-Eastern Asia', '[{\"zoneName\":\"Asia/Jakarta\",\"gmtOffset\":25200,\"gmtOffsetName\":\"UTC+07:00\",\"abbreviation\":\"WIB\",\"tzName\":\"Western Indonesian Time\"},{\"zoneName\":\"Asia/Jayapura\",\"gmtOffset\":32400,\"gmtOffsetName\":\"UTC+09:00\",\"abbreviation\":\"WIT\",\"tzName\":\"Eastern Indonesian Time\"},{\"zoneName\":\"Asia/Makassar\",\"gmtOffset\":28800,\"gmtOffsetName\":\"UTC+08:00\",\"abbreviation\":\"WITA\",\"tzName\":\"Central Indonesia Time\"},{\"zoneName\":\"Asia/Pontianak\",\"gmtOffset\":25200,\"gmtOffsetName\":\"UTC+07:00\",\"abbreviation\":\"WIB\",\"tzName\":\"Western Indonesian Time\"}]', '{\"kr\":\"인도네시아\",\"br\":\"Indonésia\",\"pt\":\"Indonésia\",\"nl\":\"Indonesië\",\"hr\":\"Indonezija\",\"fa\":\"اندونزی\",\"de\":\"Indonesien\",\"es\":\"Indonesia\",\"fr\":\"Indonésie\",\"ja\":\"インドネシア\",\"it\":\"Indonesia\",\"cn\":\"印度尼西亚\"}', -5.00000000, 120.00000000, '🇮🇩', 'U+1F1EE U+1F1E9', '2018-07-21 01:41:03', '2021-12-11 18:54:49', 1, 'Q252'),
(103, 'Iran', 'IRN', '364', 'IR', '98', 'Tehran', 'IRR', 'Iranian rial', '﷼', '.ir', 'ایران', 'Asia', 'Southern Asia', '[{\"zoneName\":\"Asia/Tehran\",\"gmtOffset\":12600,\"gmtOffsetName\":\"UTC+03:30\",\"abbreviation\":\"IRDT\",\"tzName\":\"Iran Daylight Time\"}]', '{\"kr\":\"이란\",\"br\":\"Irã\",\"pt\":\"Irão\",\"nl\":\"Iran\",\"hr\":\"Iran\",\"fa\":\"ایران\",\"de\":\"Iran\",\"es\":\"Iran\",\"fr\":\"Iran\",\"ja\":\"イラン・イスラム共和国\",\"cn\":\"伊朗\"}', 32.00000000, 53.00000000, '🇮🇷', 'U+1F1EE U+1F1F7', '2018-07-21 01:41:03', '2021-12-11 18:54:54', 1, 'Q794'),
(104, 'Iraq', 'IRQ', '368', 'IQ', '964', 'Baghdad', 'IQD', 'Iraqi dinar', 'د.ع', '.iq', 'العراق', 'Asia', 'Western Asia', '[{\"zoneName\":\"Asia/Baghdad\",\"gmtOffset\":10800,\"gmtOffsetName\":\"UTC+03:00\",\"abbreviation\":\"AST\",\"tzName\":\"Arabia Standard Time\"}]', '{\"kr\":\"이라크\",\"br\":\"Iraque\",\"pt\":\"Iraque\",\"nl\":\"Irak\",\"hr\":\"Irak\",\"fa\":\"عراق\",\"de\":\"Irak\",\"es\":\"Irak\",\"fr\":\"Irak\",\"ja\":\"イラク\",\"it\":\"Iraq\",\"cn\":\"伊拉克\"}', 33.00000000, 44.00000000, '🇮🇶', 'U+1F1EE U+1F1F6', '2018-07-21 01:41:03', '2021-12-11 18:55:01', 1, 'Q796'),
(105, 'Ireland', 'IRL', '372', 'IE', '353', 'Dublin', 'EUR', 'Euro', '€', '.ie', 'Éire', 'Europe', 'Northern Europe', '[{\"zoneName\":\"Europe/Dublin\",\"gmtOffset\":0,\"gmtOffsetName\":\"UTC±00\",\"abbreviation\":\"GMT\",\"tzName\":\"Greenwich Mean Time\"}]', '{\"kr\":\"아일랜드\",\"br\":\"Irlanda\",\"pt\":\"Irlanda\",\"nl\":\"Ierland\",\"hr\":\"Irska\",\"fa\":\"ایرلند\",\"de\":\"Irland\",\"es\":\"Irlanda\",\"fr\":\"Irlande\",\"ja\":\"アイルランド\",\"it\":\"Irlanda\",\"cn\":\"爱尔兰\"}', 53.00000000, -8.00000000, '🇮🇪', 'U+1F1EE U+1F1EA', '2018-07-21 01:41:03', '2021-12-11 18:55:07', 1, 'Q27'),
(106, 'Israel', 'ISR', '376', 'IL', '972', 'Jerusalem', 'ILS', 'Israeli new shekel', '₪', '.il', 'יִשְׂרָאֵל', 'Asia', 'Western Asia', '[{\"zoneName\":\"Asia/Jerusalem\",\"gmtOffset\":7200,\"gmtOffsetName\":\"UTC+02:00\",\"abbreviation\":\"IST\",\"tzName\":\"Israel Standard Time\"}]', '{\"kr\":\"이스라엘\",\"br\":\"Israel\",\"pt\":\"Israel\",\"nl\":\"Israël\",\"hr\":\"Izrael\",\"fa\":\"اسرائیل\",\"de\":\"Israel\",\"es\":\"Israel\",\"fr\":\"Israël\",\"ja\":\"イスラエル\",\"it\":\"Israele\",\"cn\":\"以色列\"}', 31.50000000, 34.75000000, '🇮🇱', 'U+1F1EE U+1F1F1', '2018-07-21 01:41:03', '2021-12-11 18:55:27', 1, 'Q801'),
(107, 'Italy', 'ITA', '380', 'IT', '39', 'Rome', 'EUR', 'Euro', '€', '.it', 'Italia', 'Europe', 'Southern Europe', '[{\"zoneName\":\"Europe/Rome\",\"gmtOffset\":3600,\"gmtOffsetName\":\"UTC+01:00\",\"abbreviation\":\"CET\",\"tzName\":\"Central European Time\"}]', '{\"kr\":\"이탈리아\",\"br\":\"Itália\",\"pt\":\"Itália\",\"nl\":\"Italië\",\"hr\":\"Italija\",\"fa\":\"ایتالیا\",\"de\":\"Italien\",\"es\":\"Italia\",\"fr\":\"Italie\",\"ja\":\"イタリア\",\"it\":\"Italia\",\"cn\":\"意大利\"}', 42.83333333, 12.83333333, '🇮🇹', 'U+1F1EE U+1F1F9', '2018-07-21 01:41:03', '2021-12-11 18:55:33', 1, 'Q38'),
(108, 'Jamaica', 'JAM', '388', 'JM', '+1-876', 'Kingston', 'JMD', 'Jamaican dollar', 'J$', '.jm', 'Jamaica', 'Americas', 'Caribbean', '[{\"zoneName\":\"America/Jamaica\",\"gmtOffset\":-18000,\"gmtOffsetName\":\"UTC-05:00\",\"abbreviation\":\"EST\",\"tzName\":\"Eastern Standard Time (North America\"}]', '{\"kr\":\"자메이카\",\"br\":\"Jamaica\",\"pt\":\"Jamaica\",\"nl\":\"Jamaica\",\"hr\":\"Jamajka\",\"fa\":\"جامائیکا\",\"de\":\"Jamaika\",\"es\":\"Jamaica\",\"fr\":\"Jamaïque\",\"ja\":\"ジャマイカ\",\"it\":\"Giamaica\",\"cn\":\"牙买加\"}', 18.25000000, -77.50000000, '🇯🇲', 'U+1F1EF U+1F1F2', '2018-07-21 01:41:03', '2021-12-11 18:55:41', 1, 'Q766'),
(109, 'Japan', 'JPN', '392', 'JP', '81', 'Tokyo', 'JPY', 'Japanese yen', '¥', '.jp', '日本', 'Asia', 'Eastern Asia', '[{\"zoneName\":\"Asia/Tokyo\",\"gmtOffset\":32400,\"gmtOffsetName\":\"UTC+09:00\",\"abbreviation\":\"JST\",\"tzName\":\"Japan Standard Time\"}]', '{\"kr\":\"일본\",\"br\":\"Japão\",\"pt\":\"Japão\",\"nl\":\"Japan\",\"hr\":\"Japan\",\"fa\":\"ژاپن\",\"de\":\"Japan\",\"es\":\"Japón\",\"fr\":\"Japon\",\"ja\":\"日本\",\"it\":\"Giappone\",\"cn\":\"日本\"}', 36.00000000, 138.00000000, '🇯🇵', 'U+1F1EF U+1F1F5', '2018-07-21 01:41:03', '2021-12-11 18:55:46', 1, 'Q17'),
(110, 'Jersey', 'JEY', '832', 'JE', '+44-1534', 'Saint Helier', 'GBP', 'British pound', '£', '.je', 'Jersey', 'Europe', 'Northern Europe', '[{\"zoneName\":\"Europe/Jersey\",\"gmtOffset\":0,\"gmtOffsetName\":\"UTC±00\",\"abbreviation\":\"GMT\",\"tzName\":\"Greenwich Mean Time\"}]', '{\"kr\":\"저지 섬\",\"br\":\"Jersey\",\"pt\":\"Jersey\",\"nl\":\"Jersey\",\"hr\":\"Jersey\",\"fa\":\"جرزی\",\"de\":\"Jersey\",\"es\":\"Jersey\",\"fr\":\"Jersey\",\"ja\":\"ジャージー\",\"it\":\"Isola di Jersey\",\"cn\":\"泽西岛\"}', 49.25000000, -2.16666666, '🇯🇪', 'U+1F1EF U+1F1EA', '2018-07-21 01:41:03', '2021-12-11 18:55:59', 1, 'Q785'),
(111, 'Jordan', 'JOR', '400', 'JO', '962', 'Amman', 'JOD', 'Jordanian dinar', 'ا.د', '.jo', 'الأردن', 'Asia', 'Western Asia', '[{\"zoneName\":\"Asia/Amman\",\"gmtOffset\":7200,\"gmtOffsetName\":\"UTC+02:00\",\"abbreviation\":\"EET\",\"tzName\":\"Eastern European Time\"}]', '{\"kr\":\"요르단\",\"br\":\"Jordânia\",\"pt\":\"Jordânia\",\"nl\":\"Jordanië\",\"hr\":\"Jordan\",\"fa\":\"اردن\",\"de\":\"Jordanien\",\"es\":\"Jordania\",\"fr\":\"Jordanie\",\"ja\":\"ヨルダン\",\"it\":\"Giordania\",\"cn\":\"约旦\"}', 31.00000000, 36.00000000, '🇯🇴', 'U+1F1EF U+1F1F4', '2018-07-21 01:41:03', '2021-12-11 18:56:07', 1, 'Q810'),
(112, 'Kazakhstan', 'KAZ', '398', 'KZ', '7', 'Astana', 'KZT', 'Kazakhstani tenge', 'лв', '.kz', 'Қазақстан', 'Asia', 'Central Asia', '[{\"zoneName\":\"Asia/Almaty\",\"gmtOffset\":21600,\"gmtOffsetName\":\"UTC+06:00\",\"abbreviation\":\"ALMT\",\"tzName\":\"Alma-Ata Time[1\"},{\"zoneName\":\"Asia/Aqtau\",\"gmtOffset\":18000,\"gmtOffsetName\":\"UTC+05:00\",\"abbreviation\":\"AQTT\",\"tzName\":\"Aqtobe Time\"},{\"zoneName\":\"Asia/Aqtobe\",\"gmtOffset\":18000,\"gmtOffsetName\":\"UTC+05:00\",\"abbreviation\":\"AQTT\",\"tzName\":\"Aqtobe Time\"},{\"zoneName\":\"Asia/Atyrau\",\"gmtOffset\":18000,\"gmtOffsetName\":\"UTC+05:00\",\"abbreviation\":\"MSD+1\",\"tzName\":\"Moscow Daylight Time+1\"},{\"zoneName\":\"Asia/Oral\",\"gmtOffset\":18000,\"gmtOffsetName\":\"UTC+05:00\",\"abbreviation\":\"ORAT\",\"tzName\":\"Oral Time\"},{\"zoneName\":\"Asia/Qostanay\",\"gmtOffset\":21600,\"gmtOffsetName\":\"UTC+06:00\",\"abbreviation\":\"QYZST\",\"tzName\":\"Qyzylorda Summer Time\"},{\"zoneName\":\"Asia/Qyzylorda\",\"gmtOffset\":18000,\"gmtOffsetName\":\"UTC+05:00\",\"abbreviation\":\"QYZT\",\"tzName\":\"Qyzylorda Summer Time\"}]', '{\"kr\":\"카자흐스탄\",\"br\":\"Cazaquistão\",\"pt\":\"Cazaquistão\",\"nl\":\"Kazachstan\",\"hr\":\"Kazahstan\",\"fa\":\"قزاقستان\",\"de\":\"Kasachstan\",\"es\":\"Kazajistán\",\"fr\":\"Kazakhstan\",\"ja\":\"カザフスタン\",\"it\":\"Kazakistan\",\"cn\":\"哈萨克斯坦\"}', 48.00000000, 68.00000000, '🇰🇿', 'U+1F1F0 U+1F1FF', '2018-07-21 01:41:03', '2021-12-11 18:56:18', 1, 'Q232'),
(113, 'Kenya', 'KEN', '404', 'KE', '254', 'Nairobi', 'KES', 'Kenyan shilling', 'KSh', '.ke', 'Kenya', 'Africa', 'Eastern Africa', '[{\"zoneName\":\"Africa/Nairobi\",\"gmtOffset\":10800,\"gmtOffsetName\":\"UTC+03:00\",\"abbreviation\":\"EAT\",\"tzName\":\"East Africa Time\"}]', '{\"kr\":\"케냐\",\"br\":\"Quênia\",\"pt\":\"Quénia\",\"nl\":\"Kenia\",\"hr\":\"Kenija\",\"fa\":\"کنیا\",\"de\":\"Kenia\",\"es\":\"Kenia\",\"fr\":\"Kenya\",\"ja\":\"ケニア\",\"it\":\"Kenya\",\"cn\":\"肯尼亚\"}', 1.00000000, 38.00000000, '🇰🇪', 'U+1F1F0 U+1F1EA', '2018-07-21 01:41:03', '2021-12-11 18:56:23', 1, 'Q114'),
(114, 'Kiribati', 'KIR', '296', 'KI', '686', 'Tarawa', 'AUD', 'Australian dollar', '$', '.ki', 'Kiribati', 'Oceania', 'Micronesia', '[{\"zoneName\":\"Pacific/Enderbury\",\"gmtOffset\":46800,\"gmtOffsetName\":\"UTC+13:00\",\"abbreviation\":\"PHOT\",\"tzName\":\"Phoenix Island Time\"},{\"zoneName\":\"Pacific/Kiritimati\",\"gmtOffset\":50400,\"gmtOffsetName\":\"UTC+14:00\",\"abbreviation\":\"LINT\",\"tzName\":\"Line Islands Time\"},{\"zoneName\":\"Pacific/Tarawa\",\"gmtOffset\":43200,\"gmtOffsetName\":\"UTC+12:00\",\"abbreviation\":\"GILT\",\"tzName\":\"Gilbert Island Time\"}]', '{\"kr\":\"키리바시\",\"br\":\"Kiribati\",\"pt\":\"Quiribáti\",\"nl\":\"Kiribati\",\"hr\":\"Kiribati\",\"fa\":\"کیریباتی\",\"de\":\"Kiribati\",\"es\":\"Kiribati\",\"fr\":\"Kiribati\",\"ja\":\"キリバス\",\"it\":\"Kiribati\",\"cn\":\"基里巴斯\"}', 1.41666666, 173.00000000, '🇰🇮', 'U+1F1F0 U+1F1EE', '2018-07-21 01:41:03', '2021-12-11 18:56:30', 1, 'Q710'),
(115, 'North Korea', 'PRK', '408', 'KP', '850', 'Pyongyang', 'KPW', 'North Korean Won', '₩', '.kp', '북한', 'Asia', 'Eastern Asia', '[{\"zoneName\":\"Asia/Pyongyang\",\"gmtOffset\":32400,\"gmtOffsetName\":\"UTC+09:00\",\"abbreviation\":\"KST\",\"tzName\":\"Korea Standard Time\"}]', '{\"kr\":\"조선민주주의인민공화국\",\"br\":\"Coreia do Norte\",\"pt\":\"Coreia do Norte\",\"nl\":\"Noord-Korea\",\"hr\":\"Sjeverna Koreja\",\"fa\":\"کره جنوبی\",\"de\":\"Nordkorea\",\"es\":\"Corea del Norte\",\"fr\":\"Corée du Nord\",\"ja\":\"朝鮮民主主義人民共和国\",\"it\":\"Corea del Nord\",\"cn\":\"朝鲜\"}', 40.00000000, 127.00000000, '🇰🇵', 'U+1F1F0 U+1F1F5', '2018-07-21 01:41:03', '2021-12-11 19:05:28', 1, 'Q423'),
(116, 'South Korea', 'KOR', '410', 'KR', '82', 'Seoul', 'KRW', 'Won', '₩', '.kr', '대한민국', 'Asia', 'Eastern Asia', '[{\"zoneName\":\"Asia/Seoul\",\"gmtOffset\":32400,\"gmtOffsetName\":\"UTC+09:00\",\"abbreviation\":\"KST\",\"tzName\":\"Korea Standard Time\"}]', '{\"kr\":\"대한민국\",\"br\":\"Coreia do Sul\",\"pt\":\"Coreia do Sul\",\"nl\":\"Zuid-Korea\",\"hr\":\"Južna Koreja\",\"fa\":\"کره شمالی\",\"de\":\"Südkorea\",\"es\":\"Corea del Sur\",\"fr\":\"Corée du Sud\",\"ja\":\"大韓民国\",\"it\":\"Corea del Sud\",\"cn\":\"韩国\"}', 37.00000000, 127.50000000, '🇰🇷', 'U+1F1F0 U+1F1F7', '2018-07-21 01:41:03', '2021-12-11 19:12:11', 1, 'Q884'),
(117, 'Kuwait', 'KWT', '414', 'KW', '965', 'Kuwait City', 'KWD', 'Kuwaiti dinar', 'ك.د', '.kw', 'الكويت', 'Asia', 'Western Asia', '[{\"zoneName\":\"Asia/Kuwait\",\"gmtOffset\":10800,\"gmtOffsetName\":\"UTC+03:00\",\"abbreviation\":\"AST\",\"tzName\":\"Arabia Standard Time\"}]', '{\"kr\":\"쿠웨이트\",\"br\":\"Kuwait\",\"pt\":\"Kuwait\",\"nl\":\"Koeweit\",\"hr\":\"Kuvajt\",\"fa\":\"کویت\",\"de\":\"Kuwait\",\"es\":\"Kuwait\",\"fr\":\"Koweït\",\"ja\":\"クウェート\",\"it\":\"Kuwait\",\"cn\":\"科威特\"}', 29.50000000, 45.75000000, '🇰🇼', 'U+1F1F0 U+1F1FC', '2018-07-21 01:41:03', '2021-12-11 18:56:44', 1, 'Q817'),
(118, 'Kyrgyzstan', 'KGZ', '417', 'KG', '996', 'Bishkek', 'KGS', 'Kyrgyzstani som', 'лв', '.kg', 'Кыргызстан', 'Asia', 'Central Asia', '[{\"zoneName\":\"Asia/Bishkek\",\"gmtOffset\":21600,\"gmtOffsetName\":\"UTC+06:00\",\"abbreviation\":\"KGT\",\"tzName\":\"Kyrgyzstan Time\"}]', '{\"kr\":\"키르기스스탄\",\"br\":\"Quirguistão\",\"pt\":\"Quirguizistão\",\"nl\":\"Kirgizië\",\"hr\":\"Kirgistan\",\"fa\":\"قرقیزستان\",\"de\":\"Kirgisistan\",\"es\":\"Kirguizistán\",\"fr\":\"Kirghizistan\",\"ja\":\"キルギス\",\"it\":\"Kirghizistan\",\"cn\":\"吉尔吉斯斯坦\"}', 41.00000000, 75.00000000, '🇰🇬', 'U+1F1F0 U+1F1EC', '2018-07-21 01:41:03', '2021-12-11 18:56:49', 1, 'Q813'),
(119, 'Laos', 'LAO', '418', 'LA', '856', 'Vientiane', 'LAK', 'Lao kip', '₭', '.la', 'ສປປລາວ', 'Asia', 'South-Eastern Asia', '[{\"zoneName\":\"Asia/Vientiane\",\"gmtOffset\":25200,\"gmtOffsetName\":\"UTC+07:00\",\"abbreviation\":\"ICT\",\"tzName\":\"Indochina Time\"}]', '{\"kr\":\"라오스\",\"br\":\"Laos\",\"pt\":\"Laos\",\"nl\":\"Laos\",\"hr\":\"Laos\",\"fa\":\"لائوس\",\"de\":\"Laos\",\"es\":\"Laos\",\"fr\":\"Laos\",\"ja\":\"ラオス人民民主共和国\",\"it\":\"Laos\",\"cn\":\"寮人民民主共和国\"}', 18.00000000, 105.00000000, '🇱🇦', 'U+1F1F1 U+1F1E6', '2018-07-21 01:41:03', '2021-12-11 18:56:58', 1, 'Q819'),
(120, 'Latvia', 'LVA', '428', 'LV', '371', 'Riga', 'EUR', 'Euro', '€', '.lv', 'Latvija', 'Europe', 'Northern Europe', '[{\"zoneName\":\"Europe/Riga\",\"gmtOffset\":7200,\"gmtOffsetName\":\"UTC+02:00\",\"abbreviation\":\"EET\",\"tzName\":\"Eastern European Time\"}]', '{\"kr\":\"라트비아\",\"br\":\"Letônia\",\"pt\":\"Letónia\",\"nl\":\"Letland\",\"hr\":\"Latvija\",\"fa\":\"لتونی\",\"de\":\"Lettland\",\"es\":\"Letonia\",\"fr\":\"Lettonie\",\"ja\":\"ラトビア\",\"it\":\"Lettonia\",\"cn\":\"拉脱维亚\"}', 57.00000000, 25.00000000, '🇱🇻', 'U+1F1F1 U+1F1FB', '2018-07-21 01:41:03', '2021-12-11 18:57:04', 1, 'Q211'),
(121, 'Lebanon', 'LBN', '422', 'LB', '961', 'Beirut', 'LBP', 'Lebanese pound', '£', '.lb', 'لبنان', 'Asia', 'Western Asia', '[{\"zoneName\":\"Asia/Beirut\",\"gmtOffset\":7200,\"gmtOffsetName\":\"UTC+02:00\",\"abbreviation\":\"EET\",\"tzName\":\"Eastern European Time\"}]', '{\"kr\":\"레바논\",\"br\":\"Líbano\",\"pt\":\"Líbano\",\"nl\":\"Libanon\",\"hr\":\"Libanon\",\"fa\":\"لبنان\",\"de\":\"Libanon\",\"es\":\"Líbano\",\"fr\":\"Liban\",\"ja\":\"レバノン\",\"it\":\"Libano\",\"cn\":\"黎巴嫩\"}', 33.83333333, 35.83333333, '🇱🇧', 'U+1F1F1 U+1F1E7', '2018-07-21 01:41:03', '2021-12-11 18:57:10', 1, 'Q822'),
(122, 'Lesotho', 'LSO', '426', 'LS', '266', 'Maseru', 'LSL', 'Lesotho loti', 'L', '.ls', 'Lesotho', 'Africa', 'Southern Africa', '[{\"zoneName\":\"Africa/Maseru\",\"gmtOffset\":7200,\"gmtOffsetName\":\"UTC+02:00\",\"abbreviation\":\"SAST\",\"tzName\":\"South African Standard Time\"}]', '{\"kr\":\"레소토\",\"br\":\"Lesoto\",\"pt\":\"Lesoto\",\"nl\":\"Lesotho\",\"hr\":\"Lesoto\",\"fa\":\"لسوتو\",\"de\":\"Lesotho\",\"es\":\"Lesotho\",\"fr\":\"Lesotho\",\"ja\":\"レソト\",\"it\":\"Lesotho\",\"cn\":\"莱索托\"}', -29.50000000, 28.50000000, '🇱🇸', 'U+1F1F1 U+1F1F8', '2018-07-21 01:41:03', '2021-12-11 18:57:27', 1, 'Q1013'),
(123, 'Liberia', 'LBR', '430', 'LR', '231', 'Monrovia', 'LRD', 'Liberian dollar', '$', '.lr', 'Liberia', 'Africa', 'Western Africa', '[{\"zoneName\":\"Africa/Monrovia\",\"gmtOffset\":0,\"gmtOffsetName\":\"UTC±00\",\"abbreviation\":\"GMT\",\"tzName\":\"Greenwich Mean Time\"}]', '{\"kr\":\"라이베리아\",\"br\":\"Libéria\",\"pt\":\"Libéria\",\"nl\":\"Liberia\",\"hr\":\"Liberija\",\"fa\":\"لیبریا\",\"de\":\"Liberia\",\"es\":\"Liberia\",\"fr\":\"Liberia\",\"ja\":\"リベリア\",\"it\":\"Liberia\",\"cn\":\"利比里亚\"}', 6.50000000, -9.50000000, '🇱🇷', 'U+1F1F1 U+1F1F7', '2018-07-21 01:41:03', '2021-12-11 18:57:33', 1, 'Q1014'),
(124, 'Libya', 'LBY', '434', 'LY', '218', 'Tripolis', 'LYD', 'Libyan dinar', 'د.ل', '.ly', '‏ليبيا', 'Africa', 'Northern Africa', '[{\"zoneName\":\"Africa/Tripoli\",\"gmtOffset\":7200,\"gmtOffsetName\":\"UTC+02:00\",\"abbreviation\":\"EET\",\"tzName\":\"Eastern European Time\"}]', '{\"kr\":\"리비아\",\"br\":\"Líbia\",\"pt\":\"Líbia\",\"nl\":\"Libië\",\"hr\":\"Libija\",\"fa\":\"لیبی\",\"de\":\"Libyen\",\"es\":\"Libia\",\"fr\":\"Libye\",\"ja\":\"リビア\",\"it\":\"Libia\",\"cn\":\"利比亚\"}', 25.00000000, 17.00000000, '🇱🇾', 'U+1F1F1 U+1F1FE', '2018-07-21 01:41:03', '2021-12-11 18:57:38', 1, 'Q1016'),
(125, 'Liechtenstein', 'LIE', '438', 'LI', '423', 'Vaduz', 'CHF', 'Swiss franc', 'CHf', '.li', 'Liechtenstein', 'Europe', 'Western Europe', '[{\"zoneName\":\"Europe/Vaduz\",\"gmtOffset\":3600,\"gmtOffsetName\":\"UTC+01:00\",\"abbreviation\":\"CET\",\"tzName\":\"Central European Time\"}]', '{\"kr\":\"리히텐슈타인\",\"br\":\"Liechtenstein\",\"pt\":\"Listenstaine\",\"nl\":\"Liechtenstein\",\"hr\":\"Lihtenštajn\",\"fa\":\"لیختن‌اشتاین\",\"de\":\"Liechtenstein\",\"es\":\"Liechtenstein\",\"fr\":\"Liechtenstein\",\"ja\":\"リヒテンシュタイン\",\"it\":\"Liechtenstein\",\"cn\":\"列支敦士登\"}', 47.26666666, 9.53333333, '🇱🇮', 'U+1F1F1 U+1F1EE', '2018-07-21 01:41:03', '2021-12-11 18:57:47', 1, 'Q347'),
(126, 'Lithuania', 'LTU', '440', 'LT', '370', 'Vilnius', 'EUR', 'Euro', '€', '.lt', 'Lietuva', 'Europe', 'Northern Europe', '[{\"zoneName\":\"Europe/Vilnius\",\"gmtOffset\":7200,\"gmtOffsetName\":\"UTC+02:00\",\"abbreviation\":\"EET\",\"tzName\":\"Eastern European Time\"}]', '{\"kr\":\"리투아니아\",\"br\":\"Lituânia\",\"pt\":\"Lituânia\",\"nl\":\"Litouwen\",\"hr\":\"Litva\",\"fa\":\"لیتوانی\",\"de\":\"Litauen\",\"es\":\"Lituania\",\"fr\":\"Lituanie\",\"ja\":\"リトアニア\",\"it\":\"Lituania\",\"cn\":\"立陶宛\"}', 56.00000000, 24.00000000, '🇱🇹', 'U+1F1F1 U+1F1F9', '2018-07-21 01:41:03', '2021-12-11 18:58:00', 1, 'Q37'),
(127, 'Luxembourg', 'LUX', '442', 'LU', '352', 'Luxembourg', 'EUR', 'Euro', '€', '.lu', 'Luxembourg', 'Europe', 'Western Europe', '[{\"zoneName\":\"Europe/Luxembourg\",\"gmtOffset\":3600,\"gmtOffsetName\":\"UTC+01:00\",\"abbreviation\":\"CET\",\"tzName\":\"Central European Time\"}]', '{\"kr\":\"룩셈부르크\",\"br\":\"Luxemburgo\",\"pt\":\"Luxemburgo\",\"nl\":\"Luxemburg\",\"hr\":\"Luksemburg\",\"fa\":\"لوکزامبورگ\",\"de\":\"Luxemburg\",\"es\":\"Luxemburgo\",\"fr\":\"Luxembourg\",\"ja\":\"ルクセンブルク\",\"it\":\"Lussemburgo\",\"cn\":\"卢森堡\"}', 49.75000000, 6.16666666, '🇱🇺', 'U+1F1F1 U+1F1FA', '2018-07-21 01:41:03', '2021-12-11 18:58:06', 1, 'Q32'),
(128, 'Macau S.A.R.', 'MAC', '446', 'MO', '853', 'Macao', 'MOP', 'Macanese pataca', '$', '.mo', '澳門', 'Asia', 'Eastern Asia', '[{\"zoneName\":\"Asia/Macau\",\"gmtOffset\":28800,\"gmtOffsetName\":\"UTC+08:00\",\"abbreviation\":\"CST\",\"tzName\":\"China Standard Time\"}]', '{\"kr\":\"마카오\",\"br\":\"Macau\",\"pt\":\"Macau\",\"nl\":\"Macao\",\"hr\":\"Makao\",\"fa\":\"مکائو\",\"de\":\"Macao\",\"es\":\"Macao\",\"fr\":\"Macao\",\"ja\":\"マカオ\",\"it\":\"Macao\",\"cn\":\"中国澳门\"}', 22.16666666, 113.55000000, '🇲🇴', 'U+1F1F2 U+1F1F4', '2018-07-21 01:41:03', '2021-12-11 18:58:15', 1, NULL),
(129, 'Macedonia', 'MKD', '807', 'MK', '389', 'Skopje', 'MKD', 'Denar', 'ден', '.mk', 'Северна Македонија', 'Europe', 'Southern Europe', '[{\"zoneName\":\"Europe/Skopje\",\"gmtOffset\":3600,\"gmtOffsetName\":\"UTC+01:00\",\"abbreviation\":\"CET\",\"tzName\":\"Central European Time\"}]', '{\"kr\":\"마케도니아\",\"br\":\"Macedônia\",\"pt\":\"Macedónia\",\"nl\":\"Macedonië\",\"hr\":\"Makedonija\",\"fa\":\"\",\"de\":\"Mazedonien\",\"es\":\"Macedonia\",\"fr\":\"Macédoine\",\"ja\":\"マケドニア旧ユーゴスラビア共和国\",\"it\":\"Macedonia\",\"cn\":\"马其顿\"}', 41.83333333, 22.00000000, '🇲🇰', 'U+1F1F2 U+1F1F0', '2018-07-21 01:41:03', '2021-12-11 18:58:42', 1, 'Q221'),
(130, 'Madagascar', 'MDG', '450', 'MG', '261', 'Antananarivo', 'MGA', 'Malagasy ariary', 'Ar', '.mg', 'Madagasikara', 'Africa', 'Eastern Africa', '[{\"zoneName\":\"Indian/Antananarivo\",\"gmtOffset\":10800,\"gmtOffsetName\":\"UTC+03:00\",\"abbreviation\":\"EAT\",\"tzName\":\"East Africa Time\"}]', '{\"kr\":\"마다가스카르\",\"br\":\"Madagascar\",\"pt\":\"Madagáscar\",\"nl\":\"Madagaskar\",\"hr\":\"Madagaskar\",\"fa\":\"ماداگاسکار\",\"de\":\"Madagaskar\",\"es\":\"Madagascar\",\"fr\":\"Madagascar\",\"ja\":\"マダガスカル\",\"it\":\"Madagascar\",\"cn\":\"马达加斯加\"}', -20.00000000, 47.00000000, '🇲🇬', 'U+1F1F2 U+1F1EC', '2018-07-21 01:41:03', '2021-12-11 18:58:52', 1, 'Q1019'),
(131, 'Malawi', 'MWI', '454', 'MW', '265', 'Lilongwe', 'MWK', 'Malawian kwacha', 'MK', '.mw', 'Malawi', 'Africa', 'Eastern Africa', '[{\"zoneName\":\"Africa/Blantyre\",\"gmtOffset\":7200,\"gmtOffsetName\":\"UTC+02:00\",\"abbreviation\":\"CAT\",\"tzName\":\"Central Africa Time\"}]', '{\"kr\":\"말라위\",\"br\":\"Malawi\",\"pt\":\"Malávi\",\"nl\":\"Malawi\",\"hr\":\"Malavi\",\"fa\":\"مالاوی\",\"de\":\"Malawi\",\"es\":\"Malawi\",\"fr\":\"Malawi\",\"ja\":\"マラウイ\",\"it\":\"Malawi\",\"cn\":\"马拉维\"}', -13.50000000, 34.00000000, '🇲🇼', 'U+1F1F2 U+1F1FC', '2018-07-21 01:41:03', '2021-12-11 18:59:01', 1, 'Q1020');
INSERT INTO `countries` (`id`, `name`, `iso3`, `numeric_code`, `iso2`, `phonecode`, `capital`, `currency`, `currency_name`, `currency_symbol`, `tld`, `native`, `region`, `subregion`, `timezones`, `translations`, `latitude`, `longitude`, `emoji`, `emojiU`, `created_at`, `updated_at`, `flag`, `wikiDataId`) VALUES
(132, 'Malaysia', 'MYS', '458', 'MY', '60', 'Kuala Lumpur', 'MYR', 'Malaysian ringgit', 'RM', '.my', 'Malaysia', 'Asia', 'South-Eastern Asia', '[{\"zoneName\":\"Asia/Kuala_Lumpur\",\"gmtOffset\":28800,\"gmtOffsetName\":\"UTC+08:00\",\"abbreviation\":\"MYT\",\"tzName\":\"Malaysia Time\"},{\"zoneName\":\"Asia/Kuching\",\"gmtOffset\":28800,\"gmtOffsetName\":\"UTC+08:00\",\"abbreviation\":\"MYT\",\"tzName\":\"Malaysia Time\"}]', '{\"kr\":\"말레이시아\",\"br\":\"Malásia\",\"pt\":\"Malásia\",\"nl\":\"Maleisië\",\"hr\":\"Malezija\",\"fa\":\"مالزی\",\"de\":\"Malaysia\",\"es\":\"Malasia\",\"fr\":\"Malaisie\",\"ja\":\"マレーシア\",\"it\":\"Malesia\",\"cn\":\"马来西亚\"}', 2.50000000, 112.50000000, '🇲🇾', 'U+1F1F2 U+1F1FE', '2018-07-21 01:41:03', '2021-12-11 18:59:08', 1, 'Q833'),
(133, 'Maldives', 'MDV', '462', 'MV', '960', 'Male', 'MVR', 'Maldivian rufiyaa', 'Rf', '.mv', 'Maldives', 'Asia', 'Southern Asia', '[{\"zoneName\":\"Indian/Maldives\",\"gmtOffset\":18000,\"gmtOffsetName\":\"UTC+05:00\",\"abbreviation\":\"MVT\",\"tzName\":\"Maldives Time\"}]', '{\"kr\":\"몰디브\",\"br\":\"Maldivas\",\"pt\":\"Maldivas\",\"nl\":\"Maldiven\",\"hr\":\"Maldivi\",\"fa\":\"مالدیو\",\"de\":\"Malediven\",\"es\":\"Maldivas\",\"fr\":\"Maldives\",\"ja\":\"モルディブ\",\"it\":\"Maldive\",\"cn\":\"马尔代夫\"}', 3.25000000, 73.00000000, '🇲🇻', 'U+1F1F2 U+1F1FB', '2018-07-21 01:41:03', '2021-12-11 18:59:15', 1, 'Q826'),
(134, 'Mali', 'MLI', '466', 'ML', '223', 'Bamako', 'XOF', 'West African CFA franc', 'CFA', '.ml', 'Mali', 'Africa', 'Western Africa', '[{\"zoneName\":\"Africa/Bamako\",\"gmtOffset\":0,\"gmtOffsetName\":\"UTC±00\",\"abbreviation\":\"GMT\",\"tzName\":\"Greenwich Mean Time\"}]', '{\"kr\":\"말리\",\"br\":\"Mali\",\"pt\":\"Mali\",\"nl\":\"Mali\",\"hr\":\"Mali\",\"fa\":\"مالی\",\"de\":\"Mali\",\"es\":\"Mali\",\"fr\":\"Mali\",\"ja\":\"マリ\",\"it\":\"Mali\",\"cn\":\"马里\"}', 17.00000000, -4.00000000, '🇲🇱', 'U+1F1F2 U+1F1F1', '2018-07-21 01:41:03', '2021-12-11 18:59:20', 1, 'Q912'),
(135, 'Malta', 'MLT', '470', 'MT', '356', 'Valletta', 'EUR', 'Euro', '€', '.mt', 'Malta', 'Europe', 'Southern Europe', '[{\"zoneName\":\"Europe/Malta\",\"gmtOffset\":3600,\"gmtOffsetName\":\"UTC+01:00\",\"abbreviation\":\"CET\",\"tzName\":\"Central European Time\"}]', '{\"kr\":\"몰타\",\"br\":\"Malta\",\"pt\":\"Malta\",\"nl\":\"Malta\",\"hr\":\"Malta\",\"fa\":\"مالت\",\"de\":\"Malta\",\"es\":\"Malta\",\"fr\":\"Malte\",\"ja\":\"マルタ\",\"it\":\"Malta\",\"cn\":\"马耳他\"}', 35.83333333, 14.58333333, '🇲🇹', 'U+1F1F2 U+1F1F9', '2018-07-21 01:41:03', '2021-12-11 18:59:26', 1, 'Q233'),
(136, 'Man (Isle of)', 'IMN', '833', 'IM', '+44-1624', 'Douglas, Isle of Man', 'GBP', 'British pound', '£', '.im', 'Isle of Man', 'Europe', 'Northern Europe', '[{\"zoneName\":\"Europe/Isle_of_Man\",\"gmtOffset\":0,\"gmtOffsetName\":\"UTC±00\",\"abbreviation\":\"GMT\",\"tzName\":\"Greenwich Mean Time\"}]', '{\"kr\":\"맨 섬\",\"br\":\"Ilha de Man\",\"pt\":\"Ilha de Man\",\"nl\":\"Isle of Man\",\"hr\":\"Otok Man\",\"fa\":\"جزیره من\",\"de\":\"Insel Man\",\"es\":\"Isla de Man\",\"fr\":\"Île de Man\",\"ja\":\"マン島\",\"it\":\"Isola di Man\",\"cn\":\"马恩岛\"}', 54.25000000, -4.50000000, '🇮🇲', 'U+1F1EE U+1F1F2', '2018-07-21 01:41:03', '2021-12-11 18:59:43', 1, NULL),
(137, 'Marshall Islands', 'MHL', '584', 'MH', '692', 'Majuro', 'USD', 'United States dollar', '$', '.mh', 'M̧ajeļ', 'Oceania', 'Micronesia', '[{\"zoneName\":\"Pacific/Kwajalein\",\"gmtOffset\":43200,\"gmtOffsetName\":\"UTC+12:00\",\"abbreviation\":\"MHT\",\"tzName\":\"Marshall Islands Time\"},{\"zoneName\":\"Pacific/Majuro\",\"gmtOffset\":43200,\"gmtOffsetName\":\"UTC+12:00\",\"abbreviation\":\"MHT\",\"tzName\":\"Marshall Islands Time\"}]', '{\"kr\":\"마셜 제도\",\"br\":\"Ilhas Marshall\",\"pt\":\"Ilhas Marshall\",\"nl\":\"Marshalleilanden\",\"hr\":\"Maršalovi Otoci\",\"fa\":\"جزایر مارشال\",\"de\":\"Marshallinseln\",\"es\":\"Islas Marshall\",\"fr\":\"Îles Marshall\",\"ja\":\"マーシャル諸島\",\"it\":\"Isole Marshall\",\"cn\":\"马绍尔群岛\"}', 9.00000000, 168.00000000, '🇲🇭', 'U+1F1F2 U+1F1ED', '2018-07-21 01:41:03', '2021-12-11 19:00:32', 1, 'Q709'),
(138, 'Martinique', 'MTQ', '474', 'MQ', '596', 'Fort-de-France', 'EUR', 'Euro', '€', '.mq', 'Martinique', 'Americas', 'Caribbean', '[{\"zoneName\":\"America/Martinique\",\"gmtOffset\":-14400,\"gmtOffsetName\":\"UTC-04:00\",\"abbreviation\":\"AST\",\"tzName\":\"Atlantic Standard Time\"}]', '{\"kr\":\"마르티니크\",\"br\":\"Martinica\",\"pt\":\"Martinica\",\"nl\":\"Martinique\",\"hr\":\"Martinique\",\"fa\":\"مونتسرات\",\"de\":\"Martinique\",\"es\":\"Martinica\",\"fr\":\"Martinique\",\"ja\":\"マルティニーク\",\"it\":\"Martinica\",\"cn\":\"马提尼克岛\"}', 14.66666700, -61.00000000, '🇲🇶', 'U+1F1F2 U+1F1F6', '2018-07-21 01:41:03', '2021-12-11 19:00:44', 1, NULL),
(139, 'Mauritania', 'MRT', '478', 'MR', '222', 'Nouakchott', 'MRO', 'Mauritanian ouguiya', 'MRU', '.mr', 'موريتانيا', 'Africa', 'Western Africa', '[{\"zoneName\":\"Africa/Nouakchott\",\"gmtOffset\":0,\"gmtOffsetName\":\"UTC±00\",\"abbreviation\":\"GMT\",\"tzName\":\"Greenwich Mean Time\"}]', '{\"kr\":\"모리타니\",\"br\":\"Mauritânia\",\"pt\":\"Mauritânia\",\"nl\":\"Mauritanië\",\"hr\":\"Mauritanija\",\"fa\":\"موریتانی\",\"de\":\"Mauretanien\",\"es\":\"Mauritania\",\"fr\":\"Mauritanie\",\"ja\":\"モーリタニア\",\"it\":\"Mauritania\",\"cn\":\"毛里塔尼亚\"}', 20.00000000, -12.00000000, '🇲🇷', 'U+1F1F2 U+1F1F7', '2018-07-21 01:41:03', '2021-12-11 19:01:03', 1, 'Q1025'),
(140, 'Mauritius', 'MUS', '480', 'MU', '230', 'Port Louis', 'MUR', 'Mauritian rupee', '₨', '.mu', 'Maurice', 'Africa', 'Eastern Africa', '[{\"zoneName\":\"Indian/Mauritius\",\"gmtOffset\":14400,\"gmtOffsetName\":\"UTC+04:00\",\"abbreviation\":\"MUT\",\"tzName\":\"Mauritius Time\"}]', '{\"kr\":\"모리셔스\",\"br\":\"Maurício\",\"pt\":\"Maurícia\",\"nl\":\"Mauritius\",\"hr\":\"Mauricijus\",\"fa\":\"موریس\",\"de\":\"Mauritius\",\"es\":\"Mauricio\",\"fr\":\"Île Maurice\",\"ja\":\"モーリシャス\",\"it\":\"Mauritius\",\"cn\":\"毛里求斯\"}', -20.28333333, 57.55000000, '🇲🇺', 'U+1F1F2 U+1F1FA', '2018-07-21 01:41:03', '2021-12-11 19:01:10', 1, 'Q1027'),
(141, 'Mayotte', 'MYT', '175', 'YT', '262', 'Mamoudzou', 'EUR', 'Euro', '€', '.yt', 'Mayotte', 'Africa', 'Eastern Africa', '[{\"zoneName\":\"Indian/Mayotte\",\"gmtOffset\":10800,\"gmtOffsetName\":\"UTC+03:00\",\"abbreviation\":\"EAT\",\"tzName\":\"East Africa Time\"}]', '{\"kr\":\"마요트\",\"br\":\"Mayotte\",\"pt\":\"Mayotte\",\"nl\":\"Mayotte\",\"hr\":\"Mayotte\",\"fa\":\"مایوت\",\"de\":\"Mayotte\",\"es\":\"Mayotte\",\"fr\":\"Mayotte\",\"ja\":\"マヨット\",\"it\":\"Mayotte\",\"cn\":\"马约特\"}', -12.83333333, 45.16666666, '🇾🇹', 'U+1F1FE U+1F1F9', '2018-07-21 01:41:03', '2021-12-11 19:01:15', 1, NULL),
(142, 'Mexico', 'MEX', '484', 'MX', '52', 'Ciudad de México', 'MXN', 'Mexican peso', '$', '.mx', 'México', 'Americas', 'Central America', '[{\"zoneName\":\"America/Bahia_Banderas\",\"gmtOffset\":-21600,\"gmtOffsetName\":\"UTC-06:00\",\"abbreviation\":\"CST\",\"tzName\":\"Central Standard Time (North America\"},{\"zoneName\":\"America/Cancun\",\"gmtOffset\":-18000,\"gmtOffsetName\":\"UTC-05:00\",\"abbreviation\":\"EST\",\"tzName\":\"Eastern Standard Time (North America\"},{\"zoneName\":\"America/Chihuahua\",\"gmtOffset\":-25200,\"gmtOffsetName\":\"UTC-07:00\",\"abbreviation\":\"MST\",\"tzName\":\"Mountain Standard Time (North America\"},{\"zoneName\":\"America/Hermosillo\",\"gmtOffset\":-25200,\"gmtOffsetName\":\"UTC-07:00\",\"abbreviation\":\"MST\",\"tzName\":\"Mountain Standard Time (North America\"},{\"zoneName\":\"America/Matamoros\",\"gmtOffset\":-21600,\"gmtOffsetName\":\"UTC-06:00\",\"abbreviation\":\"CST\",\"tzName\":\"Central Standard Time (North America\"},{\"zoneName\":\"America/Mazatlan\",\"gmtOffset\":-25200,\"gmtOffsetName\":\"UTC-07:00\",\"abbreviation\":\"MST\",\"tzName\":\"Mountain Standard Time (North America\"},{\"zoneName\":\"America/Merida\",\"gmtOffset\":-21600,\"gmtOffsetName\":\"UTC-06:00\",\"abbreviation\":\"CST\",\"tzName\":\"Central Standard Time (North America\"},{\"zoneName\":\"America/Mexico_City\",\"gmtOffset\":-21600,\"gmtOffsetName\":\"UTC-06:00\",\"abbreviation\":\"CST\",\"tzName\":\"Central Standard Time (North America\"},{\"zoneName\":\"America/Monterrey\",\"gmtOffset\":-21600,\"gmtOffsetName\":\"UTC-06:00\",\"abbreviation\":\"CST\",\"tzName\":\"Central Standard Time (North America\"},{\"zoneName\":\"America/Ojinaga\",\"gmtOffset\":-25200,\"gmtOffsetName\":\"UTC-07:00\",\"abbreviation\":\"MST\",\"tzName\":\"Mountain Standard Time (North America\"},{\"zoneName\":\"America/Tijuana\",\"gmtOffset\":-28800,\"gmtOffsetName\":\"UTC-08:00\",\"abbreviation\":\"PST\",\"tzName\":\"Pacific Standard Time (North America\"}]', '{\"kr\":\"멕시코\",\"br\":\"México\",\"pt\":\"México\",\"nl\":\"Mexico\",\"hr\":\"Meksiko\",\"fa\":\"مکزیک\",\"de\":\"Mexiko\",\"es\":\"México\",\"fr\":\"Mexique\",\"ja\":\"メキシコ\",\"it\":\"Messico\",\"cn\":\"墨西哥\"}', 23.00000000, -102.00000000, '🇲🇽', 'U+1F1F2 U+1F1FD', '2018-07-21 01:41:03', '2021-12-11 19:01:23', 1, 'Q96'),
(143, 'Micronesia', 'FSM', '583', 'FM', '691', 'Palikir', 'USD', 'United States dollar', '$', '.fm', 'Micronesia', 'Oceania', 'Micronesia', '[{\"zoneName\":\"Pacific/Chuuk\",\"gmtOffset\":36000,\"gmtOffsetName\":\"UTC+10:00\",\"abbreviation\":\"CHUT\",\"tzName\":\"Chuuk Time\"},{\"zoneName\":\"Pacific/Kosrae\",\"gmtOffset\":39600,\"gmtOffsetName\":\"UTC+11:00\",\"abbreviation\":\"KOST\",\"tzName\":\"Kosrae Time\"},{\"zoneName\":\"Pacific/Pohnpei\",\"gmtOffset\":39600,\"gmtOffsetName\":\"UTC+11:00\",\"abbreviation\":\"PONT\",\"tzName\":\"Pohnpei Standard Time\"}]', '{\"kr\":\"미크로네시아 연방\",\"br\":\"Micronésia\",\"pt\":\"Micronésia\",\"nl\":\"Micronesië\",\"hr\":\"Mikronezija\",\"fa\":\"ایالات فدرال میکرونزی\",\"de\":\"Mikronesien\",\"es\":\"Micronesia\",\"fr\":\"Micronésie\",\"ja\":\"ミクロネシア連邦\",\"it\":\"Micronesia\",\"cn\":\"密克罗尼西亚\"}', 6.91666666, 158.25000000, '🇫🇲', 'U+1F1EB U+1F1F2', '2018-07-21 01:41:03', '2021-12-11 19:01:30', 1, 'Q702'),
(144, 'Moldova', 'MDA', '498', 'MD', '373', 'Chisinau', 'MDL', 'Moldovan leu', 'L', '.md', 'Moldova', 'Europe', 'Eastern Europe', '[{\"zoneName\":\"Europe/Chisinau\",\"gmtOffset\":7200,\"gmtOffsetName\":\"UTC+02:00\",\"abbreviation\":\"EET\",\"tzName\":\"Eastern European Time\"}]', '{\"kr\":\"몰도바\",\"br\":\"Moldávia\",\"pt\":\"Moldávia\",\"nl\":\"Moldavië\",\"hr\":\"Moldova\",\"fa\":\"مولداوی\",\"de\":\"Moldawie\",\"es\":\"Moldavia\",\"fr\":\"Moldavie\",\"ja\":\"モルドバ共和国\",\"it\":\"Moldavia\",\"cn\":\"摩尔多瓦\"}', 47.00000000, 29.00000000, '🇲🇩', 'U+1F1F2 U+1F1E9', '2018-07-21 01:41:03', '2021-12-11 19:01:39', 1, 'Q217'),
(145, 'Monaco', 'MCO', '492', 'MC', '377', 'Monaco', 'EUR', 'Euro', '€', '.mc', 'Monaco', 'Europe', 'Western Europe', '[{\"zoneName\":\"Europe/Monaco\",\"gmtOffset\":3600,\"gmtOffsetName\":\"UTC+01:00\",\"abbreviation\":\"CET\",\"tzName\":\"Central European Time\"}]', '{\"kr\":\"모나코\",\"br\":\"Mônaco\",\"pt\":\"Mónaco\",\"nl\":\"Monaco\",\"hr\":\"Monako\",\"fa\":\"موناکو\",\"de\":\"Monaco\",\"es\":\"Mónaco\",\"fr\":\"Monaco\",\"ja\":\"モナコ\",\"it\":\"Principato di Monaco\",\"cn\":\"摩纳哥\"}', 43.73333333, 7.40000000, '🇲🇨', 'U+1F1F2 U+1F1E8', '2018-07-21 01:41:03', '2021-12-11 19:01:44', 1, 'Q235'),
(146, 'Mongolia', 'MNG', '496', 'MN', '976', 'Ulan Bator', 'MNT', 'Mongolian tögrög', '₮', '.mn', 'Монгол улс', 'Asia', 'Eastern Asia', '[{\"zoneName\":\"Asia/Choibalsan\",\"gmtOffset\":28800,\"gmtOffsetName\":\"UTC+08:00\",\"abbreviation\":\"CHOT\",\"tzName\":\"Choibalsan Standard Time\"},{\"zoneName\":\"Asia/Hovd\",\"gmtOffset\":25200,\"gmtOffsetName\":\"UTC+07:00\",\"abbreviation\":\"HOVT\",\"tzName\":\"Hovd Time\"},{\"zoneName\":\"Asia/Ulaanbaatar\",\"gmtOffset\":28800,\"gmtOffsetName\":\"UTC+08:00\",\"abbreviation\":\"ULAT\",\"tzName\":\"Ulaanbaatar Standard Time\"}]', '{\"kr\":\"몽골\",\"br\":\"Mongólia\",\"pt\":\"Mongólia\",\"nl\":\"Mongolië\",\"hr\":\"Mongolija\",\"fa\":\"مغولستان\",\"de\":\"Mongolei\",\"es\":\"Mongolia\",\"fr\":\"Mongolie\",\"ja\":\"モンゴル\",\"it\":\"Mongolia\",\"cn\":\"蒙古\"}', 46.00000000, 105.00000000, '🇲🇳', 'U+1F1F2 U+1F1F3', '2018-07-21 01:41:03', '2021-12-11 19:02:45', 1, 'Q711'),
(147, 'Montenegro', 'MNE', '499', 'ME', '382', 'Podgorica', 'EUR', 'Euro', '€', '.me', 'Црна Гора', 'Europe', 'Southern Europe', '[{\"zoneName\":\"Europe/Podgorica\",\"gmtOffset\":3600,\"gmtOffsetName\":\"UTC+01:00\",\"abbreviation\":\"CET\",\"tzName\":\"Central European Time\"}]', '{\"kr\":\"몬테네그로\",\"br\":\"Montenegro\",\"pt\":\"Montenegro\",\"nl\":\"Montenegro\",\"hr\":\"Crna Gora\",\"fa\":\"مونته‌نگرو\",\"de\":\"Montenegro\",\"es\":\"Montenegro\",\"fr\":\"Monténégro\",\"ja\":\"モンテネグロ\",\"it\":\"Montenegro\",\"cn\":\"黑山\"}', 42.50000000, 19.30000000, '🇲🇪', 'U+1F1F2 U+1F1EA', '2018-07-21 01:41:03', '2021-12-11 19:01:46', 1, 'Q236'),
(148, 'Montserrat', 'MSR', '500', 'MS', '+1-664', 'Plymouth', 'XCD', 'Eastern Caribbean dollar', '$', '.ms', 'Montserrat', 'Americas', 'Caribbean', '[{\"zoneName\":\"America/Montserrat\",\"gmtOffset\":-14400,\"gmtOffsetName\":\"UTC-04:00\",\"abbreviation\":\"AST\",\"tzName\":\"Atlantic Standard Time\"}]', '{\"kr\":\"몬트세랫\",\"br\":\"Montserrat\",\"pt\":\"Monserrate\",\"nl\":\"Montserrat\",\"hr\":\"Montserrat\",\"fa\":\"مایوت\",\"de\":\"Montserrat\",\"es\":\"Montserrat\",\"fr\":\"Montserrat\",\"ja\":\"モントセラト\",\"it\":\"Montserrat\",\"cn\":\"蒙特塞拉特\"}', 16.75000000, -62.20000000, '🇲🇸', 'U+1F1F2 U+1F1F8', '2018-07-21 01:41:03', '2021-12-11 19:02:56', 1, NULL),
(149, 'Morocco', 'MAR', '504', 'MA', '212', 'Rabat', 'MAD', 'Moroccan dirham', 'DH', '.ma', 'المغرب', 'Africa', 'Northern Africa', '[{\"zoneName\":\"Africa/Casablanca\",\"gmtOffset\":3600,\"gmtOffsetName\":\"UTC+01:00\",\"abbreviation\":\"WEST\",\"tzName\":\"Western European Summer Time\"}]', '{\"kr\":\"모로코\",\"br\":\"Marrocos\",\"pt\":\"Marrocos\",\"nl\":\"Marokko\",\"hr\":\"Maroko\",\"fa\":\"مراکش\",\"de\":\"Marokko\",\"es\":\"Marruecos\",\"fr\":\"Maroc\",\"ja\":\"モロッコ\",\"it\":\"Marocco\",\"cn\":\"摩洛哥\"}', 32.00000000, -5.00000000, '🇲🇦', 'U+1F1F2 U+1F1E6', '2018-07-21 01:41:03', '2021-12-11 19:03:08', 1, 'Q1028'),
(150, 'Mozambique', 'MOZ', '508', 'MZ', '258', 'Maputo', 'MZN', 'Mozambican metical', 'MT', '.mz', 'Moçambique', 'Africa', 'Eastern Africa', '[{\"zoneName\":\"Africa/Maputo\",\"gmtOffset\":7200,\"gmtOffsetName\":\"UTC+02:00\",\"abbreviation\":\"CAT\",\"tzName\":\"Central Africa Time\"}]', '{\"kr\":\"모잠비크\",\"br\":\"Moçambique\",\"pt\":\"Moçambique\",\"nl\":\"Mozambique\",\"hr\":\"Mozambik\",\"fa\":\"موزامبیک\",\"de\":\"Mosambik\",\"es\":\"Mozambique\",\"fr\":\"Mozambique\",\"ja\":\"モザンビーク\",\"it\":\"Mozambico\",\"cn\":\"莫桑比克\"}', -18.25000000, 35.00000000, '🇲🇿', 'U+1F1F2 U+1F1FF', '2018-07-21 01:41:03', '2021-12-11 19:03:19', 1, 'Q1029'),
(151, 'Myanmar', 'MMR', '104', 'MM', '95', 'Nay Pyi Taw', 'MMK', 'Burmese kyat', 'K', '.mm', 'မြန်မာ', 'Asia', 'South-Eastern Asia', '[{\"zoneName\":\"Asia/Yangon\",\"gmtOffset\":23400,\"gmtOffsetName\":\"UTC+06:30\",\"abbreviation\":\"MMT\",\"tzName\":\"Myanmar Standard Time\"}]', '{\"kr\":\"미얀마\",\"br\":\"Myanmar\",\"pt\":\"Myanmar\",\"nl\":\"Myanmar\",\"hr\":\"Mijanmar\",\"fa\":\"میانمار\",\"de\":\"Myanmar\",\"es\":\"Myanmar\",\"fr\":\"Myanmar\",\"ja\":\"ミャンマー\",\"it\":\"Birmania\",\"cn\":\"缅甸\"}', 22.00000000, 98.00000000, '🇲🇲', 'U+1F1F2 U+1F1F2', '2018-07-21 01:41:03', '2021-12-11 19:03:25', 1, 'Q836'),
(152, 'Namibia', 'NAM', '516', 'NA', '264', 'Windhoek', 'NAD', 'Namibian dollar', '$', '.na', 'Namibia', 'Africa', 'Southern Africa', '[{\"zoneName\":\"Africa/Windhoek\",\"gmtOffset\":7200,\"gmtOffsetName\":\"UTC+02:00\",\"abbreviation\":\"WAST\",\"tzName\":\"West Africa Summer Time\"}]', '{\"kr\":\"나미비아\",\"br\":\"Namíbia\",\"pt\":\"Namíbia\",\"nl\":\"Namibië\",\"hr\":\"Namibija\",\"fa\":\"نامیبیا\",\"de\":\"Namibia\",\"es\":\"Namibia\",\"fr\":\"Namibie\",\"ja\":\"ナミビア\",\"it\":\"Namibia\",\"cn\":\"纳米比亚\"}', -22.00000000, 17.00000000, '🇳🇦', 'U+1F1F3 U+1F1E6', '2018-07-21 01:41:03', '2021-12-11 19:03:32', 1, 'Q1030'),
(153, 'Nauru', 'NRU', '520', 'NR', '674', 'Yaren', 'AUD', 'Australian dollar', '$', '.nr', 'Nauru', 'Oceania', 'Micronesia', '[{\"zoneName\":\"Pacific/Nauru\",\"gmtOffset\":43200,\"gmtOffsetName\":\"UTC+12:00\",\"abbreviation\":\"NRT\",\"tzName\":\"Nauru Time\"}]', '{\"kr\":\"나우루\",\"br\":\"Nauru\",\"pt\":\"Nauru\",\"nl\":\"Nauru\",\"hr\":\"Nauru\",\"fa\":\"نائورو\",\"de\":\"Nauru\",\"es\":\"Nauru\",\"fr\":\"Nauru\",\"ja\":\"ナウル\",\"it\":\"Nauru\",\"cn\":\"瑙鲁\"}', -0.53333333, 166.91666666, '🇳🇷', 'U+1F1F3 U+1F1F7', '2018-07-21 01:41:03', '2021-12-11 19:03:37', 1, 'Q697'),
(154, 'Nepal', 'NPL', '524', 'NP', '977', 'Kathmandu', 'NPR', 'Nepalese rupee', '₨', '.np', 'नपल', 'Asia', 'Southern Asia', '[{\"zoneName\":\"Asia/Kathmandu\",\"gmtOffset\":20700,\"gmtOffsetName\":\"UTC+05:45\",\"abbreviation\":\"NPT\",\"tzName\":\"Nepal Time\"}]', '{\"kr\":\"네팔\",\"br\":\"Nepal\",\"pt\":\"Nepal\",\"nl\":\"Nepal\",\"hr\":\"Nepal\",\"fa\":\"نپال\",\"de\":\"Népal\",\"es\":\"Nepal\",\"fr\":\"Népal\",\"ja\":\"ネパール\",\"it\":\"Nepal\",\"cn\":\"尼泊尔\"}', 28.00000000, 84.00000000, '🇳🇵', 'U+1F1F3 U+1F1F5', '2018-07-21 01:41:03', '2021-12-11 19:03:41', 1, 'Q837'),
(155, 'Bonaire, Sint Eustatius and Saba', 'BES', '535', 'BQ', '599', 'Kralendijk', 'USD', 'United States dollar', '$', '.an', 'Caribisch Nederland', 'Americas', 'Caribbean', '[{\"zoneName\":\"America/Anguilla\",\"gmtOffset\":-14400,\"gmtOffsetName\":\"UTC-04:00\",\"abbreviation\":\"AST\",\"tzName\":\"Atlantic Standard Time\"}]', '{\"kr\":\"보네르 섬\",\"br\":\"Bonaire\",\"pt\":\"Bonaire\",\"fa\":\"بونیر\",\"de\":\"Bonaire, Sint Eustatius und Saba\",\"fr\":\"Bonaire, Saint-Eustache et Saba\",\"it\":\"Bonaire, Saint-Eustache e Saba\",\"cn\":\"博内尔岛、圣尤斯特歇斯和萨巴岛\"}', 12.15000000, -68.26666700, '🇧🇶', 'U+1F1E7 U+1F1F6', '2018-07-21 01:41:03', '2021-12-11 18:28:02', 1, 'Q27561'),
(156, 'Netherlands', 'NLD', '528', 'NL', '31', 'Amsterdam', 'EUR', 'Euro', '€', '.nl', 'Nederland', 'Europe', 'Western Europe', '[{\"zoneName\":\"Europe/Amsterdam\",\"gmtOffset\":3600,\"gmtOffsetName\":\"UTC+01:00\",\"abbreviation\":\"CET\",\"tzName\":\"Central European Time\"}]', '{\"kr\":\"네덜란드 \",\"br\":\"Holanda\",\"pt\":\"Países Baixos\",\"nl\":\"Nederland\",\"hr\":\"Nizozemska\",\"fa\":\"پادشاهی هلند\",\"de\":\"Niederlande\",\"es\":\"Países Bajos\",\"fr\":\"Pays-Bas\",\"ja\":\"オランダ\",\"it\":\"Paesi Bassi\",\"cn\":\"荷兰\"}', 52.50000000, 5.75000000, '🇳🇱', 'U+1F1F3 U+1F1F1', '2018-07-21 01:41:03', '2021-12-11 19:01:52', 1, 'Q55'),
(157, 'New Caledonia', 'NCL', '540', 'NC', '687', 'Noumea', 'XPF', 'CFP franc', '₣', '.nc', 'Nouvelle-Calédonie', 'Oceania', 'Melanesia', '[{\"zoneName\":\"Pacific/Noumea\",\"gmtOffset\":39600,\"gmtOffsetName\":\"UTC+11:00\",\"abbreviation\":\"NCT\",\"tzName\":\"New Caledonia Time\"}]', '{\"kr\":\"누벨칼레도니\",\"br\":\"Nova Caledônia\",\"pt\":\"Nova Caledónia\",\"nl\":\"Nieuw-Caledonië\",\"hr\":\"Nova Kaledonija\",\"fa\":\"کالدونیای جدید\",\"de\":\"Neukaledonien\",\"es\":\"Nueva Caledonia\",\"fr\":\"Nouvelle-Calédonie\",\"ja\":\"ニューカレドニア\",\"it\":\"Nuova Caledonia\",\"cn\":\"新喀里多尼亚\"}', -21.50000000, 165.50000000, '🇳🇨', 'U+1F1F3 U+1F1E8', '2018-07-21 01:41:03', '2021-12-11 19:04:11', 1, NULL),
(158, 'New Zealand', 'NZL', '554', 'NZ', '64', 'Wellington', 'NZD', 'New Zealand dollar', '$', '.nz', 'New Zealand', 'Oceania', 'Australia and New Zealand', '[{\"zoneName\":\"Pacific/Auckland\",\"gmtOffset\":46800,\"gmtOffsetName\":\"UTC+13:00\",\"abbreviation\":\"NZDT\",\"tzName\":\"New Zealand Daylight Time\"},{\"zoneName\":\"Pacific/Chatham\",\"gmtOffset\":49500,\"gmtOffsetName\":\"UTC+13:45\",\"abbreviation\":\"CHAST\",\"tzName\":\"Chatham Standard Time\"}]', '{\"kr\":\"뉴질랜드\",\"br\":\"Nova Zelândia\",\"pt\":\"Nova Zelândia\",\"nl\":\"Nieuw-Zeeland\",\"hr\":\"Novi Zeland\",\"fa\":\"نیوزیلند\",\"de\":\"Neuseeland\",\"es\":\"Nueva Zelanda\",\"fr\":\"Nouvelle-Zélande\",\"ja\":\"ニュージーランド\",\"it\":\"Nuova Zelanda\",\"cn\":\"新西兰\"}', -41.00000000, 174.00000000, '🇳🇿', 'U+1F1F3 U+1F1FF', '2018-07-21 01:41:03', '2021-12-11 19:04:18', 1, 'Q664'),
(159, 'Nicaragua', 'NIC', '558', 'NI', '505', 'Managua', 'NIO', 'Nicaraguan córdoba', 'C$', '.ni', 'Nicaragua', 'Americas', 'Central America', '[{\"zoneName\":\"America/Managua\",\"gmtOffset\":-21600,\"gmtOffsetName\":\"UTC-06:00\",\"abbreviation\":\"CST\",\"tzName\":\"Central Standard Time (North America\"}]', '{\"kr\":\"니카라과\",\"br\":\"Nicarágua\",\"pt\":\"Nicarágua\",\"nl\":\"Nicaragua\",\"hr\":\"Nikaragva\",\"fa\":\"نیکاراگوئه\",\"de\":\"Nicaragua\",\"es\":\"Nicaragua\",\"fr\":\"Nicaragua\",\"ja\":\"ニカラグア\",\"it\":\"Nicaragua\",\"cn\":\"尼加拉瓜\"}', 13.00000000, -85.00000000, '🇳🇮', 'U+1F1F3 U+1F1EE', '2018-07-21 01:41:03', '2021-12-11 19:04:25', 1, 'Q811'),
(160, 'Niger', 'NER', '562', 'NE', '227', 'Niamey', 'XOF', 'West African CFA franc', 'CFA', '.ne', 'Niger', 'Africa', 'Western Africa', '[{\"zoneName\":\"Africa/Niamey\",\"gmtOffset\":3600,\"gmtOffsetName\":\"UTC+01:00\",\"abbreviation\":\"WAT\",\"tzName\":\"West Africa Time\"}]', '{\"kr\":\"니제르\",\"br\":\"Níger\",\"pt\":\"Níger\",\"nl\":\"Niger\",\"hr\":\"Niger\",\"fa\":\"نیجر\",\"de\":\"Niger\",\"es\":\"Níger\",\"fr\":\"Niger\",\"ja\":\"ニジェール\",\"it\":\"Niger\",\"cn\":\"尼日尔\"}', 16.00000000, 8.00000000, '🇳🇪', 'U+1F1F3 U+1F1EA', '2018-07-21 01:41:03', '2021-12-11 19:04:32', 1, 'Q1032'),
(161, 'Nigeria', 'NGA', '566', 'NG', '234', 'Abuja', 'NGN', 'Nigerian naira', '₦', '.ng', 'Nigeria', 'Africa', 'Western Africa', '[{\"zoneName\":\"Africa/Lagos\",\"gmtOffset\":3600,\"gmtOffsetName\":\"UTC+01:00\",\"abbreviation\":\"WAT\",\"tzName\":\"West Africa Time\"}]', '{\"kr\":\"나이지리아\",\"br\":\"Nigéria\",\"pt\":\"Nigéria\",\"nl\":\"Nigeria\",\"hr\":\"Nigerija\",\"fa\":\"نیجریه\",\"de\":\"Nigeria\",\"es\":\"Nigeria\",\"fr\":\"Nigéria\",\"ja\":\"ナイジェリア\",\"it\":\"Nigeria\",\"cn\":\"尼日利亚\"}', 10.00000000, 8.00000000, '🇳🇬', 'U+1F1F3 U+1F1EC', '2018-07-21 01:41:03', '2021-12-11 19:04:37', 1, 'Q1033'),
(162, 'Niue', 'NIU', '570', 'NU', '683', 'Alofi', 'NZD', 'New Zealand dollar', '$', '.nu', 'Niuē', 'Oceania', 'Polynesia', '[{\"zoneName\":\"Pacific/Niue\",\"gmtOffset\":-39600,\"gmtOffsetName\":\"UTC-11:00\",\"abbreviation\":\"NUT\",\"tzName\":\"Niue Time\"}]', '{\"kr\":\"니우에\",\"br\":\"Niue\",\"pt\":\"Niue\",\"nl\":\"Niue\",\"hr\":\"Niue\",\"fa\":\"نیووی\",\"de\":\"Niue\",\"es\":\"Niue\",\"fr\":\"Niue\",\"ja\":\"ニウエ\",\"it\":\"Niue\",\"cn\":\"纽埃\"}', -19.03333333, -169.86666666, '🇳🇺', 'U+1F1F3 U+1F1FA', '2018-07-21 01:41:03', '2021-12-11 19:04:42', 1, 'Q34020'),
(163, 'Norfolk Island', 'NFK', '574', 'NF', '672', 'Kingston', 'AUD', 'Australian dollar', '$', '.nf', 'Norfolk Island', 'Oceania', 'Australia and New Zealand', '[{\"zoneName\":\"Pacific/Norfolk\",\"gmtOffset\":43200,\"gmtOffsetName\":\"UTC+12:00\",\"abbreviation\":\"NFT\",\"tzName\":\"Norfolk Time\"}]', '{\"kr\":\"노퍽 섬\",\"br\":\"Ilha Norfolk\",\"pt\":\"Ilha Norfolk\",\"nl\":\"Norfolkeiland\",\"hr\":\"Otok Norfolk\",\"fa\":\"جزیره نورفک\",\"de\":\"Norfolkinsel\",\"es\":\"Isla de Norfolk\",\"fr\":\"Île de Norfolk\",\"ja\":\"ノーフォーク島\",\"it\":\"Isola Norfolk\",\"cn\":\"诺福克岛\"}', -29.03333333, 167.95000000, '🇳🇫', 'U+1F1F3 U+1F1EB', '2018-07-21 01:41:03', '2021-12-11 19:05:39', 1, NULL),
(164, 'Northern Mariana Islands', 'MNP', '580', 'MP', '+1-670', 'Saipan', 'USD', 'United States dollar', '$', '.mp', 'Northern Mariana Islands', 'Oceania', 'Micronesia', '[{\"zoneName\":\"Pacific/Saipan\",\"gmtOffset\":36000,\"gmtOffsetName\":\"UTC+10:00\",\"abbreviation\":\"ChST\",\"tzName\":\"Chamorro Standard Time\"}]', '{\"kr\":\"북마리아나 제도\",\"br\":\"Ilhas Marianas\",\"pt\":\"Ilhas Marianas\",\"nl\":\"Noordelijke Marianeneilanden\",\"hr\":\"Sjevernomarijanski otoci\",\"fa\":\"جزایر ماریانای شمالی\",\"de\":\"Nördliche Marianen\",\"es\":\"Islas Marianas del Norte\",\"fr\":\"Îles Mariannes du Nord\",\"ja\":\"北マリアナ諸島\",\"it\":\"Isole Marianne Settentrionali\",\"cn\":\"北马里亚纳群岛\"}', 15.20000000, 145.75000000, '🇲🇵', 'U+1F1F2 U+1F1F5', '2018-07-21 01:41:03', '2021-12-11 19:05:55', 1, NULL),
(165, 'Norway', 'NOR', '578', 'NO', '47', 'Oslo', 'NOK', 'Norwegian krone', 'kr', '.no', 'Norge', 'Europe', 'Northern Europe', '[{\"zoneName\":\"Europe/Oslo\",\"gmtOffset\":3600,\"gmtOffsetName\":\"UTC+01:00\",\"abbreviation\":\"CET\",\"tzName\":\"Central European Time\"}]', '{\"kr\":\"노르웨이\",\"br\":\"Noruega\",\"pt\":\"Noruega\",\"nl\":\"Noorwegen\",\"hr\":\"Norveška\",\"fa\":\"نروژ\",\"de\":\"Norwegen\",\"es\":\"Noruega\",\"fr\":\"Norvège\",\"ja\":\"ノルウェー\",\"it\":\"Norvegia\",\"cn\":\"挪威\"}', 62.00000000, 10.00000000, '🇳🇴', 'U+1F1F3 U+1F1F4', '2018-07-21 01:41:03', '2021-12-11 19:07:57', 1, 'Q20'),
(166, 'Oman', 'OMN', '512', 'OM', '968', 'Muscat', 'OMR', 'Omani rial', '.ع.ر', '.om', 'عمان', 'Asia', 'Western Asia', '[{\"zoneName\":\"Asia/Muscat\",\"gmtOffset\":14400,\"gmtOffsetName\":\"UTC+04:00\",\"abbreviation\":\"GST\",\"tzName\":\"Gulf Standard Time\"}]', '{\"kr\":\"오만\",\"br\":\"Omã\",\"pt\":\"Omã\",\"nl\":\"Oman\",\"hr\":\"Oman\",\"fa\":\"عمان\",\"de\":\"Oman\",\"es\":\"Omán\",\"fr\":\"Oman\",\"ja\":\"オマーン\",\"it\":\"oman\",\"cn\":\"阿曼\"}', 21.00000000, 57.00000000, '🇴🇲', 'U+1F1F4 U+1F1F2', '2018-07-21 01:41:03', '2021-12-11 19:08:03', 1, 'Q842'),
(167, 'Pakistan', 'PAK', '586', 'PK', '92', 'Islamabad', 'PKR', 'Pakistani rupee', '₨', '.pk', 'Pakistan', 'Asia', 'Southern Asia', '[{\"zoneName\":\"Asia/Karachi\",\"gmtOffset\":18000,\"gmtOffsetName\":\"UTC+05:00\",\"abbreviation\":\"PKT\",\"tzName\":\"Pakistan Standard Time\"}]', '{\"kr\":\"파키스탄\",\"br\":\"Paquistão\",\"pt\":\"Paquistão\",\"nl\":\"Pakistan\",\"hr\":\"Pakistan\",\"fa\":\"پاکستان\",\"de\":\"Pakistan\",\"es\":\"Pakistán\",\"fr\":\"Pakistan\",\"ja\":\"パキスタン\",\"it\":\"Pakistan\",\"cn\":\"巴基斯坦\"}', 30.00000000, 70.00000000, '🇵🇰', 'U+1F1F5 U+1F1F0', '2018-07-21 01:41:03', '2021-12-11 19:08:09', 1, 'Q843'),
(168, 'Palau', 'PLW', '585', 'PW', '680', 'Melekeok', 'USD', 'United States dollar', '$', '.pw', 'Palau', 'Oceania', 'Micronesia', '[{\"zoneName\":\"Pacific/Palau\",\"gmtOffset\":32400,\"gmtOffsetName\":\"UTC+09:00\",\"abbreviation\":\"PWT\",\"tzName\":\"Palau Time\"}]', '{\"kr\":\"팔라우\",\"br\":\"Palau\",\"pt\":\"Palau\",\"nl\":\"Palau\",\"hr\":\"Palau\",\"fa\":\"پالائو\",\"de\":\"Palau\",\"es\":\"Palau\",\"fr\":\"Palaos\",\"ja\":\"パラオ\",\"it\":\"Palau\",\"cn\":\"帕劳\"}', 7.50000000, 134.50000000, '🇵🇼', 'U+1F1F5 U+1F1FC', '2018-07-21 01:41:03', '2021-12-11 19:05:58', 1, 'Q695'),
(169, 'Palestinian Territory Occupied', 'PSE', '275', 'PS', '970', 'East Jerusalem', 'ILS', 'Israeli new shekel', '₪', '.ps', 'فلسطين', 'Asia', 'Western Asia', '[{\"zoneName\":\"Asia/Gaza\",\"gmtOffset\":7200,\"gmtOffsetName\":\"UTC+02:00\",\"abbreviation\":\"EET\",\"tzName\":\"Eastern European Time\"},{\"zoneName\":\"Asia/Hebron\",\"gmtOffset\":7200,\"gmtOffsetName\":\"UTC+02:00\",\"abbreviation\":\"EET\",\"tzName\":\"Eastern European Time\"}]', '{\"kr\":\"팔레스타인 영토\",\"br\":\"Palestina\",\"pt\":\"Palestina\",\"nl\":\"Palestijnse gebieden\",\"hr\":\"Palestina\",\"fa\":\"فلسطین\",\"de\":\"Palästina\",\"es\":\"Palestina\",\"fr\":\"Palestine\",\"ja\":\"パレスチナ\",\"it\":\"Palestina\",\"cn\":\"巴勒斯坦\"}', 31.90000000, 35.20000000, '🇵🇸', 'U+1F1F5 U+1F1F8', '2018-07-21 01:41:03', '2021-12-11 19:08:16', 1, NULL),
(170, 'Panama', 'PAN', '591', 'PA', '507', 'Panama City', 'PAB', 'Panamanian balboa', 'B/.', '.pa', 'Panamá', 'Americas', 'Central America', '[{\"zoneName\":\"America/Panama\",\"gmtOffset\":-18000,\"gmtOffsetName\":\"UTC-05:00\",\"abbreviation\":\"EST\",\"tzName\":\"Eastern Standard Time (North America\"}]', '{\"kr\":\"파나마\",\"br\":\"Panamá\",\"pt\":\"Panamá\",\"nl\":\"Panama\",\"hr\":\"Panama\",\"fa\":\"پاناما\",\"de\":\"Panama\",\"es\":\"Panamá\",\"fr\":\"Panama\",\"ja\":\"パナマ\",\"it\":\"Panama\",\"cn\":\"巴拿马\"}', 9.00000000, -80.00000000, '🇵🇦', 'U+1F1F5 U+1F1E6', '2018-07-21 01:41:03', '2021-12-11 19:08:22', 1, 'Q804'),
(171, 'Papua new Guinea', 'PNG', '598', 'PG', '675', 'Port Moresby', 'PGK', 'Papua New Guinean kina', 'K', '.pg', 'Papua Niugini', 'Oceania', 'Melanesia', '[{\"zoneName\":\"Pacific/Bougainville\",\"gmtOffset\":39600,\"gmtOffsetName\":\"UTC+11:00\",\"abbreviation\":\"BST\",\"tzName\":\"Bougainville Standard Time[6\"},{\"zoneName\":\"Pacific/Port_Moresby\",\"gmtOffset\":36000,\"gmtOffsetName\":\"UTC+10:00\",\"abbreviation\":\"PGT\",\"tzName\":\"Papua New Guinea Time\"}]', '{\"kr\":\"파푸아뉴기니\",\"br\":\"Papua Nova Guiné\",\"pt\":\"Papua Nova Guiné\",\"nl\":\"Papoea-Nieuw-Guinea\",\"hr\":\"Papua Nova Gvineja\",\"fa\":\"پاپوآ گینه نو\",\"de\":\"Papua-Neuguinea\",\"es\":\"Papúa Nueva Guinea\",\"fr\":\"Papouasie-Nouvelle-Guinée\",\"ja\":\"パプアニューギニア\",\"it\":\"Papua Nuova Guinea\",\"cn\":\"巴布亚新几内亚\"}', -6.00000000, 147.00000000, '🇵🇬', 'U+1F1F5 U+1F1EC', '2018-07-21 01:41:03', '2021-12-11 19:08:31', 1, 'Q691'),
(172, 'Paraguay', 'PRY', '600', 'PY', '595', 'Asuncion', 'PYG', 'Paraguayan guarani', '₲', '.py', 'Paraguay', 'Americas', 'South America', '[{\"zoneName\":\"America/Asuncion\",\"gmtOffset\":-10800,\"gmtOffsetName\":\"UTC-03:00\",\"abbreviation\":\"PYST\",\"tzName\":\"Paraguay Summer Time\"}]', '{\"kr\":\"파라과이\",\"br\":\"Paraguai\",\"pt\":\"Paraguai\",\"nl\":\"Paraguay\",\"hr\":\"Paragvaj\",\"fa\":\"پاراگوئه\",\"de\":\"Paraguay\",\"es\":\"Paraguay\",\"fr\":\"Paraguay\",\"ja\":\"パラグアイ\",\"it\":\"Paraguay\",\"cn\":\"巴拉圭\"}', -23.00000000, -58.00000000, '🇵🇾', 'U+1F1F5 U+1F1FE', '2018-07-21 01:41:03', '2021-12-11 19:08:49', 1, 'Q733'),
(173, 'Peru', 'PER', '604', 'PE', '51', 'Lima', 'PEN', 'Peruvian sol', 'S/.', '.pe', 'Perú', 'Americas', 'South America', '[{\"zoneName\":\"America/Lima\",\"gmtOffset\":-18000,\"gmtOffsetName\":\"UTC-05:00\",\"abbreviation\":\"PET\",\"tzName\":\"Peru Time\"}]', '{\"kr\":\"페루\",\"br\":\"Peru\",\"pt\":\"Peru\",\"nl\":\"Peru\",\"hr\":\"Peru\",\"fa\":\"پرو\",\"de\":\"Peru\",\"es\":\"Perú\",\"fr\":\"Pérou\",\"ja\":\"ペルー\",\"it\":\"Perù\",\"cn\":\"秘鲁\"}', -10.00000000, -76.00000000, '🇵🇪', 'U+1F1F5 U+1F1EA', '2018-07-21 01:41:03', '2021-12-11 19:08:59', 1, 'Q419'),
(174, 'Philippines', 'PHL', '608', 'PH', '63', 'Manila', 'PHP', 'Philippine peso', '₱', '.ph', 'Pilipinas', 'Asia', 'South-Eastern Asia', '[{\"zoneName\":\"Asia/Manila\",\"gmtOffset\":28800,\"gmtOffsetName\":\"UTC+08:00\",\"abbreviation\":\"PHT\",\"tzName\":\"Philippine Time\"}]', '{\"kr\":\"필리핀\",\"br\":\"Filipinas\",\"pt\":\"Filipinas\",\"nl\":\"Filipijnen\",\"hr\":\"Filipini\",\"fa\":\"جزایر الندفیلیپین\",\"de\":\"Philippinen\",\"es\":\"Filipinas\",\"fr\":\"Philippines\",\"ja\":\"フィリピン\",\"it\":\"Filippine\",\"cn\":\"菲律宾\"}', 13.00000000, 122.00000000, '🇵🇭', 'U+1F1F5 U+1F1ED', '2018-07-21 01:41:03', '2021-12-11 19:09:03', 1, 'Q928'),
(175, 'Pitcairn Island', 'PCN', '612', 'PN', '870', 'Adamstown', 'NZD', 'New Zealand dollar', '$', '.pn', 'Pitcairn Islands', 'Oceania', 'Polynesia', '[{\"zoneName\":\"Pacific/Pitcairn\",\"gmtOffset\":-28800,\"gmtOffsetName\":\"UTC-08:00\",\"abbreviation\":\"PST\",\"tzName\":\"Pacific Standard Time (North America\"}]', '{\"kr\":\"핏케언 제도\",\"br\":\"Ilhas Pitcairn\",\"pt\":\"Ilhas Picárnia\",\"nl\":\"Pitcairneilanden\",\"hr\":\"Pitcairnovo otočje\",\"fa\":\"پیتکرن\",\"de\":\"Pitcairn\",\"es\":\"Islas Pitcairn\",\"fr\":\"Îles Pitcairn\",\"ja\":\"ピトケアン\",\"it\":\"Isole Pitcairn\",\"cn\":\"皮特凯恩群岛\"}', -25.06666666, -130.10000000, '🇵🇳', 'U+1F1F5 U+1F1F3', '2018-07-21 01:41:03', '2021-12-11 19:09:08', 1, NULL),
(176, 'Poland', 'POL', '616', 'PL', '48', 'Warsaw', 'PLN', 'Polish złoty', 'zł', '.pl', 'Polska', 'Europe', 'Eastern Europe', '[{\"zoneName\":\"Europe/Warsaw\",\"gmtOffset\":3600,\"gmtOffsetName\":\"UTC+01:00\",\"abbreviation\":\"CET\",\"tzName\":\"Central European Time\"}]', '{\"kr\":\"폴란드\",\"br\":\"Polônia\",\"pt\":\"Polónia\",\"nl\":\"Polen\",\"hr\":\"Poljska\",\"fa\":\"لهستان\",\"de\":\"Polen\",\"es\":\"Polonia\",\"fr\":\"Pologne\",\"ja\":\"ポーランド\",\"it\":\"Polonia\",\"cn\":\"波兰\"}', 52.00000000, 20.00000000, '🇵🇱', 'U+1F1F5 U+1F1F1', '2018-07-21 01:41:03', '2021-12-11 19:09:19', 1, 'Q36'),
(177, 'Portugal', 'PRT', '620', 'PT', '351', 'Lisbon', 'EUR', 'Euro', '€', '.pt', 'Portugal', 'Europe', 'Southern Europe', '[{\"zoneName\":\"Atlantic/Azores\",\"gmtOffset\":-3600,\"gmtOffsetName\":\"UTC-01:00\",\"abbreviation\":\"AZOT\",\"tzName\":\"Azores Standard Time\"},{\"zoneName\":\"Atlantic/Madeira\",\"gmtOffset\":0,\"gmtOffsetName\":\"UTC±00\",\"abbreviation\":\"WET\",\"tzName\":\"Western European Time\"},{\"zoneName\":\"Europe/Lisbon\",\"gmtOffset\":0,\"gmtOffsetName\":\"UTC±00\",\"abbreviation\":\"WET\",\"tzName\":\"Western European Time\"}]', '{\"kr\":\"포르투갈\",\"br\":\"Portugal\",\"pt\":\"Portugal\",\"nl\":\"Portugal\",\"hr\":\"Portugal\",\"fa\":\"پرتغال\",\"de\":\"Portugal\",\"es\":\"Portugal\",\"fr\":\"Portugal\",\"ja\":\"ポルトガル\",\"it\":\"Portogallo\",\"cn\":\"葡萄牙\"}', 39.50000000, -8.00000000, '🇵🇹', 'U+1F1F5 U+1F1F9', '2018-07-21 01:41:03', '2021-12-11 19:02:09', 1, 'Q45'),
(178, 'Puerto Rico', 'PRI', '630', 'PR', '+1-787 and 1-939', 'San Juan', 'USD', 'United States dollar', '$', '.pr', 'Puerto Rico', 'Americas', 'Caribbean', '[{\"zoneName\":\"America/Puerto_Rico\",\"gmtOffset\":-14400,\"gmtOffsetName\":\"UTC-04:00\",\"abbreviation\":\"AST\",\"tzName\":\"Atlantic Standard Time\"}]', '{\"kr\":\"푸에르토리코\",\"br\":\"Porto Rico\",\"pt\":\"Porto Rico\",\"nl\":\"Puerto Rico\",\"hr\":\"Portoriko\",\"fa\":\"پورتو ریکو\",\"de\":\"Puerto Rico\",\"es\":\"Puerto Rico\",\"fr\":\"Porto Rico\",\"ja\":\"プエルトリコ\",\"it\":\"Porto Rico\",\"cn\":\"波多黎各\"}', 18.25000000, -66.50000000, '🇵🇷', 'U+1F1F5 U+1F1F7', '2018-07-21 01:41:03', '2021-12-11 19:06:02', 1, NULL),
(179, 'Qatar', 'QAT', '634', 'QA', '974', 'Doha', 'QAR', 'Qatari riyal', 'ق.ر', '.qa', 'قطر', 'Asia', 'Western Asia', '[{\"zoneName\":\"Asia/Qatar\",\"gmtOffset\":10800,\"gmtOffsetName\":\"UTC+03:00\",\"abbreviation\":\"AST\",\"tzName\":\"Arabia Standard Time\"}]', '{\"kr\":\"카타르\",\"br\":\"Catar\",\"pt\":\"Catar\",\"nl\":\"Qatar\",\"hr\":\"Katar\",\"fa\":\"قطر\",\"de\":\"Katar\",\"es\":\"Catar\",\"fr\":\"Qatar\",\"ja\":\"カタール\",\"it\":\"Qatar\",\"cn\":\"卡塔尔\"}', 25.50000000, 51.25000000, '🇶🇦', 'U+1F1F6 U+1F1E6', '2018-07-21 01:41:03', '2021-12-11 19:09:24', 1, 'Q846'),
(180, 'Reunion', 'REU', '638', 'RE', '262', 'Saint-Denis', 'EUR', 'Euro', '€', '.re', 'La Réunion', 'Africa', 'Eastern Africa', '[{\"zoneName\":\"Indian/Reunion\",\"gmtOffset\":14400,\"gmtOffsetName\":\"UTC+04:00\",\"abbreviation\":\"RET\",\"tzName\":\"Réunion Time\"}]', '{\"kr\":\"레위니옹\",\"br\":\"Reunião\",\"pt\":\"Reunião\",\"nl\":\"Réunion\",\"hr\":\"Réunion\",\"fa\":\"رئونیون\",\"de\":\"Réunion\",\"es\":\"Reunión\",\"fr\":\"Réunion\",\"ja\":\"レユニオン\",\"it\":\"Riunione\",\"cn\":\"留尼汪岛\"}', -21.15000000, 55.50000000, '🇷🇪', 'U+1F1F7 U+1F1EA', '2018-07-21 01:41:03', '2021-12-11 19:01:59', 1, NULL),
(181, 'Romania', 'ROU', '642', 'RO', '40', 'Bucharest', 'RON', 'Romanian leu', 'lei', '.ro', 'România', 'Europe', 'Eastern Europe', '[{\"zoneName\":\"Europe/Bucharest\",\"gmtOffset\":7200,\"gmtOffsetName\":\"UTC+02:00\",\"abbreviation\":\"EET\",\"tzName\":\"Eastern European Time\"}]', '{\"kr\":\"루마니아\",\"br\":\"Romênia\",\"pt\":\"Roménia\",\"nl\":\"Roemenië\",\"hr\":\"Rumunjska\",\"fa\":\"رومانی\",\"de\":\"Rumänien\",\"es\":\"Rumania\",\"fr\":\"Roumanie\",\"ja\":\"ルーマニア\",\"it\":\"Romania\",\"cn\":\"罗马尼亚\"}', 46.00000000, 25.00000000, '🇷🇴', 'U+1F1F7 U+1F1F4', '2018-07-21 01:41:03', '2021-12-11 19:09:31', 1, 'Q218'),
(182, 'Russia', 'RUS', '643', 'RU', '7', 'Moscow', 'RUB', 'Russian ruble', '₽', '.ru', 'Россия', 'Europe', 'Eastern Europe', '[{\"zoneName\":\"Asia/Anadyr\",\"gmtOffset\":43200,\"gmtOffsetName\":\"UTC+12:00\",\"abbreviation\":\"ANAT\",\"tzName\":\"Anadyr Time[4\"},{\"zoneName\":\"Asia/Barnaul\",\"gmtOffset\":25200,\"gmtOffsetName\":\"UTC+07:00\",\"abbreviation\":\"KRAT\",\"tzName\":\"Krasnoyarsk Time\"},{\"zoneName\":\"Asia/Chita\",\"gmtOffset\":32400,\"gmtOffsetName\":\"UTC+09:00\",\"abbreviation\":\"YAKT\",\"tzName\":\"Yakutsk Time\"},{\"zoneName\":\"Asia/Irkutsk\",\"gmtOffset\":28800,\"gmtOffsetName\":\"UTC+08:00\",\"abbreviation\":\"IRKT\",\"tzName\":\"Irkutsk Time\"},{\"zoneName\":\"Asia/Kamchatka\",\"gmtOffset\":43200,\"gmtOffsetName\":\"UTC+12:00\",\"abbreviation\":\"PETT\",\"tzName\":\"Kamchatka Time\"},{\"zoneName\":\"Asia/Khandyga\",\"gmtOffset\":32400,\"gmtOffsetName\":\"UTC+09:00\",\"abbreviation\":\"YAKT\",\"tzName\":\"Yakutsk Time\"},{\"zoneName\":\"Asia/Krasnoyarsk\",\"gmtOffset\":25200,\"gmtOffsetName\":\"UTC+07:00\",\"abbreviation\":\"KRAT\",\"tzName\":\"Krasnoyarsk Time\"},{\"zoneName\":\"Asia/Magadan\",\"gmtOffset\":39600,\"gmtOffsetName\":\"UTC+11:00\",\"abbreviation\":\"MAGT\",\"tzName\":\"Magadan Time\"},{\"zoneName\":\"Asia/Novokuznetsk\",\"gmtOffset\":25200,\"gmtOffsetName\":\"UTC+07:00\",\"abbreviation\":\"KRAT\",\"tzName\":\"Krasnoyarsk Time\"},{\"zoneName\":\"Asia/Novosibirsk\",\"gmtOffset\":25200,\"gmtOffsetName\":\"UTC+07:00\",\"abbreviation\":\"NOVT\",\"tzName\":\"Novosibirsk Time\"},{\"zoneName\":\"Asia/Omsk\",\"gmtOffset\":21600,\"gmtOffsetName\":\"UTC+06:00\",\"abbreviation\":\"OMST\",\"tzName\":\"Omsk Time\"},{\"zoneName\":\"Asia/Sakhalin\",\"gmtOffset\":39600,\"gmtOffsetName\":\"UTC+11:00\",\"abbreviation\":\"SAKT\",\"tzName\":\"Sakhalin Island Time\"},{\"zoneName\":\"Asia/Srednekolymsk\",\"gmtOffset\":39600,\"gmtOffsetName\":\"UTC+11:00\",\"abbreviation\":\"SRET\",\"tzName\":\"Srednekolymsk Time\"},{\"zoneName\":\"Asia/Tomsk\",\"gmtOffset\":25200,\"gmtOffsetName\":\"UTC+07:00\",\"abbreviation\":\"MSD+3\",\"tzName\":\"Moscow Daylight Time+3\"},{\"zoneName\":\"Asia/Ust-Nera\",\"gmtOffset\":36000,\"gmtOffsetName\":\"UTC+10:00\",\"abbreviation\":\"VLAT\",\"tzName\":\"Vladivostok Time\"},{\"zoneName\":\"Asia/Vladivostok\",\"gmtOffset\":36000,\"gmtOffsetName\":\"UTC+10:00\",\"abbreviation\":\"VLAT\",\"tzName\":\"Vladivostok Time\"},{\"zoneName\":\"Asia/Yakutsk\",\"gmtOffset\":32400,\"gmtOffsetName\":\"UTC+09:00\",\"abbreviation\":\"YAKT\",\"tzName\":\"Yakutsk Time\"},{\"zoneName\":\"Asia/Yekaterinburg\",\"gmtOffset\":18000,\"gmtOffsetName\":\"UTC+05:00\",\"abbreviation\":\"YEKT\",\"tzName\":\"Yekaterinburg Time\"},{\"zoneName\":\"Europe/Astrakhan\",\"gmtOffset\":14400,\"gmtOffsetName\":\"UTC+04:00\",\"abbreviation\":\"SAMT\",\"tzName\":\"Samara Time\"},{\"zoneName\":\"Europe/Kaliningrad\",\"gmtOffset\":7200,\"gmtOffsetName\":\"UTC+02:00\",\"abbreviation\":\"EET\",\"tzName\":\"Eastern European Time\"},{\"zoneName\":\"Europe/Kirov\",\"gmtOffset\":10800,\"gmtOffsetName\":\"UTC+03:00\",\"abbreviation\":\"MSK\",\"tzName\":\"Moscow Time\"},{\"zoneName\":\"Europe/Moscow\",\"gmtOffset\":10800,\"gmtOffsetName\":\"UTC+03:00\",\"abbreviation\":\"MSK\",\"tzName\":\"Moscow Time\"},{\"zoneName\":\"Europe/Samara\",\"gmtOffset\":14400,\"gmtOffsetName\":\"UTC+04:00\",\"abbreviation\":\"SAMT\",\"tzName\":\"Samara Time\"},{\"zoneName\":\"Europe/Saratov\",\"gmtOffset\":14400,\"gmtOffsetName\":\"UTC+04:00\",\"abbreviation\":\"MSD\",\"tzName\":\"Moscow Daylight Time+4\"},{\"zoneName\":\"Europe/Ulyanovsk\",\"gmtOffset\":14400,\"gmtOffsetName\":\"UTC+04:00\",\"abbreviation\":\"SAMT\",\"tzName\":\"Samara Time\"},{\"zoneName\":\"Europe/Volgograd\",\"gmtOffset\":14400,\"gmtOffsetName\":\"UTC+04:00\",\"abbreviation\":\"MSK\",\"tzName\":\"Moscow Standard Time\"}]', '{\"kr\":\"러시아\",\"br\":\"Rússia\",\"pt\":\"Rússia\",\"nl\":\"Rusland\",\"hr\":\"Rusija\",\"fa\":\"روسیه\",\"de\":\"Russland\",\"es\":\"Rusia\",\"fr\":\"Russie\",\"ja\":\"ロシア連邦\",\"it\":\"Russia\",\"cn\":\"俄罗斯联邦\"}', 60.00000000, 100.00000000, '🇷🇺', 'U+1F1F7 U+1F1FA', '2018-07-21 01:41:03', '2021-12-11 19:09:37', 1, 'Q159'),
(183, 'Rwanda', 'RWA', '646', 'RW', '250', 'Kigali', 'RWF', 'Rwandan franc', 'FRw', '.rw', 'Rwanda', 'Africa', 'Eastern Africa', '[{\"zoneName\":\"Africa/Kigali\",\"gmtOffset\":7200,\"gmtOffsetName\":\"UTC+02:00\",\"abbreviation\":\"CAT\",\"tzName\":\"Central Africa Time\"}]', '{\"kr\":\"르완다\",\"br\":\"Ruanda\",\"pt\":\"Ruanda\",\"nl\":\"Rwanda\",\"hr\":\"Ruanda\",\"fa\":\"رواندا\",\"de\":\"Ruanda\",\"es\":\"Ruanda\",\"fr\":\"Rwanda\",\"ja\":\"ルワンダ\",\"it\":\"Ruanda\",\"cn\":\"卢旺达\"}', -2.00000000, 30.00000000, '🇷🇼', 'U+1F1F7 U+1F1FC', '2018-07-21 01:41:03', '2021-12-11 19:09:42', 1, 'Q1037'),
(184, 'Saint Helena', 'SHN', '654', 'SH', '290', 'Jamestown', 'SHP', 'Saint Helena pound', '£', '.sh', 'Saint Helena', 'Africa', 'Western Africa', '[{\"zoneName\":\"Atlantic/St_Helena\",\"gmtOffset\":0,\"gmtOffsetName\":\"UTC±00\",\"abbreviation\":\"GMT\",\"tzName\":\"Greenwich Mean Time\"}]', '{\"kr\":\"세인트헬레나\",\"br\":\"Santa Helena\",\"pt\":\"Santa Helena\",\"nl\":\"Sint-Helena\",\"hr\":\"Sveta Helena\",\"fa\":\"سنت هلنا، اسنشن و تریستان دا کونا\",\"de\":\"Sankt Helena\",\"es\":\"Santa Helena\",\"fr\":\"Sainte-Hélène\",\"ja\":\"セントヘレナ・アセンションおよびトリスタンダクーニャ\",\"it\":\"Sant\'Elena\",\"cn\":\"圣赫勒拿\"}', -15.95000000, -5.70000000, '🇸🇭', 'U+1F1F8 U+1F1ED', '2018-07-21 01:41:03', '2021-12-11 19:09:50', 1, NULL),
(185, 'Saint Kitts And Nevis', 'KNA', '659', 'KN', '+1-869', 'Basseterre', 'XCD', 'Eastern Caribbean dollar', '$', '.kn', 'Saint Kitts and Nevis', 'Americas', 'Caribbean', '[{\"zoneName\":\"America/St_Kitts\",\"gmtOffset\":-14400,\"gmtOffsetName\":\"UTC-04:00\",\"abbreviation\":\"AST\",\"tzName\":\"Atlantic Standard Time\"}]', '{\"kr\":\"세인트키츠 네비스\",\"br\":\"São Cristóvão e Neves\",\"pt\":\"São Cristóvão e Neves\",\"nl\":\"Saint Kitts en Nevis\",\"hr\":\"Sveti Kristof i Nevis\",\"fa\":\"سنت کیتس و نویس\",\"de\":\"St. Kitts und Nevis\",\"es\":\"San Cristóbal y Nieves\",\"fr\":\"Saint-Christophe-et-Niévès\",\"ja\":\"セントクリストファー・ネイビス\",\"it\":\"Saint Kitts e Nevis\",\"cn\":\"圣基茨和尼维斯\"}', 17.33333333, -62.75000000, '🇰🇳', 'U+1F1F0 U+1F1F3', '2018-07-21 01:41:03', '2021-12-11 19:09:56', 1, 'Q763'),
(186, 'Saint Lucia', 'LCA', '662', 'LC', '+1-758', 'Castries', 'XCD', 'Eastern Caribbean dollar', '$', '.lc', 'Saint Lucia', 'Americas', 'Caribbean', '[{\"zoneName\":\"America/St_Lucia\",\"gmtOffset\":-14400,\"gmtOffsetName\":\"UTC-04:00\",\"abbreviation\":\"AST\",\"tzName\":\"Atlantic Standard Time\"}]', '{\"kr\":\"세인트루시아\",\"br\":\"Santa Lúcia\",\"pt\":\"Santa Lúcia\",\"nl\":\"Saint Lucia\",\"hr\":\"Sveta Lucija\",\"fa\":\"سنت لوسیا\",\"de\":\"Saint Lucia\",\"es\":\"Santa Lucía\",\"fr\":\"Saint-Lucie\",\"ja\":\"セントルシア\",\"it\":\"Santa Lucia\",\"cn\":\"圣卢西亚\"}', 13.88333333, -60.96666666, '🇱🇨', 'U+1F1F1 U+1F1E8', '2018-07-21 01:41:03', '2021-12-11 19:09:58', 1, 'Q760'),
(187, 'Saint Pierre and Miquelon', 'SPM', '666', 'PM', '508', 'Saint-Pierre', 'EUR', 'Euro', '€', '.pm', 'Saint-Pierre-et-Miquelon', 'Americas', 'Northern America', '[{\"zoneName\":\"America/Miquelon\",\"gmtOffset\":-10800,\"gmtOffsetName\":\"UTC-03:00\",\"abbreviation\":\"PMDT\",\"tzName\":\"Pierre & Miquelon Daylight Time\"}]', '{\"kr\":\"생피에르 미클롱\",\"br\":\"Saint-Pierre e Miquelon\",\"pt\":\"São Pedro e Miquelon\",\"nl\":\"Saint Pierre en Miquelon\",\"hr\":\"Sveti Petar i Mikelon\",\"fa\":\"سن پیر و میکلن\",\"de\":\"Saint-Pierre und Miquelon\",\"es\":\"San Pedro y Miquelón\",\"fr\":\"Saint-Pierre-et-Miquelon\",\"ja\":\"サンピエール島・ミクロン島\",\"it\":\"Saint-Pierre e Miquelon\",\"cn\":\"圣皮埃尔和密克隆\"}', 46.83333333, -56.33333333, '🇵🇲', 'U+1F1F5 U+1F1F2', '2018-07-21 01:41:03', '2021-12-11 19:02:00', 1, NULL),
(188, 'Saint Vincent And The Grenadines', 'VCT', '670', 'VC', '+1-784', 'Kingstown', 'XCD', 'Eastern Caribbean dollar', '$', '.vc', 'Saint Vincent and the Grenadines', 'Americas', 'Caribbean', '[{\"zoneName\":\"America/St_Vincent\",\"gmtOffset\":-14400,\"gmtOffsetName\":\"UTC-04:00\",\"abbreviation\":\"AST\",\"tzName\":\"Atlantic Standard Time\"}]', '{\"kr\":\"세인트빈센트 그레나딘\",\"br\":\"São Vicente e Granadinas\",\"pt\":\"São Vicente e Granadinas\",\"nl\":\"Saint Vincent en de Grenadines\",\"hr\":\"Sveti Vincent i Grenadini\",\"fa\":\"سنت وینسنت و گرنادین‌ها\",\"de\":\"Saint Vincent und die Grenadinen\",\"es\":\"San Vicente y Granadinas\",\"fr\":\"Saint-Vincent-et-les-Grenadines\",\"ja\":\"セントビンセントおよびグレナディーン諸島\",\"it\":\"Saint Vincent e Grenadine\",\"cn\":\"圣文森特和格林纳丁斯\"}', 13.25000000, -61.20000000, '🇻🇨', 'U+1F1FB U+1F1E8', '2018-07-21 01:41:03', '2021-12-11 19:09:59', 1, 'Q757'),
(189, 'Saint-Barthelemy', 'BLM', '652', 'BL', '590', 'Gustavia', 'EUR', 'Euro', '€', '.bl', 'Saint-Barthélemy', 'Americas', 'Caribbean', '[{\"zoneName\":\"America/St_Barthelemy\",\"gmtOffset\":-14400,\"gmtOffsetName\":\"UTC-04:00\",\"abbreviation\":\"AST\",\"tzName\":\"Atlantic Standard Time\"}]', '{\"kr\":\"생바르텔레미\",\"br\":\"São Bartolomeu\",\"pt\":\"São Bartolomeu\",\"nl\":\"Saint Barthélemy\",\"hr\":\"Saint Barthélemy\",\"fa\":\"سن-بارتلمی\",\"de\":\"Saint-Barthélemy\",\"es\":\"San Bartolomé\",\"fr\":\"Saint-Barthélemy\",\"ja\":\"サン・バルテルミー\",\"it\":\"Antille Francesi\",\"cn\":\"圣巴泰勒米\"}', 18.50000000, -63.41666666, '🇧🇱', 'U+1F1E7 U+1F1F1', '2018-07-21 01:41:03', '2021-12-11 19:06:08', 1, NULL),
(190, 'Saint-Martin (French part)', 'MAF', '663', 'MF', '590', 'Marigot', 'EUR', 'Euro', '€', '.mf', 'Saint-Martin', 'Americas', 'Caribbean', '[{\"zoneName\":\"America/Marigot\",\"gmtOffset\":-14400,\"gmtOffsetName\":\"UTC-04:00\",\"abbreviation\":\"AST\",\"tzName\":\"Atlantic Standard Time\"}]', '{\"kr\":\"세인트마틴 섬\",\"br\":\"Saint Martin\",\"pt\":\"Ilha São Martinho\",\"nl\":\"Saint-Martin\",\"hr\":\"Sveti Martin\",\"fa\":\"سینت مارتن\",\"de\":\"Saint Martin\",\"es\":\"Saint Martin\",\"fr\":\"Saint-Martin\",\"ja\":\"サン・マルタン（フランス領）\",\"it\":\"Saint Martin\",\"cn\":\"密克罗尼西亚\"}', 18.08333333, -63.95000000, '🇲🇫', 'U+1F1F2 U+1F1EB', '2018-07-21 01:41:03', '2021-12-11 19:06:10', 1, NULL),
(191, 'Samoa', 'WSM', '882', 'WS', '685', 'Apia', 'WST', 'Samoan tālā', 'SAT', '.ws', 'Samoa', 'Oceania', 'Polynesia', '[{\"zoneName\":\"Pacific/Apia\",\"gmtOffset\":50400,\"gmtOffsetName\":\"UTC+14:00\",\"abbreviation\":\"WST\",\"tzName\":\"West Samoa Time\"}]', '{\"kr\":\"사모아\",\"br\":\"Samoa\",\"pt\":\"Samoa\",\"nl\":\"Samoa\",\"hr\":\"Samoa\",\"fa\":\"ساموآ\",\"de\":\"Samoa\",\"es\":\"Samoa\",\"fr\":\"Samoa\",\"ja\":\"サモア\",\"it\":\"Samoa\",\"cn\":\"萨摩亚\"}', -13.58333333, -172.33333333, '🇼🇸', 'U+1F1FC U+1F1F8', '2018-07-21 01:41:03', '2021-12-11 19:10:07', 1, 'Q683'),
(192, 'San Marino', 'SMR', '674', 'SM', '378', 'San Marino', 'EUR', 'Euro', '€', '.sm', 'San Marino', 'Europe', 'Southern Europe', '[{\"zoneName\":\"Europe/San_Marino\",\"gmtOffset\":3600,\"gmtOffsetName\":\"UTC+01:00\",\"abbreviation\":\"CET\",\"tzName\":\"Central European Time\"}]', '{\"kr\":\"산마리노\",\"br\":\"San Marino\",\"pt\":\"São Marinho\",\"nl\":\"San Marino\",\"hr\":\"San Marino\",\"fa\":\"سان مارینو\",\"de\":\"San Marino\",\"es\":\"San Marino\",\"fr\":\"Saint-Marin\",\"ja\":\"サンマリノ\",\"it\":\"San Marino\",\"cn\":\"圣马力诺\"}', 43.76666666, 12.41666666, '🇸🇲', 'U+1F1F8 U+1F1F2', '2018-07-21 01:41:03', '2021-12-11 19:02:15', 1, 'Q238'),
(193, 'Sao Tome and Principe', 'STP', '678', 'ST', '239', 'Sao Tome', 'STD', 'Dobra', 'Db', '.st', 'São Tomé e Príncipe', 'Africa', 'Middle Africa', '[{\"zoneName\":\"Africa/Sao_Tome\",\"gmtOffset\":0,\"gmtOffsetName\":\"UTC±00\",\"abbreviation\":\"GMT\",\"tzName\":\"Greenwich Mean Time\"}]', '{\"kr\":\"상투메 프린시페\",\"br\":\"São Tomé e Príncipe\",\"pt\":\"São Tomé e Príncipe\",\"nl\":\"Sao Tomé en Principe\",\"hr\":\"Sveti Toma i Princip\",\"fa\":\"کواترو دو فرویرو\",\"de\":\"São Tomé und Príncipe\",\"es\":\"Santo Tomé y Príncipe\",\"fr\":\"Sao Tomé-et-Principe\",\"ja\":\"サントメ・プリンシペ\",\"it\":\"São Tomé e Príncipe\",\"cn\":\"圣多美和普林西比\"}', 1.00000000, 7.00000000, '🇸🇹', 'U+1F1F8 U+1F1F9', '2018-07-21 01:41:03', '2021-12-11 19:10:28', 1, 'Q1039'),
(194, 'Saudi Arabia', 'SAU', '682', 'SA', '966', 'Riyadh', 'SAR', 'Saudi riyal', '﷼', '.sa', 'المملكة العربية السعودية', 'Asia', 'Western Asia', '[{\"zoneName\":\"Asia/Riyadh\",\"gmtOffset\":10800,\"gmtOffsetName\":\"UTC+03:00\",\"abbreviation\":\"AST\",\"tzName\":\"Arabia Standard Time\"}]', '{\"kr\":\"사우디아라비아\",\"br\":\"Arábia Saudita\",\"pt\":\"Arábia Saudita\",\"nl\":\"Saoedi-Arabië\",\"hr\":\"Saudijska Arabija\",\"fa\":\"عربستان سعودی\",\"de\":\"Saudi-Arabien\",\"es\":\"Arabia Saudí\",\"fr\":\"Arabie Saoudite\",\"ja\":\"サウジアラビア\",\"it\":\"Arabia Saudita\",\"cn\":\"沙特阿拉伯\"}', 25.00000000, 45.00000000, '🇸🇦', 'U+1F1F8 U+1F1E6', '2018-07-21 01:41:03', '2021-12-11 19:10:44', 1, 'Q851'),
(195, 'Senegal', 'SEN', '686', 'SN', '221', 'Dakar', 'XOF', 'West African CFA franc', 'CFA', '.sn', 'Sénégal', 'Africa', 'Western Africa', '[{\"zoneName\":\"Africa/Dakar\",\"gmtOffset\":0,\"gmtOffsetName\":\"UTC±00\",\"abbreviation\":\"GMT\",\"tzName\":\"Greenwich Mean Time\"}]', '{\"kr\":\"세네갈\",\"br\":\"Senegal\",\"pt\":\"Senegal\",\"nl\":\"Senegal\",\"hr\":\"Senegal\",\"fa\":\"سنگال\",\"de\":\"Senegal\",\"es\":\"Senegal\",\"fr\":\"Sénégal\",\"ja\":\"セネガル\",\"it\":\"Senegal\",\"cn\":\"塞内加尔\"}', 14.00000000, -14.00000000, '🇸🇳', 'U+1F1F8 U+1F1F3', '2018-07-21 01:41:03', '2021-12-11 19:10:50', 1, 'Q1041'),
(196, 'Serbia', 'SRB', '688', 'RS', '381', 'Belgrade', 'RSD', 'Serbian dinar', 'din', '.rs', 'Србија', 'Europe', 'Southern Europe', '[{\"zoneName\":\"Europe/Belgrade\",\"gmtOffset\":3600,\"gmtOffsetName\":\"UTC+01:00\",\"abbreviation\":\"CET\",\"tzName\":\"Central European Time\"}]', '{\"kr\":\"세르비아\",\"br\":\"Sérvia\",\"pt\":\"Sérvia\",\"nl\":\"Servië\",\"hr\":\"Srbija\",\"fa\":\"صربستان\",\"de\":\"Serbien\",\"es\":\"Serbia\",\"fr\":\"Serbie\",\"ja\":\"セルビア\",\"it\":\"Serbia\",\"cn\":\"塞尔维亚\"}', 44.00000000, 21.00000000, '🇷🇸', 'U+1F1F7 U+1F1F8', '2018-07-21 01:41:03', '2021-12-11 19:10:55', 1, 'Q403'),
(197, 'Seychelles', 'SYC', '690', 'SC', '248', 'Victoria', 'SCR', 'Seychellois rupee', 'SRe', '.sc', 'Seychelles', 'Africa', 'Eastern Africa', '[{\"zoneName\":\"Indian/Mahe\",\"gmtOffset\":14400,\"gmtOffsetName\":\"UTC+04:00\",\"abbreviation\":\"SCT\",\"tzName\":\"Seychelles Time\"}]', '{\"kr\":\"세이셸\",\"br\":\"Seicheles\",\"pt\":\"Seicheles\",\"nl\":\"Seychellen\",\"hr\":\"Sejšeli\",\"fa\":\"سیشل\",\"de\":\"Seychellen\",\"es\":\"Seychelles\",\"fr\":\"Seychelles\",\"ja\":\"セーシェル\",\"it\":\"Seychelles\",\"cn\":\"塞舌尔\"}', -4.58333333, 55.66666666, '🇸🇨', 'U+1F1F8 U+1F1E8', '2018-07-21 01:41:03', '2021-12-11 19:11:01', 1, 'Q1042');
INSERT INTO `countries` (`id`, `name`, `iso3`, `numeric_code`, `iso2`, `phonecode`, `capital`, `currency`, `currency_name`, `currency_symbol`, `tld`, `native`, `region`, `subregion`, `timezones`, `translations`, `latitude`, `longitude`, `emoji`, `emojiU`, `created_at`, `updated_at`, `flag`, `wikiDataId`) VALUES
(198, 'Sierra Leone', 'SLE', '694', 'SL', '232', 'Freetown', 'SLL', 'Sierra Leonean leone', 'Le', '.sl', 'Sierra Leone', 'Africa', 'Western Africa', '[{\"zoneName\":\"Africa/Freetown\",\"gmtOffset\":0,\"gmtOffsetName\":\"UTC±00\",\"abbreviation\":\"GMT\",\"tzName\":\"Greenwich Mean Time\"}]', '{\"kr\":\"시에라리온\",\"br\":\"Serra Leoa\",\"pt\":\"Serra Leoa\",\"nl\":\"Sierra Leone\",\"hr\":\"Sijera Leone\",\"fa\":\"سیرالئون\",\"de\":\"Sierra Leone\",\"es\":\"Sierra Leone\",\"fr\":\"Sierra Leone\",\"ja\":\"シエラレオネ\",\"it\":\"Sierra Leone\",\"cn\":\"塞拉利昂\"}', 8.50000000, -11.50000000, '🇸🇱', 'U+1F1F8 U+1F1F1', '2018-07-21 01:41:03', '2021-12-11 19:11:06', 1, 'Q1044'),
(199, 'Singapore', 'SGP', '702', 'SG', '65', 'Singapur', 'SGD', 'Singapore dollar', '$', '.sg', 'Singapore', 'Asia', 'South-Eastern Asia', '[{\"zoneName\":\"Asia/Singapore\",\"gmtOffset\":28800,\"gmtOffsetName\":\"UTC+08:00\",\"abbreviation\":\"SGT\",\"tzName\":\"Singapore Time\"}]', '{\"kr\":\"싱가포르\",\"br\":\"Singapura\",\"pt\":\"Singapura\",\"nl\":\"Singapore\",\"hr\":\"Singapur\",\"fa\":\"سنگاپور\",\"de\":\"Singapur\",\"es\":\"Singapur\",\"fr\":\"Singapour\",\"ja\":\"シンガポール\",\"it\":\"Singapore\",\"cn\":\"新加坡\"}', 1.36666666, 103.80000000, '🇸🇬', 'U+1F1F8 U+1F1EC', '2018-07-21 01:41:03', '2021-12-11 19:11:12', 1, 'Q334'),
(200, 'Slovakia', 'SVK', '703', 'SK', '421', 'Bratislava', 'EUR', 'Euro', '€', '.sk', 'Slovensko', 'Europe', 'Eastern Europe', '[{\"zoneName\":\"Europe/Bratislava\",\"gmtOffset\":3600,\"gmtOffsetName\":\"UTC+01:00\",\"abbreviation\":\"CET\",\"tzName\":\"Central European Time\"}]', '{\"kr\":\"슬로바키아\",\"br\":\"Eslováquia\",\"pt\":\"Eslováquia\",\"nl\":\"Slowakije\",\"hr\":\"Slovačka\",\"fa\":\"اسلواکی\",\"de\":\"Slowakei\",\"es\":\"República Eslovaca\",\"fr\":\"Slovaquie\",\"ja\":\"スロバキア\",\"it\":\"Slovacchia\",\"cn\":\"斯洛伐克\"}', 48.66666666, 19.50000000, '🇸🇰', 'U+1F1F8 U+1F1F0', '2018-07-21 01:41:03', '2021-12-11 19:07:01', 1, 'Q214'),
(201, 'Slovenia', 'SVN', '705', 'SI', '386', 'Ljubljana', 'EUR', 'Euro', '€', '.si', 'Slovenija', 'Europe', 'Southern Europe', '[{\"zoneName\":\"Europe/Ljubljana\",\"gmtOffset\":3600,\"gmtOffsetName\":\"UTC+01:00\",\"abbreviation\":\"CET\",\"tzName\":\"Central European Time\"}]', '{\"kr\":\"슬로베니아\",\"br\":\"Eslovênia\",\"pt\":\"Eslovénia\",\"nl\":\"Slovenië\",\"hr\":\"Slovenija\",\"fa\":\"اسلوونی\",\"de\":\"Slowenien\",\"es\":\"Eslovenia\",\"fr\":\"Slovénie\",\"ja\":\"スロベニア\",\"it\":\"Slovenia\",\"cn\":\"斯洛文尼亚\"}', 46.11666666, 14.81666666, '🇸🇮', 'U+1F1F8 U+1F1EE', '2018-07-21 01:41:03', '2021-12-11 19:07:05', 1, 'Q215'),
(202, 'Solomon Islands', 'SLB', '090', 'SB', '677', 'Honiara', 'SBD', 'Solomon Islands dollar', 'Si$', '.sb', 'Solomon Islands', 'Oceania', 'Melanesia', '[{\"zoneName\":\"Pacific/Guadalcanal\",\"gmtOffset\":39600,\"gmtOffsetName\":\"UTC+11:00\",\"abbreviation\":\"SBT\",\"tzName\":\"Solomon Islands Time\"}]', '{\"kr\":\"솔로몬 제도\",\"br\":\"Ilhas Salomão\",\"pt\":\"Ilhas Salomão\",\"nl\":\"Salomonseilanden\",\"hr\":\"Solomonski Otoci\",\"fa\":\"جزایر سلیمان\",\"de\":\"Salomonen\",\"es\":\"Islas Salomón\",\"fr\":\"Îles Salomon\",\"ja\":\"ソロモン諸島\",\"it\":\"Isole Salomone\",\"cn\":\"所罗门群岛\"}', -8.00000000, 159.00000000, '🇸🇧', 'U+1F1F8 U+1F1E7', '2018-07-21 01:41:03', '2021-12-11 19:11:36', 1, 'Q685'),
(203, 'Somalia', 'SOM', '706', 'SO', '252', 'Mogadishu', 'SOS', 'Somali shilling', 'Sh.so.', '.so', 'Soomaaliya', 'Africa', 'Eastern Africa', '[{\"zoneName\":\"Africa/Mogadishu\",\"gmtOffset\":10800,\"gmtOffsetName\":\"UTC+03:00\",\"abbreviation\":\"EAT\",\"tzName\":\"East Africa Time\"}]', '{\"kr\":\"소말리아\",\"br\":\"Somália\",\"pt\":\"Somália\",\"nl\":\"Somalië\",\"hr\":\"Somalija\",\"fa\":\"سومالی\",\"de\":\"Somalia\",\"es\":\"Somalia\",\"fr\":\"Somalie\",\"ja\":\"ソマリア\",\"it\":\"Somalia\",\"cn\":\"索马里\"}', 10.00000000, 49.00000000, '🇸🇴', 'U+1F1F8 U+1F1F4', '2018-07-21 01:41:03', '2021-12-11 19:11:41', 1, 'Q1045'),
(204, 'South Africa', 'ZAF', '710', 'ZA', '27', 'Pretoria', 'ZAR', 'South African rand', 'R', '.za', 'South Africa', 'Africa', 'Southern Africa', '[{\"zoneName\":\"Africa/Johannesburg\",\"gmtOffset\":7200,\"gmtOffsetName\":\"UTC+02:00\",\"abbreviation\":\"SAST\",\"tzName\":\"South African Standard Time\"}]', '{\"kr\":\"남아프리카 공화국\",\"br\":\"República Sul-Africana\",\"pt\":\"República Sul-Africana\",\"nl\":\"Zuid-Afrika\",\"hr\":\"Južnoafrička Republika\",\"fa\":\"آفریقای جنوبی\",\"de\":\"Republik Südafrika\",\"es\":\"República de Sudáfrica\",\"fr\":\"Afrique du Sud\",\"ja\":\"南アフリカ\",\"it\":\"Sud Africa\",\"cn\":\"南非\"}', -29.00000000, 24.00000000, '🇿🇦', 'U+1F1FF U+1F1E6', '2018-07-21 01:41:03', '2021-12-11 19:11:49', 1, 'Q258'),
(205, 'South Georgia', 'SGS', '239', 'GS', '500', 'Grytviken', 'GBP', 'British pound', '£', '.gs', 'South Georgia', 'Americas', 'South America', '[{\"zoneName\":\"Atlantic/South_Georgia\",\"gmtOffset\":-7200,\"gmtOffsetName\":\"UTC-02:00\",\"abbreviation\":\"GST\",\"tzName\":\"South Georgia and the South Sandwich Islands Time\"}]', '{\"kr\":\"사우스조지아\",\"br\":\"Ilhas Geórgias do Sul e Sandwich do Sul\",\"pt\":\"Ilhas Geórgia do Sul e Sanduíche do Sul\",\"nl\":\"Zuid-Georgia en Zuidelijke Sandwicheilanden\",\"hr\":\"Južna Georgija i otočje Južni Sandwich\",\"fa\":\"جزایر جورجیای جنوبی و ساندویچ جنوبی\",\"de\":\"Südgeorgien und die Südlichen Sandwichinseln\",\"es\":\"Islas Georgias del Sur y Sandwich del Sur\",\"fr\":\"Géorgie du Sud-et-les Îles Sandwich du Sud\",\"ja\":\"サウスジョージア・サウスサンドウィッチ諸島\",\"it\":\"Georgia del Sud e Isole Sandwich Meridionali\",\"cn\":\"南乔治亚\"}', -54.50000000, -37.00000000, '🇬🇸', 'U+1F1EC U+1F1F8', '2018-07-21 01:41:03', '2021-12-11 19:06:45', 1, NULL),
(206, 'South Sudan', 'SSD', '728', 'SS', '211', 'Juba', 'SSP', 'South Sudanese pound', '£', '.ss', 'South Sudan', 'Africa', 'Middle Africa', '[{\"zoneName\":\"Africa/Juba\",\"gmtOffset\":10800,\"gmtOffsetName\":\"UTC+03:00\",\"abbreviation\":\"EAT\",\"tzName\":\"East Africa Time\"}]', '{\"kr\":\"남수단\",\"br\":\"Sudão do Sul\",\"pt\":\"Sudão do Sul\",\"nl\":\"Zuid-Soedan\",\"hr\":\"Južni Sudan\",\"fa\":\"سودان جنوبی\",\"de\":\"Südsudan\",\"es\":\"Sudán del Sur\",\"fr\":\"Soudan du Sud\",\"ja\":\"南スーダン\",\"it\":\"Sudan del sud\",\"cn\":\"南苏丹\"}', 7.00000000, 30.00000000, '🇸🇸', 'U+1F1F8 U+1F1F8', '2018-07-21 01:41:03', '2021-12-11 19:12:25', 1, 'Q958'),
(207, 'Spain', 'ESP', '724', 'ES', '34', 'Madrid', 'EUR', 'Euro', '€', '.es', 'España', 'Europe', 'Southern Europe', '[{\"zoneName\":\"Africa/Ceuta\",\"gmtOffset\":3600,\"gmtOffsetName\":\"UTC+01:00\",\"abbreviation\":\"CET\",\"tzName\":\"Central European Time\"},{\"zoneName\":\"Atlantic/Canary\",\"gmtOffset\":0,\"gmtOffsetName\":\"UTC±00\",\"abbreviation\":\"WET\",\"tzName\":\"Western European Time\"},{\"zoneName\":\"Europe/Madrid\",\"gmtOffset\":3600,\"gmtOffsetName\":\"UTC+01:00\",\"abbreviation\":\"CET\",\"tzName\":\"Central European Time\"}]', '{\"kr\":\"스페인\",\"br\":\"Espanha\",\"pt\":\"Espanha\",\"nl\":\"Spanje\",\"hr\":\"Španjolska\",\"fa\":\"اسپانیا\",\"de\":\"Spanien\",\"es\":\"España\",\"fr\":\"Espagne\",\"ja\":\"スペイン\",\"it\":\"Spagna\",\"cn\":\"西班牙\"}', 40.00000000, -4.00000000, '🇪🇸', 'U+1F1EA U+1F1F8', '2018-07-21 01:41:03', '2021-12-11 19:02:30', 1, 'Q29'),
(208, 'Sri Lanka', 'LKA', '144', 'LK', '94', 'Colombo', 'LKR', 'Sri Lankan rupee', 'Rs', '.lk', 'śrī laṃkāva', 'Asia', 'Southern Asia', '[{\"zoneName\":\"Asia/Colombo\",\"gmtOffset\":19800,\"gmtOffsetName\":\"UTC+05:30\",\"abbreviation\":\"IST\",\"tzName\":\"Indian Standard Time\"}]', '{\"kr\":\"스리랑카\",\"br\":\"Sri Lanka\",\"pt\":\"Sri Lanka\",\"nl\":\"Sri Lanka\",\"hr\":\"Šri Lanka\",\"fa\":\"سری‌لانکا\",\"de\":\"Sri Lanka\",\"es\":\"Sri Lanka\",\"fr\":\"Sri Lanka\",\"ja\":\"スリランカ\",\"it\":\"Sri Lanka\",\"cn\":\"斯里兰卡\"}', 7.00000000, 81.00000000, '🇱🇰', 'U+1F1F1 U+1F1F0', '2018-07-21 01:41:03', '2021-12-11 19:12:30', 1, 'Q854'),
(209, 'Sudan', 'SDN', '729', 'SD', '249', 'Khartoum', 'SDG', 'Sudanese pound', '.س.ج', '.sd', 'السودان', 'Africa', 'Northern Africa', '[{\"zoneName\":\"Africa/Khartoum\",\"gmtOffset\":7200,\"gmtOffsetName\":\"UTC+02:00\",\"abbreviation\":\"EAT\",\"tzName\":\"Eastern African Time\"}]', '{\"kr\":\"수단\",\"br\":\"Sudão\",\"pt\":\"Sudão\",\"nl\":\"Soedan\",\"hr\":\"Sudan\",\"fa\":\"سودان\",\"de\":\"Sudan\",\"es\":\"Sudán\",\"fr\":\"Soudan\",\"ja\":\"スーダン\",\"it\":\"Sudan\",\"cn\":\"苏丹\"}', 15.00000000, 30.00000000, '🇸🇩', 'U+1F1F8 U+1F1E9', '2018-07-21 01:41:03', '2021-12-11 19:12:35', 1, 'Q1049'),
(210, 'Suriname', 'SUR', '740', 'SR', '597', 'Paramaribo', 'SRD', 'Surinamese dollar', '$', '.sr', 'Suriname', 'Americas', 'South America', '[{\"zoneName\":\"America/Paramaribo\",\"gmtOffset\":-10800,\"gmtOffsetName\":\"UTC-03:00\",\"abbreviation\":\"SRT\",\"tzName\":\"Suriname Time\"}]', '{\"kr\":\"수리남\",\"br\":\"Suriname\",\"pt\":\"Suriname\",\"nl\":\"Suriname\",\"hr\":\"Surinam\",\"fa\":\"سورینام\",\"de\":\"Suriname\",\"es\":\"Surinam\",\"fr\":\"Surinam\",\"ja\":\"スリナム\",\"it\":\"Suriname\",\"cn\":\"苏里南\"}', 4.00000000, -56.00000000, '🇸🇷', 'U+1F1F8 U+1F1F7', '2018-07-21 01:41:03', '2021-12-11 19:12:40', 1, 'Q730'),
(211, 'Svalbard And Jan Mayen Islands', 'SJM', '744', 'SJ', '47', 'Longyearbyen', 'NOK', 'Norwegian Krone', 'kr', '.sj', 'Svalbard og Jan Mayen', 'Europe', 'Northern Europe', '[{\"zoneName\":\"Arctic/Longyearbyen\",\"gmtOffset\":3600,\"gmtOffsetName\":\"UTC+01:00\",\"abbreviation\":\"CET\",\"tzName\":\"Central European Time\"}]', '{\"kr\":\"스발바르 얀마옌 제도\",\"br\":\"Svalbard\",\"pt\":\"Svalbard\",\"nl\":\"Svalbard en Jan Mayen\",\"hr\":\"Svalbard i Jan Mayen\",\"fa\":\"سوالبارد و یان ماین\",\"de\":\"Svalbard und Jan Mayen\",\"es\":\"Islas Svalbard y Jan Mayen\",\"fr\":\"Svalbard et Jan Mayen\",\"ja\":\"スヴァールバル諸島およびヤンマイエン島\",\"it\":\"Svalbard e Jan Mayen\",\"cn\":\"斯瓦尔巴和扬马延群岛\"}', 78.00000000, 20.00000000, '🇸🇯', 'U+1F1F8 U+1F1EF', '2018-07-21 01:41:03', '2021-12-11 19:12:54', 1, NULL),
(212, 'Swaziland', 'SWZ', '748', 'SZ', '268', 'Mbabane', 'SZL', 'Lilangeni', 'E', '.sz', 'Swaziland', 'Africa', 'Southern Africa', '[{\"zoneName\":\"Africa/Mbabane\",\"gmtOffset\":7200,\"gmtOffsetName\":\"UTC+02:00\",\"abbreviation\":\"SAST\",\"tzName\":\"South African Standard Time\"}]', '{\"kr\":\"에스와티니\",\"br\":\"Suazilândia\",\"pt\":\"Suazilândia\",\"nl\":\"Swaziland\",\"hr\":\"Svazi\",\"fa\":\"سوازیلند\",\"de\":\"Swasiland\",\"es\":\"Suazilandia\",\"fr\":\"Swaziland\",\"ja\":\"スワジランド\",\"it\":\"Swaziland\",\"cn\":\"斯威士兰\"}', -26.50000000, 31.50000000, '🇸🇿', 'U+1F1F8 U+1F1FF', '2018-07-21 01:41:03', '2021-12-11 19:13:12', 1, 'Q1050'),
(213, 'Sweden', 'SWE', '752', 'SE', '46', 'Stockholm', 'SEK', 'Swedish krona', 'kr', '.se', 'Sverige', 'Europe', 'Northern Europe', '[{\"zoneName\":\"Europe/Stockholm\",\"gmtOffset\":3600,\"gmtOffsetName\":\"UTC+01:00\",\"abbreviation\":\"CET\",\"tzName\":\"Central European Time\"}]', '{\"kr\":\"스웨덴\",\"br\":\"Suécia\",\"pt\":\"Suécia\",\"nl\":\"Zweden\",\"hr\":\"Švedska\",\"fa\":\"سوئد\",\"de\":\"Schweden\",\"es\":\"Suecia\",\"fr\":\"Suède\",\"ja\":\"スウェーデン\",\"it\":\"Svezia\",\"cn\":\"瑞典\"}', 62.00000000, 15.00000000, '🇸🇪', 'U+1F1F8 U+1F1EA', '2018-07-21 01:41:03', '2021-12-11 19:13:24', 1, 'Q34'),
(214, 'Switzerland', 'CHE', '756', 'CH', '41', 'Bern', 'CHF', 'Swiss franc', 'CHf', '.ch', 'Schweiz', 'Europe', 'Western Europe', '[{\"zoneName\":\"Europe/Zurich\",\"gmtOffset\":3600,\"gmtOffsetName\":\"UTC+01:00\",\"abbreviation\":\"CET\",\"tzName\":\"Central European Time\"}]', '{\"kr\":\"스위스\",\"br\":\"Suíça\",\"pt\":\"Suíça\",\"nl\":\"Zwitserland\",\"hr\":\"Švicarska\",\"fa\":\"سوئیس\",\"de\":\"Schweiz\",\"es\":\"Suiza\",\"fr\":\"Suisse\",\"ja\":\"スイス\",\"it\":\"Svizzera\",\"cn\":\"瑞士\"}', 47.00000000, 8.00000000, '🇨🇭', 'U+1F1E8 U+1F1ED', '2018-07-21 01:41:03', '2021-12-11 19:13:31', 1, 'Q39'),
(215, 'Syria', 'SYR', '760', 'SY', '963', 'Damascus', 'SYP', 'Syrian pound', 'LS', '.sy', 'سوريا', 'Asia', 'Western Asia', '[{\"zoneName\":\"Asia/Damascus\",\"gmtOffset\":7200,\"gmtOffsetName\":\"UTC+02:00\",\"abbreviation\":\"EET\",\"tzName\":\"Eastern European Time\"}]', '{\"kr\":\"시리아\",\"br\":\"Síria\",\"pt\":\"Síria\",\"nl\":\"Syrië\",\"hr\":\"Sirija\",\"fa\":\"سوریه\",\"de\":\"Syrien\",\"es\":\"Siria\",\"fr\":\"Syrie\",\"ja\":\"シリア・アラブ共和国\",\"it\":\"Siria\",\"cn\":\"叙利亚\"}', 35.00000000, 38.00000000, '🇸🇾', 'U+1F1F8 U+1F1FE', '2018-07-21 01:41:03', '2021-12-11 19:13:36', 1, 'Q858'),
(216, 'Taiwan', 'TWN', '158', 'TW', '886', 'Taipei', 'TWD', 'New Taiwan dollar', '$', '.tw', '臺灣', 'Asia', 'Eastern Asia', '[{\"zoneName\":\"Asia/Taipei\",\"gmtOffset\":28800,\"gmtOffsetName\":\"UTC+08:00\",\"abbreviation\":\"CST\",\"tzName\":\"China Standard Time\"}]', '{\"kr\":\"대만\",\"br\":\"Taiwan\",\"pt\":\"Taiwan\",\"nl\":\"Taiwan\",\"hr\":\"Tajvan\",\"fa\":\"تایوان\",\"de\":\"Taiwan\",\"es\":\"Taiwán\",\"fr\":\"Taïwan\",\"ja\":\"台湾（中華民国）\",\"it\":\"Taiwan\",\"cn\":\"中国台湾\"}', 23.50000000, 121.00000000, '🇹🇼', 'U+1F1F9 U+1F1FC', '2018-07-21 01:41:03', '2021-12-11 19:13:41', 1, 'Q865'),
(217, 'Tajikistan', 'TJK', '762', 'TJ', '992', 'Dushanbe', 'TJS', 'Tajikistani somoni', 'SM', '.tj', 'Тоҷикистон', 'Asia', 'Central Asia', '[{\"zoneName\":\"Asia/Dushanbe\",\"gmtOffset\":18000,\"gmtOffsetName\":\"UTC+05:00\",\"abbreviation\":\"TJT\",\"tzName\":\"Tajikistan Time\"}]', '{\"kr\":\"타지키스탄\",\"br\":\"Tajiquistão\",\"pt\":\"Tajiquistão\",\"nl\":\"Tadzjikistan\",\"hr\":\"Tađikistan\",\"fa\":\"تاجیکستان\",\"de\":\"Tadschikistan\",\"es\":\"Tayikistán\",\"fr\":\"Tadjikistan\",\"ja\":\"タジキスタン\",\"it\":\"Tagikistan\",\"cn\":\"塔吉克斯坦\"}', 39.00000000, 71.00000000, '🇹🇯', 'U+1F1F9 U+1F1EF', '2018-07-21 01:41:03', '2021-12-11 19:13:46', 1, 'Q863'),
(218, 'Tanzania', 'TZA', '834', 'TZ', '255', 'Dodoma', 'TZS', 'Tanzanian shilling', 'TSh', '.tz', 'Tanzania', 'Africa', 'Eastern Africa', '[{\"zoneName\":\"Africa/Dar_es_Salaam\",\"gmtOffset\":10800,\"gmtOffsetName\":\"UTC+03:00\",\"abbreviation\":\"EAT\",\"tzName\":\"East Africa Time\"}]', '{\"kr\":\"탄자니아\",\"br\":\"Tanzânia\",\"pt\":\"Tanzânia\",\"nl\":\"Tanzania\",\"hr\":\"Tanzanija\",\"fa\":\"تانزانیا\",\"de\":\"Tansania\",\"es\":\"Tanzania\",\"fr\":\"Tanzanie\",\"ja\":\"タンザニア\",\"it\":\"Tanzania\",\"cn\":\"坦桑尼亚\"}', -6.00000000, 35.00000000, '🇹🇿', 'U+1F1F9 U+1F1FF', '2018-07-21 01:41:03', '2021-12-11 19:13:57', 1, 'Q924'),
(219, 'Thailand', 'THA', '764', 'TH', '66', 'Bangkok', 'THB', 'Thai baht', '฿', '.th', 'ประเทศไทย', 'Asia', 'South-Eastern Asia', '[{\"zoneName\":\"Asia/Bangkok\",\"gmtOffset\":25200,\"gmtOffsetName\":\"UTC+07:00\",\"abbreviation\":\"ICT\",\"tzName\":\"Indochina Time\"}]', '{\"kr\":\"태국\",\"br\":\"Tailândia\",\"pt\":\"Tailândia\",\"nl\":\"Thailand\",\"hr\":\"Tajland\",\"fa\":\"تایلند\",\"de\":\"Thailand\",\"es\":\"Tailandia\",\"fr\":\"Thaïlande\",\"ja\":\"タイ\",\"it\":\"Tailandia\",\"cn\":\"泰国\"}', 15.00000000, 100.00000000, '🇹🇭', 'U+1F1F9 U+1F1ED', '2018-07-21 01:41:03', '2021-12-11 19:14:06', 1, 'Q869'),
(220, 'Togo', 'TGO', '768', 'TG', '228', 'Lome', 'XOF', 'West African CFA franc', 'CFA', '.tg', 'Togo', 'Africa', 'Western Africa', '[{\"zoneName\":\"Africa/Lome\",\"gmtOffset\":0,\"gmtOffsetName\":\"UTC±00\",\"abbreviation\":\"GMT\",\"tzName\":\"Greenwich Mean Time\"}]', '{\"kr\":\"토고\",\"br\":\"Togo\",\"pt\":\"Togo\",\"nl\":\"Togo\",\"hr\":\"Togo\",\"fa\":\"توگو\",\"de\":\"Togo\",\"es\":\"Togo\",\"fr\":\"Togo\",\"ja\":\"トーゴ\",\"it\":\"Togo\",\"cn\":\"多哥\"}', 8.00000000, 1.16666666, '🇹🇬', 'U+1F1F9 U+1F1EC', '2018-07-21 01:41:03', '2021-12-11 19:14:14', 1, 'Q945'),
(221, 'Tokelau', 'TKL', '772', 'TK', '690', '', 'NZD', 'New Zealand dollar', '$', '.tk', 'Tokelau', 'Oceania', 'Polynesia', '[{\"zoneName\":\"Pacific/Fakaofo\",\"gmtOffset\":46800,\"gmtOffsetName\":\"UTC+13:00\",\"abbreviation\":\"TKT\",\"tzName\":\"Tokelau Time\"}]', '{\"kr\":\"토켈라우\",\"br\":\"Tokelau\",\"pt\":\"Toquelau\",\"nl\":\"Tokelau\",\"hr\":\"Tokelau\",\"fa\":\"توکلائو\",\"de\":\"Tokelau\",\"es\":\"Islas Tokelau\",\"fr\":\"Tokelau\",\"ja\":\"トケラウ\",\"it\":\"Isole Tokelau\",\"cn\":\"托克劳\"}', -9.00000000, -172.00000000, '🇹🇰', 'U+1F1F9 U+1F1F0', '2018-07-21 01:41:03', '2021-12-11 19:14:33', 1, NULL),
(222, 'Tonga', 'TON', '776', 'TO', '676', 'Nuku\'alofa', 'TOP', 'Tongan paʻanga', '$', '.to', 'Tonga', 'Oceania', 'Polynesia', '[{\"zoneName\":\"Pacific/Tongatapu\",\"gmtOffset\":46800,\"gmtOffsetName\":\"UTC+13:00\",\"abbreviation\":\"TOT\",\"tzName\":\"Tonga Time\"}]', '{\"kr\":\"통가\",\"br\":\"Tonga\",\"pt\":\"Tonga\",\"nl\":\"Tonga\",\"hr\":\"Tonga\",\"fa\":\"تونگا\",\"de\":\"Tonga\",\"es\":\"Tonga\",\"fr\":\"Tonga\",\"ja\":\"トンガ\",\"it\":\"Tonga\",\"cn\":\"汤加\"}', -20.00000000, -175.00000000, '🇹🇴', 'U+1F1F9 U+1F1F4', '2018-07-21 01:41:03', '2021-12-11 19:14:44', 1, 'Q678'),
(223, 'Trinidad And Tobago', 'TTO', '780', 'TT', '+1-868', 'Port of Spain', 'TTD', 'Trinidad and Tobago dollar', '$', '.tt', 'Trinidad and Tobago', 'Americas', 'Caribbean', '[{\"zoneName\":\"America/Port_of_Spain\",\"gmtOffset\":-14400,\"gmtOffsetName\":\"UTC-04:00\",\"abbreviation\":\"AST\",\"tzName\":\"Atlantic Standard Time\"}]', '{\"kr\":\"트리니다드 토바고\",\"br\":\"Trinidad e Tobago\",\"pt\":\"Trindade e Tobago\",\"nl\":\"Trinidad en Tobago\",\"hr\":\"Trinidad i Tobago\",\"fa\":\"ترینیداد و توباگو\",\"de\":\"Trinidad und Tobago\",\"es\":\"Trinidad y Tobago\",\"fr\":\"Trinité et Tobago\",\"ja\":\"トリニダード・トバゴ\",\"it\":\"Trinidad e Tobago\",\"cn\":\"特立尼达和多巴哥\"}', 11.00000000, -61.00000000, '🇹🇹', 'U+1F1F9 U+1F1F9', '2018-07-21 01:41:03', '2021-12-11 19:14:51', 1, 'Q754'),
(224, 'Tunisia', 'TUN', '788', 'TN', '216', 'Tunis', 'TND', 'Tunisian dinar', 'ت.د', '.tn', 'تونس', 'Africa', 'Northern Africa', '[{\"zoneName\":\"Africa/Tunis\",\"gmtOffset\":3600,\"gmtOffsetName\":\"UTC+01:00\",\"abbreviation\":\"CET\",\"tzName\":\"Central European Time\"}]', '{\"kr\":\"튀니지\",\"br\":\"Tunísia\",\"pt\":\"Tunísia\",\"nl\":\"Tunesië\",\"hr\":\"Tunis\",\"fa\":\"تونس\",\"de\":\"Tunesien\",\"es\":\"Túnez\",\"fr\":\"Tunisie\",\"ja\":\"チュニジア\",\"it\":\"Tunisia\",\"cn\":\"突尼斯\"}', 34.00000000, 9.00000000, '🇹🇳', 'U+1F1F9 U+1F1F3', '2018-07-21 01:41:03', '2021-12-11 19:15:00', 1, 'Q948'),
(225, 'Turkey', 'TUR', '792', 'TR', '90', 'Ankara', 'TRY', 'Turkish lira', '₺', '.tr', 'Türkiye', 'Asia', 'Western Asia', '[{\"zoneName\":\"Europe/Istanbul\",\"gmtOffset\":10800,\"gmtOffsetName\":\"UTC+03:00\",\"abbreviation\":\"EET\",\"tzName\":\"Eastern European Time\"}]', '{\"kr\":\"터키\",\"br\":\"Turquia\",\"pt\":\"Turquia\",\"nl\":\"Turkije\",\"hr\":\"Turska\",\"fa\":\"ترکیه\",\"de\":\"Türkei\",\"es\":\"Turquía\",\"fr\":\"Turquie\",\"ja\":\"トルコ\",\"it\":\"Turchia\",\"cn\":\"土耳其\"}', 39.00000000, 35.00000000, '🇹🇷', 'U+1F1F9 U+1F1F7', '2018-07-21 01:41:03', '2021-12-11 19:15:05', 1, 'Q43'),
(226, 'Turkmenistan', 'TKM', '795', 'TM', '993', 'Ashgabat', 'TMT', 'Turkmenistan manat', 'T', '.tm', 'Türkmenistan', 'Asia', 'Central Asia', '[{\"zoneName\":\"Asia/Ashgabat\",\"gmtOffset\":18000,\"gmtOffsetName\":\"UTC+05:00\",\"abbreviation\":\"TMT\",\"tzName\":\"Turkmenistan Time\"}]', '{\"kr\":\"투르크메니스탄\",\"br\":\"Turcomenistão\",\"pt\":\"Turquemenistão\",\"nl\":\"Turkmenistan\",\"hr\":\"Turkmenistan\",\"fa\":\"ترکمنستان\",\"de\":\"Turkmenistan\",\"es\":\"Turkmenistán\",\"fr\":\"Turkménistan\",\"ja\":\"トルクメニスタン\",\"it\":\"Turkmenistan\",\"cn\":\"土库曼斯坦\"}', 40.00000000, 60.00000000, '🇹🇲', 'U+1F1F9 U+1F1F2', '2018-07-21 01:41:03', '2021-12-11 19:15:10', 1, 'Q874'),
(227, 'Turks And Caicos Islands', 'TCA', '796', 'TC', '+1-649', 'Cockburn Town', 'USD', 'United States dollar', '$', '.tc', 'Turks and Caicos Islands', 'Americas', 'Caribbean', '[{\"zoneName\":\"America/Grand_Turk\",\"gmtOffset\":-18000,\"gmtOffsetName\":\"UTC-05:00\",\"abbreviation\":\"EST\",\"tzName\":\"Eastern Standard Time (North America\"}]', '{\"kr\":\"터크스 케이커스 제도\",\"br\":\"Ilhas Turcas e Caicos\",\"pt\":\"Ilhas Turcas e Caicos\",\"nl\":\"Turks- en Caicoseilanden\",\"hr\":\"Otoci Turks i Caicos\",\"fa\":\"جزایر تورکس و کایکوس\",\"de\":\"Turks- und Caicosinseln\",\"es\":\"Islas Turks y Caicos\",\"fr\":\"Îles Turques-et-Caïques\",\"ja\":\"タークス・カイコス諸島\",\"it\":\"Isole Turks e Caicos\",\"cn\":\"特克斯和凯科斯群岛\"}', 21.75000000, -71.58333333, '🇹🇨', 'U+1F1F9 U+1F1E8', '2018-07-21 01:41:03', '2021-12-11 19:06:26', 1, NULL),
(228, 'Tuvalu', 'TUV', '798', 'TV', '688', 'Funafuti', 'AUD', 'Australian dollar', '$', '.tv', 'Tuvalu', 'Oceania', 'Polynesia', '[{\"zoneName\":\"Pacific/Funafuti\",\"gmtOffset\":43200,\"gmtOffsetName\":\"UTC+12:00\",\"abbreviation\":\"TVT\",\"tzName\":\"Tuvalu Time\"}]', '{\"kr\":\"투발루\",\"br\":\"Tuvalu\",\"pt\":\"Tuvalu\",\"nl\":\"Tuvalu\",\"hr\":\"Tuvalu\",\"fa\":\"تووالو\",\"de\":\"Tuvalu\",\"es\":\"Tuvalu\",\"fr\":\"Tuvalu\",\"ja\":\"ツバル\",\"it\":\"Tuvalu\",\"cn\":\"图瓦卢\"}', -8.00000000, 178.00000000, '🇹🇻', 'U+1F1F9 U+1F1FB', '2018-07-21 01:41:03', '2021-12-11 19:07:37', 1, 'Q672'),
(229, 'Uganda', 'UGA', '800', 'UG', '256', 'Kampala', 'UGX', 'Ugandan shilling', 'USh', '.ug', 'Uganda', 'Africa', 'Eastern Africa', '[{\"zoneName\":\"Africa/Kampala\",\"gmtOffset\":10800,\"gmtOffsetName\":\"UTC+03:00\",\"abbreviation\":\"EAT\",\"tzName\":\"East Africa Time\"}]', '{\"kr\":\"우간다\",\"br\":\"Uganda\",\"pt\":\"Uganda\",\"nl\":\"Oeganda\",\"hr\":\"Uganda\",\"fa\":\"اوگاندا\",\"de\":\"Uganda\",\"es\":\"Uganda\",\"fr\":\"Uganda\",\"ja\":\"ウガンダ\",\"it\":\"Uganda\",\"cn\":\"乌干达\"}', 1.00000000, 32.00000000, '🇺🇬', 'U+1F1FA U+1F1EC', '2018-07-21 01:41:03', '2021-12-11 19:15:17', 1, 'Q1036'),
(230, 'Ukraine', 'UKR', '804', 'UA', '380', 'Kiev', 'UAH', 'Ukrainian hryvnia', '₴', '.ua', 'Україна', 'Europe', 'Eastern Europe', '[{\"zoneName\":\"Europe/Kiev\",\"gmtOffset\":7200,\"gmtOffsetName\":\"UTC+02:00\",\"abbreviation\":\"EET\",\"tzName\":\"Eastern European Time\"},{\"zoneName\":\"Europe/Simferopol\",\"gmtOffset\":10800,\"gmtOffsetName\":\"UTC+03:00\",\"abbreviation\":\"MSK\",\"tzName\":\"Moscow Time\"},{\"zoneName\":\"Europe/Uzhgorod\",\"gmtOffset\":7200,\"gmtOffsetName\":\"UTC+02:00\",\"abbreviation\":\"EET\",\"tzName\":\"Eastern European Time\"},{\"zoneName\":\"Europe/Zaporozhye\",\"gmtOffset\":7200,\"gmtOffsetName\":\"UTC+02:00\",\"abbreviation\":\"EET\",\"tzName\":\"Eastern European Time\"}]', '{\"kr\":\"우크라이나\",\"br\":\"Ucrânia\",\"pt\":\"Ucrânia\",\"nl\":\"Oekraïne\",\"hr\":\"Ukrajina\",\"fa\":\"وکراین\",\"de\":\"Ukraine\",\"es\":\"Ucrania\",\"fr\":\"Ukraine\",\"ja\":\"ウクライナ\",\"it\":\"Ucraina\",\"cn\":\"乌克兰\"}', 49.00000000, 32.00000000, '🇺🇦', 'U+1F1FA U+1F1E6', '2018-07-21 01:41:03', '2021-12-11 19:15:22', 1, 'Q212'),
(231, 'United Arab Emirates', 'ARE', '784', 'AE', '971', 'Abu Dhabi', 'AED', 'United Arab Emirates dirham', 'إ.د', '.ae', 'دولة الإمارات العربية المتحدة', 'Asia', 'Western Asia', '[{\"zoneName\":\"Asia/Dubai\",\"gmtOffset\":14400,\"gmtOffsetName\":\"UTC+04:00\",\"abbreviation\":\"GST\",\"tzName\":\"Gulf Standard Time\"}]', '{\"kr\":\"아랍에미리트\",\"br\":\"Emirados árabes Unidos\",\"pt\":\"Emirados árabes Unidos\",\"nl\":\"Verenigde Arabische Emiraten\",\"hr\":\"Ujedinjeni Arapski Emirati\",\"fa\":\"امارات متحده عربی\",\"de\":\"Vereinigte Arabische Emirate\",\"es\":\"Emiratos Árabes Unidos\",\"fr\":\"Émirats arabes unis\",\"ja\":\"アラブ首長国連邦\",\"it\":\"Emirati Arabi Uniti\",\"cn\":\"阿拉伯联合酋长国\"}', 24.00000000, 54.00000000, '🇦🇪', 'U+1F1E6 U+1F1EA', '2018-07-21 01:41:03', '2021-12-11 19:15:29', 1, 'Q878'),
(232, 'United Kingdom', 'GBR', '826', 'GB', '44', 'London', 'GBP', 'British pound', '£', '.uk', 'United Kingdom', 'Europe', 'Northern Europe', '[{\"zoneName\":\"Europe/London\",\"gmtOffset\":0,\"gmtOffsetName\":\"UTC±00\",\"abbreviation\":\"GMT\",\"tzName\":\"Greenwich Mean Time\"}]', '{\"kr\":\"영국\",\"br\":\"Reino Unido\",\"pt\":\"Reino Unido\",\"nl\":\"Verenigd Koninkrijk\",\"hr\":\"Ujedinjeno Kraljevstvo\",\"fa\":\"بریتانیای کبیر و ایرلند شمالی\",\"de\":\"Vereinigtes Königreich\",\"es\":\"Reino Unido\",\"fr\":\"Royaume-Uni\",\"ja\":\"イギリス\",\"it\":\"Regno Unito\",\"cn\":\"英国\"}', 54.00000000, -2.00000000, '🇬🇧', 'U+1F1EC U+1F1E7', '2018-07-21 01:41:03', '2021-12-11 19:07:13', 1, 'Q145'),
(233, 'United States', 'USA', '840', 'US', '1', 'Washington', 'USD', 'United States dollar', '$', '.us', 'United States', 'Americas', 'Northern America', '[{\"zoneName\":\"America/Adak\",\"gmtOffset\":-36000,\"gmtOffsetName\":\"UTC-10:00\",\"abbreviation\":\"HST\",\"tzName\":\"Hawaii–Aleutian Standard Time\"},{\"zoneName\":\"America/Anchorage\",\"gmtOffset\":-32400,\"gmtOffsetName\":\"UTC-09:00\",\"abbreviation\":\"AKST\",\"tzName\":\"Alaska Standard Time\"},{\"zoneName\":\"America/Boise\",\"gmtOffset\":-25200,\"gmtOffsetName\":\"UTC-07:00\",\"abbreviation\":\"MST\",\"tzName\":\"Mountain Standard Time (North America\"},{\"zoneName\":\"America/Chicago\",\"gmtOffset\":-21600,\"gmtOffsetName\":\"UTC-06:00\",\"abbreviation\":\"CST\",\"tzName\":\"Central Standard Time (North America\"},{\"zoneName\":\"America/Denver\",\"gmtOffset\":-25200,\"gmtOffsetName\":\"UTC-07:00\",\"abbreviation\":\"MST\",\"tzName\":\"Mountain Standard Time (North America\"},{\"zoneName\":\"America/Detroit\",\"gmtOffset\":-18000,\"gmtOffsetName\":\"UTC-05:00\",\"abbreviation\":\"EST\",\"tzName\":\"Eastern Standard Time (North America\"},{\"zoneName\":\"America/Indiana/Indianapolis\",\"gmtOffset\":-18000,\"gmtOffsetName\":\"UTC-05:00\",\"abbreviation\":\"EST\",\"tzName\":\"Eastern Standard Time (North America\"},{\"zoneName\":\"America/Indiana/Knox\",\"gmtOffset\":-21600,\"gmtOffsetName\":\"UTC-06:00\",\"abbreviation\":\"CST\",\"tzName\":\"Central Standard Time (North America\"},{\"zoneName\":\"America/Indiana/Marengo\",\"gmtOffset\":-18000,\"gmtOffsetName\":\"UTC-05:00\",\"abbreviation\":\"EST\",\"tzName\":\"Eastern Standard Time (North America\"},{\"zoneName\":\"America/Indiana/Petersburg\",\"gmtOffset\":-18000,\"gmtOffsetName\":\"UTC-05:00\",\"abbreviation\":\"EST\",\"tzName\":\"Eastern Standard Time (North America\"},{\"zoneName\":\"America/Indiana/Tell_City\",\"gmtOffset\":-21600,\"gmtOffsetName\":\"UTC-06:00\",\"abbreviation\":\"CST\",\"tzName\":\"Central Standard Time (North America\"},{\"zoneName\":\"America/Indiana/Vevay\",\"gmtOffset\":-18000,\"gmtOffsetName\":\"UTC-05:00\",\"abbreviation\":\"EST\",\"tzName\":\"Eastern Standard Time (North America\"},{\"zoneName\":\"America/Indiana/Vincennes\",\"gmtOffset\":-18000,\"gmtOffsetName\":\"UTC-05:00\",\"abbreviation\":\"EST\",\"tzName\":\"Eastern Standard Time (North America\"},{\"zoneName\":\"America/Indiana/Winamac\",\"gmtOffset\":-18000,\"gmtOffsetName\":\"UTC-05:00\",\"abbreviation\":\"EST\",\"tzName\":\"Eastern Standard Time (North America\"},{\"zoneName\":\"America/Juneau\",\"gmtOffset\":-32400,\"gmtOffsetName\":\"UTC-09:00\",\"abbreviation\":\"AKST\",\"tzName\":\"Alaska Standard Time\"},{\"zoneName\":\"America/Kentucky/Louisville\",\"gmtOffset\":-18000,\"gmtOffsetName\":\"UTC-05:00\",\"abbreviation\":\"EST\",\"tzName\":\"Eastern Standard Time (North America\"},{\"zoneName\":\"America/Kentucky/Monticello\",\"gmtOffset\":-18000,\"gmtOffsetName\":\"UTC-05:00\",\"abbreviation\":\"EST\",\"tzName\":\"Eastern Standard Time (North America\"},{\"zoneName\":\"America/Los_Angeles\",\"gmtOffset\":-28800,\"gmtOffsetName\":\"UTC-08:00\",\"abbreviation\":\"PST\",\"tzName\":\"Pacific Standard Time (North America\"},{\"zoneName\":\"America/Menominee\",\"gmtOffset\":-21600,\"gmtOffsetName\":\"UTC-06:00\",\"abbreviation\":\"CST\",\"tzName\":\"Central Standard Time (North America\"},{\"zoneName\":\"America/Metlakatla\",\"gmtOffset\":-32400,\"gmtOffsetName\":\"UTC-09:00\",\"abbreviation\":\"AKST\",\"tzName\":\"Alaska Standard Time\"},{\"zoneName\":\"America/New_York\",\"gmtOffset\":-18000,\"gmtOffsetName\":\"UTC-05:00\",\"abbreviation\":\"EST\",\"tzName\":\"Eastern Standard Time (North America\"},{\"zoneName\":\"America/Nome\",\"gmtOffset\":-32400,\"gmtOffsetName\":\"UTC-09:00\",\"abbreviation\":\"AKST\",\"tzName\":\"Alaska Standard Time\"},{\"zoneName\":\"America/North_Dakota/Beulah\",\"gmtOffset\":-21600,\"gmtOffsetName\":\"UTC-06:00\",\"abbreviation\":\"CST\",\"tzName\":\"Central Standard Time (North America\"},{\"zoneName\":\"America/North_Dakota/Center\",\"gmtOffset\":-21600,\"gmtOffsetName\":\"UTC-06:00\",\"abbreviation\":\"CST\",\"tzName\":\"Central Standard Time (North America\"},{\"zoneName\":\"America/North_Dakota/New_Salem\",\"gmtOffset\":-21600,\"gmtOffsetName\":\"UTC-06:00\",\"abbreviation\":\"CST\",\"tzName\":\"Central Standard Time (North America\"},{\"zoneName\":\"America/Phoenix\",\"gmtOffset\":-25200,\"gmtOffsetName\":\"UTC-07:00\",\"abbreviation\":\"MST\",\"tzName\":\"Mountain Standard Time (North America\"},{\"zoneName\":\"America/Sitka\",\"gmtOffset\":-32400,\"gmtOffsetName\":\"UTC-09:00\",\"abbreviation\":\"AKST\",\"tzName\":\"Alaska Standard Time\"},{\"zoneName\":\"America/Yakutat\",\"gmtOffset\":-32400,\"gmtOffsetName\":\"UTC-09:00\",\"abbreviation\":\"AKST\",\"tzName\":\"Alaska Standard Time\"},{\"zoneName\":\"Pacific/Honolulu\",\"gmtOffset\":-36000,\"gmtOffsetName\":\"UTC-10:00\",\"abbreviation\":\"HST\",\"tzName\":\"Hawaii–Aleutian Standard Time\"}]', '{\"kr\":\"미국\",\"br\":\"Estados Unidos\",\"pt\":\"Estados Unidos\",\"nl\":\"Verenigde Staten\",\"hr\":\"Sjedinjene Američke Države\",\"fa\":\"ایالات متحده آمریکا\",\"de\":\"Vereinigte Staaten von Amerika\",\"es\":\"Estados Unidos\",\"fr\":\"États-Unis\",\"ja\":\"アメリカ合衆国\",\"it\":\"Stati Uniti D\'America\",\"cn\":\"美国\"}', 38.00000000, -97.00000000, '🇺🇸', 'U+1F1FA U+1F1F8', '2018-07-21 01:41:03', '2021-12-11 19:06:28', 1, 'Q30'),
(234, 'United States Minor Outlying Islands', 'UMI', '581', 'UM', '1', '', 'USD', 'United States dollar', '$', '.us', 'United States Minor Outlying Islands', 'Americas', 'Northern America', '[{\"zoneName\":\"Pacific/Midway\",\"gmtOffset\":-39600,\"gmtOffsetName\":\"UTC-11:00\",\"abbreviation\":\"SST\",\"tzName\":\"Samoa Standard Time\"},{\"zoneName\":\"Pacific/Wake\",\"gmtOffset\":43200,\"gmtOffsetName\":\"UTC+12:00\",\"abbreviation\":\"WAKT\",\"tzName\":\"Wake Island Time\"}]', '{\"kr\":\"미국령 군소 제도\",\"br\":\"Ilhas Menores Distantes dos Estados Unidos\",\"pt\":\"Ilhas Menores Distantes dos Estados Unidos\",\"nl\":\"Kleine afgelegen eilanden van de Verenigde Staten\",\"hr\":\"Mali udaljeni otoci SAD-a\",\"fa\":\"جزایر کوچک حاشیه‌ای ایالات متحده آمریکا\",\"de\":\"Kleinere Inselbesitzungen der Vereinigten Staaten\",\"es\":\"Islas Ultramarinas Menores de Estados Unidos\",\"fr\":\"Îles mineures éloignées des États-Unis\",\"ja\":\"合衆国領有小離島\",\"it\":\"Isole minori esterne degli Stati Uniti d\'America\",\"cn\":\"美国本土外小岛屿\"}', 0.00000000, 0.00000000, '🇺🇲', 'U+1F1FA U+1F1F2', '2018-07-21 01:41:03', '2021-12-11 19:06:30', 1, NULL),
(235, 'Uruguay', 'URY', '858', 'UY', '598', 'Montevideo', 'UYU', 'Uruguayan peso', '$', '.uy', 'Uruguay', 'Americas', 'South America', '[{\"zoneName\":\"America/Montevideo\",\"gmtOffset\":-10800,\"gmtOffsetName\":\"UTC-03:00\",\"abbreviation\":\"UYT\",\"tzName\":\"Uruguay Standard Time\"}]', '{\"kr\":\"우루과이\",\"br\":\"Uruguai\",\"pt\":\"Uruguai\",\"nl\":\"Uruguay\",\"hr\":\"Urugvaj\",\"fa\":\"اروگوئه\",\"de\":\"Uruguay\",\"es\":\"Uruguay\",\"fr\":\"Uruguay\",\"ja\":\"ウルグアイ\",\"it\":\"Uruguay\",\"cn\":\"乌拉圭\"}', -33.00000000, -56.00000000, '🇺🇾', 'U+1F1FA U+1F1FE', '2018-07-21 01:41:03', '2021-12-11 19:15:36', 1, 'Q77'),
(236, 'Uzbekistan', 'UZB', '860', 'UZ', '998', 'Tashkent', 'UZS', 'Uzbekistani soʻm', 'лв', '.uz', 'O‘zbekiston', 'Asia', 'Central Asia', '[{\"zoneName\":\"Asia/Samarkand\",\"gmtOffset\":18000,\"gmtOffsetName\":\"UTC+05:00\",\"abbreviation\":\"UZT\",\"tzName\":\"Uzbekistan Time\"},{\"zoneName\":\"Asia/Tashkent\",\"gmtOffset\":18000,\"gmtOffsetName\":\"UTC+05:00\",\"abbreviation\":\"UZT\",\"tzName\":\"Uzbekistan Time\"}]', '{\"kr\":\"우즈베키스탄\",\"br\":\"Uzbequistão\",\"pt\":\"Usbequistão\",\"nl\":\"Oezbekistan\",\"hr\":\"Uzbekistan\",\"fa\":\"ازبکستان\",\"de\":\"Usbekistan\",\"es\":\"Uzbekistán\",\"fr\":\"Ouzbékistan\",\"ja\":\"ウズベキスタン\",\"it\":\"Uzbekistan\",\"cn\":\"乌兹别克斯坦\"}', 41.00000000, 64.00000000, '🇺🇿', 'U+1F1FA U+1F1FF', '2018-07-21 01:41:03', '2021-12-11 19:15:40', 1, 'Q265'),
(237, 'Vanuatu', 'VUT', '548', 'VU', '678', 'Port Vila', 'VUV', 'Vanuatu vatu', 'VT', '.vu', 'Vanuatu', 'Oceania', 'Melanesia', '[{\"zoneName\":\"Pacific/Efate\",\"gmtOffset\":39600,\"gmtOffsetName\":\"UTC+11:00\",\"abbreviation\":\"VUT\",\"tzName\":\"Vanuatu Time\"}]', '{\"kr\":\"바누아투\",\"br\":\"Vanuatu\",\"pt\":\"Vanuatu\",\"nl\":\"Vanuatu\",\"hr\":\"Vanuatu\",\"fa\":\"وانواتو\",\"de\":\"Vanuatu\",\"es\":\"Vanuatu\",\"fr\":\"Vanuatu\",\"ja\":\"バヌアツ\",\"it\":\"Vanuatu\",\"cn\":\"瓦努阿图\"}', -16.00000000, 167.00000000, '🇻🇺', 'U+1F1FB U+1F1FA', '2018-07-21 01:41:03', '2021-12-11 19:15:47', 1, 'Q686'),
(238, 'Vatican City State (Holy See)', 'VAT', '336', 'VA', '379', 'Vatican City', 'EUR', 'Euro', '€', '.va', 'Vaticano', 'Europe', 'Southern Europe', '[{\"zoneName\":\"Europe/Vatican\",\"gmtOffset\":3600,\"gmtOffsetName\":\"UTC+01:00\",\"abbreviation\":\"CET\",\"tzName\":\"Central European Time\"}]', '{\"kr\":\"바티칸 시국\",\"br\":\"Vaticano\",\"pt\":\"Vaticano\",\"nl\":\"Heilige Stoel\",\"hr\":\"Sveta Stolica\",\"fa\":\"سریر مقدس\",\"de\":\"Heiliger Stuhl\",\"es\":\"Santa Sede\",\"fr\":\"voir Saint\",\"ja\":\"聖座\",\"it\":\"Santa Sede\",\"cn\":\"梵蒂冈\"}', 41.90000000, 12.45000000, '🇻🇦', 'U+1F1FB U+1F1E6', '2018-07-21 01:41:03', '2021-12-11 19:02:24', 1, 'Q237'),
(239, 'Venezuela', 'VEN', '862', 'VE', '58', 'Caracas', 'VEF', 'Bolívar', 'Bs', '.ve', 'Venezuela', 'Americas', 'South America', '[{\"zoneName\":\"America/Caracas\",\"gmtOffset\":-14400,\"gmtOffsetName\":\"UTC-04:00\",\"abbreviation\":\"VET\",\"tzName\":\"Venezuelan Standard Time\"}]', '{\"kr\":\"베네수엘라\",\"br\":\"Venezuela\",\"pt\":\"Venezuela\",\"nl\":\"Venezuela\",\"hr\":\"Venezuela\",\"fa\":\"ونزوئلا\",\"de\":\"Venezuela\",\"es\":\"Venezuela\",\"fr\":\"Venezuela\",\"ja\":\"ベネズエラ・ボリバル共和国\",\"it\":\"Venezuela\",\"cn\":\"委内瑞拉\"}', 8.00000000, -66.00000000, '🇻🇪', 'U+1F1FB U+1F1EA', '2018-07-21 01:41:03', '2021-12-11 19:16:04', 1, 'Q717'),
(240, 'Vietnam', 'VNM', '704', 'VN', '84', 'Hanoi', 'VND', 'Vietnamese đồng', '₫', '.vn', 'Việt Nam', 'Asia', 'South-Eastern Asia', '[{\"zoneName\":\"Asia/Ho_Chi_Minh\",\"gmtOffset\":25200,\"gmtOffsetName\":\"UTC+07:00\",\"abbreviation\":\"ICT\",\"tzName\":\"Indochina Time\"}]', '{\"kr\":\"베트남\",\"br\":\"Vietnã\",\"pt\":\"Vietname\",\"nl\":\"Vietnam\",\"hr\":\"Vijetnam\",\"fa\":\"ویتنام\",\"de\":\"Vietnam\",\"es\":\"Vietnam\",\"fr\":\"Viêt Nam\",\"ja\":\"ベトナム\",\"it\":\"Vietnam\",\"cn\":\"越南\"}', 16.16666666, 107.83333333, '🇻🇳', 'U+1F1FB U+1F1F3', '2018-07-21 01:41:03', '2021-12-11 19:16:14', 1, 'Q881'),
(241, 'Virgin Islands (British)', 'VGB', '092', 'VG', '+1-284', 'Road Town', 'USD', 'United States dollar', '$', '.vg', 'British Virgin Islands', 'Americas', 'Caribbean', '[{\"zoneName\":\"America/Tortola\",\"gmtOffset\":-14400,\"gmtOffsetName\":\"UTC-04:00\",\"abbreviation\":\"AST\",\"tzName\":\"Atlantic Standard Time\"}]', '{\"kr\":\"영국령 버진아일랜드\",\"br\":\"Ilhas Virgens Britânicas\",\"pt\":\"Ilhas Virgens Britânicas\",\"nl\":\"Britse Maagdeneilanden\",\"hr\":\"Britanski Djevičanski Otoci\",\"fa\":\"جزایر ویرجین بریتانیا\",\"de\":\"Britische Jungferninseln\",\"es\":\"Islas Vírgenes del Reino Unido\",\"fr\":\"Îles Vierges britanniques\",\"ja\":\"イギリス領ヴァージン諸島\",\"it\":\"Isole Vergini Britanniche\",\"cn\":\"圣文森特和格林纳丁斯\"}', 18.43138300, -64.62305000, '🇻🇬', 'U+1F1FB U+1F1EC', '2018-07-21 01:41:03', '2021-12-11 19:06:33', 1, NULL),
(242, 'Virgin Islands (US)', 'VIR', '850', 'VI', '+1-340', 'Charlotte Amalie', 'USD', 'United States dollar', '$', '.vi', 'United States Virgin Islands', 'Americas', 'Caribbean', '[{\"zoneName\":\"America/St_Thomas\",\"gmtOffset\":-14400,\"gmtOffsetName\":\"UTC-04:00\",\"abbreviation\":\"AST\",\"tzName\":\"Atlantic Standard Time\"}]', '{\"kr\":\"미국령 버진아일랜드\",\"br\":\"Ilhas Virgens Americanas\",\"pt\":\"Ilhas Virgens Americanas\",\"nl\":\"Verenigde Staten Maagdeneilanden\",\"fa\":\"جزایر ویرجین آمریکا\",\"de\":\"Amerikanische Jungferninseln\",\"es\":\"Islas Vírgenes de los Estados Unidos\",\"fr\":\"Îles Vierges des États-Unis\",\"ja\":\"アメリカ領ヴァージン諸島\",\"it\":\"Isole Vergini americane\",\"cn\":\"维尔京群岛（美国）\"}', 18.34000000, -64.93000000, '🇻🇮', 'U+1F1FB U+1F1EE', '2018-07-21 01:41:03', '2021-12-11 19:16:20', 1, NULL),
(243, 'Wallis And Futuna Islands', 'WLF', '876', 'WF', '681', 'Mata Utu', 'XPF', 'CFP franc', '₣', '.wf', 'Wallis et Futuna', 'Oceania', 'Polynesia', '[{\"zoneName\":\"Pacific/Wallis\",\"gmtOffset\":43200,\"gmtOffsetName\":\"UTC+12:00\",\"abbreviation\":\"WFT\",\"tzName\":\"Wallis & Futuna Time\"}]', '{\"kr\":\"왈리스 푸투나\",\"br\":\"Wallis e Futuna\",\"pt\":\"Wallis e Futuna\",\"nl\":\"Wallis en Futuna\",\"hr\":\"Wallis i Fortuna\",\"fa\":\"والیس و فوتونا\",\"de\":\"Wallis und Futuna\",\"es\":\"Wallis y Futuna\",\"fr\":\"Wallis-et-Futuna\",\"ja\":\"ウォリス・フツナ\",\"it\":\"Wallis e Futuna\",\"cn\":\"瓦利斯群岛和富图纳群岛\"}', -13.30000000, -176.20000000, '🇼🇫', 'U+1F1FC U+1F1EB', '2018-07-21 01:41:03', '2021-12-11 19:16:25', 1, NULL),
(244, 'Western Sahara', 'ESH', '732', 'EH', '212', 'El-Aaiun', 'MAD', 'Moroccan Dirham', 'MAD', '.eh', 'الصحراء الغربية', 'Africa', 'Northern Africa', '[{\"zoneName\":\"Africa/El_Aaiun\",\"gmtOffset\":3600,\"gmtOffsetName\":\"UTC+01:00\",\"abbreviation\":\"WEST\",\"tzName\":\"Western European Summer Time\"}]', '{\"kr\":\"서사하라\",\"br\":\"Saara Ocidental\",\"pt\":\"Saara Ocidental\",\"nl\":\"Westelijke Sahara\",\"hr\":\"Zapadna Sahara\",\"fa\":\"جمهوری دموکراتیک عربی صحرا\",\"de\":\"Westsahara\",\"es\":\"Sahara Occidental\",\"fr\":\"Sahara Occidental\",\"ja\":\"西サハラ\",\"it\":\"Sahara Occidentale\",\"cn\":\"西撒哈拉\"}', 24.50000000, -13.00000000, '🇪🇭', 'U+1F1EA U+1F1ED', '2018-07-21 01:41:03', '2021-12-11 19:16:40', 1, NULL),
(245, 'Yemen', 'YEM', '887', 'YE', '967', 'Sanaa', 'YER', 'Yemeni rial', '﷼', '.ye', 'اليَمَن', 'Asia', 'Western Asia', '[{\"zoneName\":\"Asia/Aden\",\"gmtOffset\":10800,\"gmtOffsetName\":\"UTC+03:00\",\"abbreviation\":\"AST\",\"tzName\":\"Arabia Standard Time\"}]', '{\"kr\":\"예멘\",\"br\":\"Iêmen\",\"pt\":\"Iémen\",\"nl\":\"Jemen\",\"hr\":\"Jemen\",\"fa\":\"یمن\",\"de\":\"Jemen\",\"es\":\"Yemen\",\"fr\":\"Yémen\",\"ja\":\"イエメン\",\"it\":\"Yemen\",\"cn\":\"也门\"}', 15.00000000, 48.00000000, '🇾🇪', 'U+1F1FE U+1F1EA', '2018-07-21 01:41:03', '2021-12-11 19:16:48', 1, 'Q805'),
(246, 'Zambia', 'ZMB', '894', 'ZM', '260', 'Lusaka', 'ZMW', 'Zambian kwacha', 'ZK', '.zm', 'Zambia', 'Africa', 'Eastern Africa', '[{\"zoneName\":\"Africa/Lusaka\",\"gmtOffset\":7200,\"gmtOffsetName\":\"UTC+02:00\",\"abbreviation\":\"CAT\",\"tzName\":\"Central Africa Time\"}]', '{\"kr\":\"잠비아\",\"br\":\"Zâmbia\",\"pt\":\"Zâmbia\",\"nl\":\"Zambia\",\"hr\":\"Zambija\",\"fa\":\"زامبیا\",\"de\":\"Sambia\",\"es\":\"Zambia\",\"fr\":\"Zambie\",\"ja\":\"ザンビア\",\"it\":\"Zambia\",\"cn\":\"赞比亚\"}', -15.00000000, 30.00000000, '🇿🇲', 'U+1F1FF U+1F1F2', '2018-07-21 01:41:03', '2021-12-11 19:16:53', 1, 'Q953'),
(247, 'Zimbabwe', 'ZWE', '716', 'ZW', '263', 'Harare', 'ZWL', 'Zimbabwe Dollar', '$', '.zw', 'Zimbabwe', 'Africa', 'Eastern Africa', '[{\"zoneName\":\"Africa/Harare\",\"gmtOffset\":7200,\"gmtOffsetName\":\"UTC+02:00\",\"abbreviation\":\"CAT\",\"tzName\":\"Central Africa Time\"}]', '{\"kr\":\"짐바브웨\",\"br\":\"Zimbabwe\",\"pt\":\"Zimbabué\",\"nl\":\"Zimbabwe\",\"hr\":\"Zimbabve\",\"fa\":\"زیمباوه\",\"de\":\"Simbabwe\",\"es\":\"Zimbabue\",\"fr\":\"Zimbabwe\",\"ja\":\"ジンバブエ\",\"it\":\"Zimbabwe\",\"cn\":\"津巴布韦\"}', -20.00000000, 30.00000000, '🇿🇼', 'U+1F1FF U+1F1FC', '2018-07-21 01:41:03', '2021-12-11 19:17:10', 1, 'Q954'),
(248, 'Kosovo', 'XKX', '926', 'XK', '383', 'Pristina', 'EUR', 'Euro', '€', '.xk', 'Republika e Kosovës', 'Europe', 'Eastern Europe', '[{\"zoneName\":\"Europe/Belgrade\",\"gmtOffset\":3600,\"gmtOffsetName\":\"UTC+01:00\",\"abbreviation\":\"CET\",\"tzName\":\"Central European Time\"}]', '{\"kr\":\"코소보\",\"cn\":\"科索沃\"}', 42.56129090, 20.34030350, '🇽🇰', 'U+1F1FD U+1F1F0', '2020-08-15 21:03:50', '2021-12-11 18:56:38', 1, 'Q1246'),
(249, 'Curaçao', 'CUW', '531', 'CW', '599', 'Willemstad', 'ANG', 'Netherlands Antillean guilder', 'ƒ', '.cw', 'Curaçao', 'Americas', 'Caribbean', '[{\"zoneName\":\"America/Curacao\",\"gmtOffset\":-14400,\"gmtOffsetName\":\"UTC-04:00\",\"abbreviation\":\"AST\",\"tzName\":\"Atlantic Standard Time\"}]', '{\"kr\":\"퀴라소\",\"br\":\"Curaçao\",\"pt\":\"Curaçao\",\"nl\":\"Curaçao\",\"fa\":\"کوراسائو\",\"de\":\"Curaçao\",\"fr\":\"Curaçao\",\"it\":\"Curaçao\",\"cn\":\"库拉索\"}', 12.11666700, -68.93333300, '🇨🇼', 'U+1F1E8 U+1F1FC', '2020-10-25 20:24:20', '2021-12-11 18:31:45', 1, 'Q25279'),
(250, 'Sint Maarten (Dutch part)', 'SXM', '534', 'SX', '1721', 'Philipsburg', 'ANG', 'Netherlands Antillean guilder', 'ƒ', '.sx', 'Sint Maarten', 'Americas', 'Caribbean', '[{\"zoneName\":\"America/Anguilla\",\"gmtOffset\":-14400,\"gmtOffsetName\":\"UTC-04:00\",\"abbreviation\":\"AST\",\"tzName\":\"Atlantic Standard Time\"}]', '{\"kr\":\"신트마르턴\",\"br\":\"Sint Maarten\",\"pt\":\"São Martinho\",\"nl\":\"Sint Maarten\",\"fa\":\"سینت مارتن\",\"de\":\"Sint Maarten (niederl. Teil)\",\"fr\":\"Saint Martin (partie néerlandaise)\",\"it\":\"Saint Martin (parte olandese)\",\"cn\":\"圣马丁岛（荷兰部分）\"}', 18.03333300, -63.05000000, '🇸🇽', 'U+1F1F8 U+1F1FD', '2020-12-05 18:33:39', '2021-12-11 19:11:24', 1, 'Q26273');

-- --------------------------------------------------------

--
-- Структура таблиці `currencies`
--

CREATE TABLE `currencies` (
  `id` int(11) NOT NULL,
  `name` varchar(256) DEFAULT NULL,
  `code` varchar(256) DEFAULT NULL,
  `symbol` varchar(256) DEFAULT NULL,
  `exchange_rate` varchar(256) DEFAULT NULL,
  `is_default` int(11) NOT NULL DEFAULT '0',
  `status` int(11) NOT NULL,
  `created_at` timestamp NOT NULL DEFAULT CURRENT_TIMESTAMP,
  `updated_at` timestamp NOT NULL DEFAULT CURRENT_TIMESTAMP ON UPDATE CURRENT_TIMESTAMP
) ENGINE=InnoDB DEFAULT CHARSET=utf8mb4;

--
-- Дамп даних таблиці `currencies`
--

INSERT INTO `currencies` (`id`, `name`, `code`, `symbol`, `exchange_rate`, `is_default`, `status`, `created_at`, `updated_at`) VALUES
(1, 'USD', 'USD', '$', '1', 1, 1, '2025-02-04 06:19:06', '2025-02-04 06:19:06');

-- --------------------------------------------------------

--
-- Структура таблиці `custom_messages`
--

CREATE TABLE `custom_messages` (
  `id` int(11) NOT NULL,
  `title` varchar(2048) DEFAULT NULL,
  `message` varchar(4096) DEFAULT NULL,
  `type` varchar(64) DEFAULT NULL,
  `created_at` timestamp NOT NULL DEFAULT CURRENT_TIMESTAMP,
  `updated_at` datetime NOT NULL DEFAULT CURRENT_TIMESTAMP ON UPDATE CURRENT_TIMESTAMP
) ENGINE=InnoDB DEFAULT CHARSET=utf8;

-- --------------------------------------------------------

--
-- Структура таблиці `delivery_boy_notifications`
--

CREATE TABLE `delivery_boy_notifications` (
  `id` int(11) NOT NULL,
  `delivery_boy_id` int(11) NOT NULL,
  `order_id` int(11) NOT NULL,
  `title` mediumtext COLLATE utf8mb4_unicode_ci NOT NULL,
  `message` mediumtext COLLATE utf8mb4_unicode_ci NOT NULL,
  `type` varchar(56) COLLATE utf8mb4_unicode_ci NOT NULL,
  `date_created` timestamp NOT NULL DEFAULT CURRENT_TIMESTAMP
) ENGINE=MyISAM DEFAULT CHARSET=utf8mb4 COLLATE=utf8mb4_unicode_ci;

-- --------------------------------------------------------

--
-- Структура таблиці `digital_orders_mails`
--

CREATE TABLE `digital_orders_mails` (
  `id` int(11) NOT NULL,
  `order_id` int(11) DEFAULT NULL,
  `order_item_id` int(11) DEFAULT NULL,
  `subject` varchar(256) DEFAULT NULL,
  `message` varchar(256) DEFAULT NULL,
  `file_url` varchar(512) DEFAULT NULL,
  `created_at` timestamp NOT NULL DEFAULT CURRENT_TIMESTAMP,
  `updated_at` timestamp NULL DEFAULT CURRENT_TIMESTAMP
) ENGINE=InnoDB DEFAULT CHARSET=utf8;

-- --------------------------------------------------------

--
-- Структура таблиці `disputs`
--

CREATE TABLE `disputs` (
  `id` bigint(20) UNSIGNED NOT NULL,
  `return_request_id` int(11) NOT NULL,
  `user_id` int(11) NOT NULL,
  `seller_id` int(11) NOT NULL,
  `status` varchar(255) COLLATE utf8mb4_unicode_ci NOT NULL DEFAULT 'open',
  `admin_requested_at` timestamp NULL DEFAULT NULL,
  `admin_requester_id` bigint(20) UNSIGNED DEFAULT NULL,
  `created_at` timestamp NULL DEFAULT NULL,
  `updated_at` timestamp NULL DEFAULT NULL
) ENGINE=InnoDB DEFAULT CHARSET=utf8mb4 COLLATE=utf8mb4_unicode_ci;

-- --------------------------------------------------------

--
-- Структура таблиці `disput_messages`
--

CREATE TABLE `disput_messages` (
  `id` bigint(20) UNSIGNED NOT NULL,
  `disput_id` bigint(20) UNSIGNED NOT NULL,
  `sender_id` int(11) NOT NULL,
  `message` text COLLATE utf8mb4_unicode_ci NOT NULL,
  `refund_amount` decimal(10,2) DEFAULT NULL,
  `application_type` varchar(255) COLLATE utf8mb4_unicode_ci DEFAULT NULL,
  `refund_method` varchar(255) COLLATE utf8mb4_unicode_ci DEFAULT NULL,
  `evidence_path` json DEFAULT NULL,
  `proposal_status` varchar(255) COLLATE utf8mb4_unicode_ci DEFAULT NULL,
  `created_at` timestamp NULL DEFAULT NULL,
  `updated_at` timestamp NULL DEFAULT NULL
) ENGINE=InnoDB DEFAULT CHARSET=utf8mb4 COLLATE=utf8mb4_unicode_ci;

-- --------------------------------------------------------

--
-- Структура таблиці `failed_jobs`
--

CREATE TABLE `failed_jobs` (
  `id` bigint(20) UNSIGNED NOT NULL,
  `uuid` varchar(255) COLLATE utf8mb4_unicode_ci NOT NULL,
  `connection` text COLLATE utf8mb4_unicode_ci NOT NULL,
  `queue` text COLLATE utf8mb4_unicode_ci NOT NULL,
  `payload` longtext COLLATE utf8mb4_unicode_ci NOT NULL,
  `exception` longtext COLLATE utf8mb4_unicode_ci NOT NULL,
  `failed_at` timestamp NOT NULL DEFAULT CURRENT_TIMESTAMP
) ENGINE=InnoDB DEFAULT CHARSET=utf8mb4 COLLATE=utf8mb4_unicode_ci;

-- --------------------------------------------------------

--
-- Структура таблиці `faqs`
--

CREATE TABLE `faqs` (
  `id` int(11) NOT NULL,
  `question` mediumtext COLLATE utf8mb4_unicode_ci,
  `answer` mediumtext COLLATE utf8mb4_unicode_ci,
  `status` char(1) COLLATE utf8mb4_unicode_ci DEFAULT '1',
  `created_at` timestamp NOT NULL DEFAULT CURRENT_TIMESTAMP,
  `updated_at` timestamp NOT NULL DEFAULT CURRENT_TIMESTAMP ON UPDATE CURRENT_TIMESTAMP
) ENGINE=InnoDB DEFAULT CHARSET=utf8mb4 COLLATE=utf8mb4_unicode_ci;

-- --------------------------------------------------------

--
-- Структура таблиці `favorites`
--

CREATE TABLE `favorites` (
  `id` int(11) NOT NULL,
  `user_id` int(11) NOT NULL,
  `product_id` int(11) DEFAULT NULL,
  `seller_id` int(11) DEFAULT NULL,
  `product_type` varchar(256) COLLATE utf8mb4_unicode_ci DEFAULT NULL,
  `is_seller` int(11) NOT NULL DEFAULT '0',
  `updated_at` timestamp NOT NULL DEFAULT CURRENT_TIMESTAMP,
  `created_at` timestamp NOT NULL DEFAULT CURRENT_TIMESTAMP
) ENGINE=MyISAM DEFAULT CHARSET=utf8mb4 COLLATE=utf8mb4_unicode_ci;

--
-- Дамп даних таблиці `favorites`
--

INSERT INTO `favorites` (`id`, `user_id`, `product_id`, `seller_id`, `product_type`, `is_seller`, `updated_at`, `created_at`) VALUES
(2, 413, 6, NULL, 'regular', 0, '2025-04-29 14:05:15', '2025-04-29 14:05:15');

-- --------------------------------------------------------

--
-- Структура таблиці `fund_transfers`
--

CREATE TABLE `fund_transfers` (
  `id` int(11) NOT NULL,
  `delivery_boy_id` int(11) NOT NULL,
  `opening_balance` double NOT NULL,
  `closing_balance` double NOT NULL,
  `amount` double NOT NULL,
  `status` varchar(28) COLLATE utf8mb4_unicode_ci DEFAULT NULL,
  `message` varchar(512) COLLATE utf8mb4_unicode_ci DEFAULT NULL,
  `created_at` timestamp NOT NULL DEFAULT CURRENT_TIMESTAMP,
  `updated_at` timestamp NULL DEFAULT CURRENT_TIMESTAMP
) ENGINE=InnoDB DEFAULT CHARSET=utf8mb4 COLLATE=utf8mb4_unicode_ci;

-- --------------------------------------------------------

--
-- Структура таблиці `images`
--

CREATE TABLE `images` (
  `id` int(11) NOT NULL,
  `uuid` varchar(256) COLLATE utf8mb4_unicode_ci DEFAULT NULL,
  `seller_id` int(11) NOT NULL DEFAULT '0',
  `name` mediumtext COLLATE utf8mb4_unicode_ci,
  `file_name` mediumtext COLLATE utf8mb4_unicode_ci,
  `disk` varchar(256) COLLATE utf8mb4_unicode_ci DEFAULT NULL,
  `disk_name` varchar(256) COLLATE utf8mb4_unicode_ci DEFAULT NULL,
  `conversions_disk` varchar(256) COLLATE utf8mb4_unicode_ci DEFAULT NULL,
  `collection_name` varchar(256) COLLATE utf8mb4_unicode_ci DEFAULT NULL,
  `extension` varchar(16) COLLATE utf8mb4_unicode_ci DEFAULT NULL,
  `mime_type` varchar(16) COLLATE utf8mb4_unicode_ci DEFAULT NULL,
  `custom_properties` mediumtext COLLATE utf8mb4_unicode_ci,
  `size` mediumtext COLLATE utf8mb4_unicode_ci,
  `generated_conversions` varchar(256) COLLATE utf8mb4_unicode_ci DEFAULT NULL,
  `responsive_images` varchar(256) COLLATE utf8mb4_unicode_ci DEFAULT NULL,
  `manipulations` varchar(256) COLLATE utf8mb4_unicode_ci DEFAULT NULL,
  `order_column` int(11) DEFAULT NULL,
  `model_type` varchar(256) COLLATE utf8mb4_unicode_ci DEFAULT NULL,
  `model_id` bigint(8) DEFAULT NULL,
  `created_at` timestamp NOT NULL DEFAULT CURRENT_TIMESTAMP,
  `updated_at` datetime NOT NULL DEFAULT CURRENT_TIMESTAMP ON UPDATE CURRENT_TIMESTAMP,
  `_token` varchar(255) COLLATE utf8mb4_unicode_ci DEFAULT NULL
) ENGINE=InnoDB DEFAULT CHARSET=utf8mb4 COLLATE=utf8mb4_unicode_ci;

-- --------------------------------------------------------

--
-- Структура таблиці `languages`
--

CREATE TABLE `languages` (
  `id` int(11) NOT NULL,
  `language` varchar(128) COLLATE utf8mb4_unicode_ci DEFAULT NULL,
  `code` varchar(8) COLLATE utf8mb4_unicode_ci DEFAULT NULL,
  `is_rtl` tinyint(4) NOT NULL DEFAULT '0',
  `created_at` timestamp NOT NULL DEFAULT CURRENT_TIMESTAMP,
  `updated_at` timestamp NOT NULL DEFAULT CURRENT_TIMESTAMP
) ENGINE=InnoDB DEFAULT CHARSET=utf8mb4 COLLATE=utf8mb4_unicode_ci;

--
-- Дамп даних таблиці `languages`
--

INSERT INTO `languages` (`id`, `language`, `code`, `is_rtl`, `created_at`, `updated_at`) VALUES
(1, 'russian', 'ru', 0, '2025-05-02 05:26:23', '2025-05-02 05:26:23'),
(2, 'english', 'en', 0, '2025-05-02 05:30:27', '2025-05-02 05:30:27');

-- --------------------------------------------------------

--
-- Структура таблиці `login_attempts`
--

CREATE TABLE `login_attempts` (
  `id` int(11) UNSIGNED NOT NULL,
  `ip_address` varchar(45) COLLATE utf8mb4_unicode_ci NOT NULL,
  `login` varchar(100) COLLATE utf8mb4_unicode_ci NOT NULL,
  `time` int(11) UNSIGNED DEFAULT NULL
) ENGINE=InnoDB DEFAULT CHARSET=utf8mb4 COLLATE=utf8mb4_unicode_ci;

-- --------------------------------------------------------

--
-- Структура таблиці `media`
--

CREATE TABLE `media` (
  `id` int(11) NOT NULL,
  `store_id` int(11) DEFAULT NULL,
  `seller_id` int(11) NOT NULL DEFAULT '0',
  `name` mediumtext COLLATE utf8mb4_unicode_ci NOT NULL,
  `extension` varchar(16) COLLATE utf8mb4_unicode_ci NOT NULL,
  `type` varchar(16) COLLATE utf8mb4_unicode_ci NOT NULL,
  `sub_directory` mediumtext COLLATE utf8mb4_unicode_ci NOT NULL,
  `size` mediumtext COLLATE utf8mb4_unicode_ci NOT NULL,
  `order_column` int(11) DEFAULT NULL,
  `model_type` varchar(256) COLLATE utf8mb4_unicode_ci NOT NULL,
  `model_id` int(11) DEFAULT NULL,
  `file_name` varchar(256) COLLATE utf8mb4_unicode_ci NOT NULL,
  `disk` varchar(256) COLLATE utf8mb4_unicode_ci NOT NULL,
  `conversions_disk` varchar(256) COLLATE utf8mb4_unicode_ci NOT NULL,
  `collection_name` varchar(256) COLLATE utf8mb4_unicode_ci NOT NULL,
  `mime_type` varchar(256) COLLATE utf8mb4_unicode_ci NOT NULL,
  `custom_properties` varchar(256) COLLATE utf8mb4_unicode_ci NOT NULL,
  `generated_conversions` varchar(256) COLLATE utf8mb4_unicode_ci NOT NULL,
  `responsive_images` varchar(256) COLLATE utf8mb4_unicode_ci NOT NULL,
  `manipulations` varchar(256) COLLATE utf8mb4_unicode_ci NOT NULL,
  `uuid` int(11) DEFAULT NULL,
  `object_url` varchar(1024) COLLATE utf8mb4_unicode_ci DEFAULT NULL,
  `created_at` timestamp NOT NULL DEFAULT CURRENT_TIMESTAMP,
  `updated_at` datetime NOT NULL DEFAULT CURRENT_TIMESTAMP ON UPDATE CURRENT_TIMESTAMP
) ENGINE=InnoDB DEFAULT CHARSET=utf8mb4 COLLATE=utf8mb4_unicode_ci;

--
-- Дамп даних таблиці `media`
--

INSERT INTO `media` (`id`, `store_id`, `seller_id`, `name`, `extension`, `type`, `sub_directory`, `size`, `order_column`, `model_type`, `model_id`, `file_name`, `disk`, `conversions_disk`, `collection_name`, `mime_type`, `custom_properties`, `generated_conversions`, `responsive_images`, `manipulations`, `uuid`, `object_url`, `created_at`, `updated_at`) VALUES
(1, NULL, 0, 'eshop-logo', '', '', '', '2296', 1, 'App\\Models\\StorageType', 1, 'eshop-logo-1740037193_3057.png', 'public', 'public', 'store_images', 'image/png', '[]', '[]', '[]', '[]', 34862, NULL, '2025-02-20 05:39:53', '2025-02-20 07:39:53'),
(2, NULL, 0, 'image', '', '', '', '424113', 2, 'App\\Models\\StorageType', 1, 'image-1740037193_7664.jpg', 'public', 'public', 'store_images', 'image/jpeg', '[]', '[]', '[]', '[]', 0, NULL, '2025-02-20 05:39:53', '2025-02-20 07:39:53'),
(3, NULL, 0, 'image', '', '', '', '424113', 3, 'App\\Models\\StorageType', 1, 'image-1740037193_8940.jpg', 'public', 'public', 'store_images', 'image/jpeg', '[]', '[]', '[]', '[]', 3, NULL, '2025-02-20 05:39:53', '2025-02-20 07:39:53'),
(4, NULL, 0, 'image', '', '', '', '424113', 4, 'App\\Models\\StorageType', 1, 'image-1740037193_6680.jpg', 'public', 'public', 'store_images', 'image/jpeg', '[]', '[]', '[]', '[]', 2, NULL, '2025-02-20 05:39:53', '2025-02-20 07:39:53'),
(5, NULL, 0, 'image', '', '', '', '424113', 5, 'App\\Models\\StorageType', 1, 'image-1740037193_6251.jpg', 'public', 'public', 'store_images', 'image/jpeg', '[]', '[]', '[]', '[]', 3, NULL, '2025-02-20 05:39:53', '2025-02-20 07:39:53'),
(6, NULL, 0, 'eshop-logo', '', '', '', '2296', 6, 'App\\Models\\StorageType', 1, 'eshop-logo-1740037193_5484.png', 'public', 'public', 'store_images', 'image/png', '[]', '[]', '[]', '[]', 0, NULL, '2025-02-20 05:39:53', '2025-02-20 07:39:53'),
(7, 1, 0, 'eshop-logo', 'png', 'image', '/media', '5330', 7, 'App\\Models\\StorageType', 1, 'eshop-logo-1740037256_3875.png', 'public', 'public', 'media', 'image/jpeg', '[]', '[]', '[]', '[]', 2024832, NULL, '2025-02-20 05:40:56', '2025-02-20 07:40:56'),
(9, 1, 0, 'favicon-32x32', 'png', 'image', '/media', '964', 8, 'App\\Models\\StorageType', 1, 'favicon-32x32-1740039763_1134.png', 'public', 'public', 'media', 'image/jpeg', '[]', '[]', '[]', '[]', 0, NULL, '2025-02-20 06:22:43', '2025-02-20 08:22:43'),
(10, 1, 0, 'image', 'jpg', 'image', '/media', '207010', 9, 'App\\Models\\StorageType', 1, 'image-1740039816_3906.jpg', 'public', 'public', 'media', 'image/jpeg', '[]', '[]', '[]', '[]', 0, NULL, '2025-02-20 06:23:36', '2025-02-20 08:23:36'),
(11, 1, 0, 'image-(1)', 'jpg', 'image', '/media', '84740', 10, 'App\\Models\\StorageType', 1, 'image-(1)-1740039826_1164.jpg', 'public', 'public', 'media', 'image/jpeg', '[]', '[]', '[]', '[]', 0, NULL, '2025-02-20 06:23:46', '2025-02-20 08:23:46'),
(12, 1, 0, 'image-(2)', 'jpg', 'image', '/media', '5723', 11, 'App\\Models\\StorageType', 1, 'image-(2)-1740223072_6534.jpg', 'public', 'public', 'media', 'image/jpeg', '[]', '[]', '[]', '[]', 0, NULL, '2025-02-22 09:17:52', '2025-02-22 11:17:52'),
(13, NULL, 0, 'image', '', '', '', '1046', 12, 'App\\Models\\StorageType', 1, 'image-1741257671_2420.webp', 'public', 'public', 'store_images', 'image/webp', '[]', '[]', '[]', '[]', 5, NULL, '2025-03-06 08:41:11', '2025-03-06 10:41:11'),
(14, NULL, 0, 'e1-image', '', '', '', '138846', 13, 'App\\Models\\StorageType', 1, 'e1-image-1741257671_1856.jpg', 'public', 'public', 'store_images', 'image/jpeg', '[]', '[]', '[]', '[]', 6, NULL, '2025-03-06 08:41:11', '2025-03-06 10:41:11'),
(15, NULL, 0, 'e-image', '', '', '', '137317', 14, 'App\\Models\\StorageType', 1, 'e-image-1741257671_9613.jpg', 'public', 'public', 'store_images', 'image/jpeg', '[]', '[]', '[]', '[]', 39447949, NULL, '2025-03-06 08:41:11', '2025-03-06 10:41:11'),
(16, NULL, 0, 'e2-image', '', '', '', '133629', 15, 'App\\Models\\StorageType', 1, 'e2-image-1741257671_5036.jpg', 'public', 'public', 'store_images', 'image/jpeg', '[]', '[]', '[]', '[]', 571, NULL, '2025-03-06 08:41:11', '2025-03-06 10:41:11'),
(17, NULL, 0, 'e1-image', '', '', '', '138846', 16, 'App\\Models\\StorageType', 1, 'e1-image-1741257671_7009.jpg', 'public', 'public', 'store_images', 'image/jpeg', '[]', '[]', '[]', '[]', 1, NULL, '2025-03-06 08:41:11', '2025-03-06 10:41:11'),
(18, NULL, 0, 'eshop-logo', '', '', '', '2296', 17, 'App\\Models\\StorageType', 1, 'eshop-logo-1741257671_7376.png', 'public', 'public', 'store_images', 'image/png', '[]', '[]', '[]', '[]', 9, NULL, '2025-03-06 08:41:11', '2025-03-06 10:41:11'),
(19, 1, 0, 'e-image', 'jpg', 'image', '/media', '74992', 18, 'App\\Models\\StorageType', 1, 'e-image-1741257848_1987.jpg', 'public', 'public', 'media', 'image/jpeg', '[]', '[]', '[]', '[]', 0, NULL, '2025-03-06 08:44:08', '2025-03-06 10:44:08'),
(20, 1, 0, 'e2-image', 'jpg', 'image', '/media', '74461', 19, 'App\\Models\\StorageType', 1, 'e2-image-1741257848_8879.jpg', 'public', 'public', 'media', 'image/jpeg', '[]', '[]', '[]', '[]', 0, NULL, '2025-03-06 08:44:08', '2025-03-06 10:44:08'),
(21, 1, 0, 'e1-image', 'jpg', 'image', '/media', '74652', 20, 'App\\Models\\StorageType', 1, 'e1-image-1741257848_1776.jpg', 'public', 'public', 'media', 'image/jpeg', '[]', '[]', '[]', '[]', 2147483647, NULL, '2025-03-06 08:44:08', '2025-03-06 10:44:08'),
(22, 2, 0, 'image', 'webp', 'image', '/media', '1267', 21, 'App\\Models\\StorageType', 1, 'image-1741257993_9413.webp', 'public', 'public', 'media', 'image/jpeg', '[]', '[]', '[]', '[]', 0, NULL, '2025-03-06 08:46:33', '2025-03-06 10:46:33'),
(23, 2, 0, 'e1-image', 'jpg', 'image', '/media', '74652', 22, 'App\\Models\\StorageType', 1, 'e1-image-1741257993_7561.jpg', 'public', 'public', 'media', 'image/jpeg', '[]', '[]', '[]', '[]', 2147483647, NULL, '2025-03-06 08:46:33', '2025-03-06 10:46:33'),
(24, 2, 0, 'e2-image', 'jpg', 'image', '/media', '74461', 23, 'App\\Models\\StorageType', 1, 'e2-image-1741257993_7393.jpg', 'public', 'public', 'media', 'image/jpeg', '[]', '[]', '[]', '[]', 0, NULL, '2025-03-06 08:46:33', '2025-03-06 10:46:33'),
(25, 2, 0, 'e-image', 'jpg', 'image', '/media', '74992', 24, 'App\\Models\\StorageType', 1, 'e-image-1741257993_7213.jpg', 'public', 'public', 'media', 'image/jpeg', '[]', '[]', '[]', '[]', 17, NULL, '2025-03-06 08:46:33', '2025-03-06 10:46:33'),
(26, 2, 0, 'home-appliance-2-1717396497_6130', 'webp', 'image', '/media', '8185', 25, 'App\\Models\\StorageType', 1, 'home-appliance-2-1717396497_6130-1741258138_2089.webp', 'public', 'public', 'media', 'image/jpeg', '[]', '[]', '[]', '[]', 1, NULL, '2025-03-06 08:48:58', '2025-03-06 10:48:58'),
(27, NULL, 0, 'image', '', '', '', '10285', 26, 'App\\Models\\StorageType', 1, 'image-1741258884_2697.png', 'public', 'public', 'sellers', 'image/png', '[]', '[]', '[]', '[]', 0, NULL, '2025-03-06 09:01:24', '2025-03-06 11:01:24'),
(28, NULL, 0, 'image', '', '', '', '10285', 27, 'App\\Models\\StorageType', 1, 'image-1741258884_7169.png', 'public', 'public', 'sellers', 'image/png', '[]', '[]', '[]', '[]', 0, NULL, '2025-03-06 09:01:24', '2025-03-06 11:01:24'),
(29, NULL, 0, 'image', '', '', '', '10285', 28, 'App\\Models\\StorageType', 1, 'image-1741258884_8408.png', 'public', 'public', 'sellers', 'image/png', '[]', '[]', '[]', '[]', 94, NULL, '2025-03-06 09:01:24', '2025-03-06 11:01:24'),
(30, NULL, 0, 'image', '', '', '', '10285', 29, 'App\\Models\\StorageType', 1, 'image-1741258884_5675.png', 'public', 'public', 'sellers', 'image/png', '[]', '[]', '[]', '[]', 0, NULL, '2025-03-06 09:01:24', '2025-03-06 11:01:24'),
(31, NULL, 0, 'image', '', '', '', '10285', 30, 'App\\Models\\StorageType', 1, 'image-1741258884_1410.png', 'public', 'public', 'sellers', 'image/png', '[]', '[]', '[]', '[]', 680, NULL, '2025-03-06 09:01:24', '2025-03-06 11:01:24'),
(32, NULL, 0, 'image', '', '', '', '10285', 31, 'App\\Models\\StorageType', 1, 'image-1741258884_5944.png', 'public', 'public', 'sellers', 'image/png', '[]', '[]', '[]', '[]', 2147483647, NULL, '2025-03-06 09:01:24', '2025-03-06 11:01:24'),
(33, 2, 0, 'image-(1)', 'png', 'image', '/media', '1948', 32, 'App\\Models\\StorageType', 1, 'image-(1)-1741259454_8901.png', 'public', 'public', 'media', 'image/jpeg', '[]', '[]', '[]', '[]', 0, NULL, '2025-03-06 09:10:54', '2025-03-06 11:10:54'),
(34, 2, 0, 'image-(3)', 'jpg', 'image', '/media', '2398', 33, 'App\\Models\\StorageType', 1, 'image-(3)-1741259498_3449.jpg', 'public', 'public', 'media', 'image/jpeg', '[]', '[]', '[]', '[]', 0, NULL, '2025-03-06 09:11:38', '2025-03-06 11:11:38'),
(35, 2, 1, 'image (4)', 'jpg', 'image', '/media', '2264', 34, 'App\\Models\\StorageType', 1, 'image-(4)-1741260301_1398.jpg', 'public', 'public', 'media', 'image/jpeg', '[]', '[]', '[]', '[]', 102, NULL, '2025-03-06 09:25:01', '2025-03-06 11:25:01'),
(36, 2, 0, 'image-(1)', 'webp', 'image', '/media', '3237', 35, 'App\\Models\\StorageType', 1, 'image-(1)-1741267960_1021.webp', 'public', 'public', 'media', 'image/jpeg', '[]', '[]', '[]', '[]', 7, NULL, '2025-03-06 11:32:40', '2025-03-06 13:32:40'),
(37, 2, 0, 'image-(5)', 'jpg', 'image', '/media', '4044', 36, 'App\\Models\\StorageType', 1, 'image-(5)-1741267960_2485.jpg', 'public', 'public', 'media', 'image/jpeg', '[]', '[]', '[]', '[]', 47, NULL, '2025-03-06 11:32:40', '2025-03-06 13:32:40'),
(38, 2, 1, 'image (6)', 'jpg', 'image', '/media', '5083', 37, 'App\\Models\\StorageType', 1, 'image-(6)-1741275448_8905.jpg', 'public', 'public', 'media', 'image/jpeg', '[]', '[]', '[]', '[]', 38000, NULL, '2025-03-06 13:37:28', '2025-03-06 15:37:28'),
(39, NULL, 0, '4_015301189aa_orig', '', '', '', '18821', 38, 'App\\Models\\StorageType', 1, '4_015301189aa_orig-1741597182_5718.jpg', 'public', 'public', 'sellers', 'image/jpeg', '[]', '[]', '[]', '[]', 8741466, NULL, '2025-03-10 06:59:42', '2025-03-10 08:59:42'),
(40, NULL, 0, '5_015301189aa_orig', '', '', '', '30865', 39, 'App\\Models\\StorageType', 1, '5_015301189aa_orig-1741597182_9931.jpg', 'public', 'public', 'sellers', 'image/jpeg', '[]', '[]', '[]', '[]', 890, NULL, '2025-03-10 06:59:42', '2025-03-10 08:59:42'),
(41, NULL, 0, 'cat', '', '', '', '41604', 40, 'App\\Models\\StorageType', 1, 'cat-1741597317_9411.jpg', 'public', 'public', 'sellers', 'image/jpeg', '[]', '[]', '[]', '[]', 39, NULL, '2025-03-10 07:01:57', '2025-03-10 09:01:57'),
(42, NULL, 0, 'cat', '', '', '', '41604', 41, 'App\\Models\\StorageType', 1, 'cat-1741598455_5398.jpg', 'public', 'public', 'sellers', 'image/jpeg', '[]', '[]', '[]', '[]', 316, NULL, '2025-03-10 07:20:55', '2025-03-10 09:20:55'),
(43, NULL, 0, '1715440476401', '', '', '', '236558', 42, 'App\\Models\\StorageType', 1, '1715440476401-1741602047_3291.jpg', 'public', 'public', 'sellers', 'image/jpeg', '[]', '[]', '[]', '[]', 6, NULL, '2025-03-10 08:20:47', '2025-03-10 10:20:47'),
(44, NULL, 0, 'cat', '', '', '', '41604', 43, 'App\\Models\\StorageType', 1, 'cat-1741602047_9320.jpg', 'public', 'public', 'sellers', 'image/jpeg', '[]', '[]', '[]', '[]', 0, NULL, '2025-03-10 08:20:47', '2025-03-10 10:20:47'),
(45, NULL, 0, 'UjBH5UOci8', '', '', '', '111823', 44, 'App\\Models\\StorageType', 1, 'ujbh5uoci8-1741602047_4907.png', 'public', 'public', 'sellers', 'image/png', '[]', '[]', '[]', '[]', 0, NULL, '2025-03-10 08:20:47', '2025-03-10 10:20:47'),
(46, NULL, 0, 'favicon-150x150', '', '', '', '3088', 45, 'App\\Models\\StorageType', 1, 'favicon-150x150-1741602047_5645.jpg', 'public', 'public', 'sellers', 'image/jpeg', '[]', '[]', '[]', '[]', 52, NULL, '2025-03-10 08:20:47', '2025-03-10 10:20:47'),
(47, NULL, 0, 'image (2)', '', '', '', '8421', 46, 'App\\Models\\StorageType', 1, 'image-(2)-1741602047_6836.jpg', 'public', 'public', 'sellers', 'image/jpeg', '[]', '[]', '[]', '[]', 27947, NULL, '2025-03-10 08:20:47', '2025-03-10 10:20:47'),
(48, NULL, 0, '1715440476401', '', '', '', '236558', 47, 'App\\Models\\StorageType', 1, '1715440476401-1741602047_9618.jpg', 'public', 'public', 'sellers', 'image/jpeg', '[]', '[]', '[]', '[]', 1, NULL, '2025-03-10 08:20:47', '2025-03-10 10:20:47'),
(49, NULL, 0, 'Screenshot_2', '', '', '', '55393', 48, 'App\\Models\\StorageType', 1, 'screenshot_2-1741602047_2898.jpg', 'public', 'public', 'sellers', 'image/jpeg', '[]', '[]', '[]', '[]', 0, NULL, '2025-03-10 08:20:47', '2025-03-10 10:20:47'),
(50, NULL, 0, 'image', '', '', '', '367773', 49, 'App\\Models\\StorageType', 1, 'image-1741602998_6856.jpg', 'public', 'public', 'sellers', 'image/jpeg', '[]', '[]', '[]', '[]', 786, NULL, '2025-03-10 08:36:38', '2025-03-10 10:36:38'),
(51, NULL, 0, 'cat', '', '', '', '41604', 50, 'App\\Models\\StorageType', 1, 'cat-1741602998_3814.jpg', 'public', 'public', 'sellers', 'image/jpeg', '[]', '[]', '[]', '[]', 0, NULL, '2025-03-10 08:36:38', '2025-03-10 10:36:38'),
(52, NULL, 0, 'UjBH5UOci8', '', '', '', '111823', 51, 'App\\Models\\StorageType', 1, 'ujbh5uoci8-1741602998_2873.png', 'public', 'public', 'sellers', 'image/png', '[]', '[]', '[]', '[]', 0, NULL, '2025-03-10 08:36:38', '2025-03-10 10:36:38'),
(53, NULL, 0, 'favicon-150x150', '', '', '', '3088', 52, 'App\\Models\\StorageType', 1, 'favicon-150x150-1741602998_9067.jpg', 'public', 'public', 'sellers', 'image/jpeg', '[]', '[]', '[]', '[]', 0, NULL, '2025-03-10 08:36:38', '2025-03-10 10:36:38'),
(54, NULL, 0, 'image (2)', '', '', '', '8421', 53, 'App\\Models\\StorageType', 1, 'image-(2)-1741602998_1626.jpg', 'public', 'public', 'sellers', 'image/jpeg', '[]', '[]', '[]', '[]', 2147483647, NULL, '2025-03-10 08:36:38', '2025-03-10 10:36:38'),
(55, NULL, 0, 'eshop-logo', '', '', '', '3745', 54, 'App\\Models\\StorageType', 1, 'eshop-logo-1741602998_5351.png', 'public', 'public', 'sellers', 'image/png', '[]', '[]', '[]', '[]', 5493, NULL, '2025-03-10 08:36:38', '2025-03-10 10:36:38'),
(56, NULL, 0, 'Screenshot_2', '', '', '', '55393', 55, 'App\\Models\\StorageType', 1, 'screenshot_2-1741602998_8530.jpg', 'public', 'public', 'sellers', 'image/jpeg', '[]', '[]', '[]', '[]', 0, NULL, '2025-03-10 08:36:38', '2025-03-10 10:36:38'),
(57, NULL, 0, 'image (1)', '', '', '', '140471', 56, 'App\\Models\\StorageType', 1, 'image-(1)-1741603328_3583.jpg', 'public', 'public', 'sellers', 'image/jpeg', '[]', '[]', '[]', '[]', 0, NULL, '2025-03-10 08:42:08', '2025-03-10 10:42:08'),
(58, NULL, 0, 'cat', '', '', '', '41604', 57, 'App\\Models\\StorageType', 1, 'cat-1741603328_2092.jpg', 'public', 'public', 'sellers', 'image/jpeg', '[]', '[]', '[]', '[]', 0, NULL, '2025-03-10 08:42:08', '2025-03-10 10:42:08'),
(59, NULL, 0, 'UjBH5UOci8', '', '', '', '111823', 58, 'App\\Models\\StorageType', 1, 'ujbh5uoci8-1741603328_1393.png', 'public', 'public', 'sellers', 'image/png', '[]', '[]', '[]', '[]', 0, NULL, '2025-03-10 08:42:08', '2025-03-10 10:42:08'),
(60, NULL, 0, 'favicon-150x150', '', '', '', '3088', 59, 'App\\Models\\StorageType', 1, 'favicon-150x150-1741603328_9133.jpg', 'public', 'public', 'sellers', 'image/jpeg', '[]', '[]', '[]', '[]', 0, NULL, '2025-03-10 08:42:08', '2025-03-10 10:42:08'),
(61, NULL, 0, 'Screenshot_1', '', '', '', '35640', 60, 'App\\Models\\StorageType', 1, 'screenshot_1-1741603328_7951.jpg', 'public', 'public', 'sellers', 'image/jpeg', '[]', '[]', '[]', '[]', 5, NULL, '2025-03-10 08:42:08', '2025-03-10 10:42:08'),
(62, NULL, 0, 'eshop-logo', '', '', '', '3745', 61, 'App\\Models\\StorageType', 1, 'eshop-logo-1741603328_5094.png', 'public', 'public', 'sellers', 'image/png', '[]', '[]', '[]', '[]', 0, NULL, '2025-03-10 08:42:08', '2025-03-10 10:42:08'),
(63, NULL, 0, 'Screenshot_2', '', '', '', '55393', 62, 'App\\Models\\StorageType', 1, 'screenshot_2-1741603328_6698.jpg', 'public', 'public', 'sellers', 'image/jpeg', '[]', '[]', '[]', '[]', 7, NULL, '2025-03-10 08:42:08', '2025-03-10 10:42:08'),
(64, NULL, 0, '1715440476401', '', '', '', '236558', 63, 'App\\Models\\StorageType', 1, '1715440476401-1741605297_6023.jpg', 'public', 'public', 'sellers', 'image/jpeg', '[]', '[]', '[]', '[]', 7103, NULL, '2025-03-10 09:14:57', '2025-03-10 11:14:57'),
(65, NULL, 0, 'cat', '', '', '', '41604', 64, 'App\\Models\\StorageType', 1, 'cat-1741605297_8767.jpg', 'public', 'public', 'sellers', 'image/jpeg', '[]', '[]', '[]', '[]', 254, NULL, '2025-03-10 09:14:57', '2025-03-10 11:14:57'),
(66, NULL, 0, 'UjBH5UOci8', '', '', '', '111823', 65, 'App\\Models\\StorageType', 1, 'ujbh5uoci8-1741605297_8525.png', 'public', 'public', 'sellers', 'image/png', '[]', '[]', '[]', '[]', 0, NULL, '2025-03-10 09:14:57', '2025-03-10 11:14:57'),
(67, NULL, 0, 'favicon-150x150', '', '', '', '3088', 66, 'App\\Models\\StorageType', 1, 'favicon-150x150-1741605297_3710.jpg', 'public', 'public', 'sellers', 'image/jpeg', '[]', '[]', '[]', '[]', 74416, NULL, '2025-03-10 09:14:57', '2025-03-10 11:14:57'),
(68, NULL, 0, 'image (2)', '', '', '', '8421', 67, 'App\\Models\\StorageType', 1, 'image-(2)-1741605297_5169.jpg', 'public', 'public', 'sellers', 'image/jpeg', '[]', '[]', '[]', '[]', 0, NULL, '2025-03-10 09:14:57', '2025-03-10 11:14:57'),
(69, NULL, 0, 'eshop-logo', '', '', '', '3745', 68, 'App\\Models\\StorageType', 1, 'eshop-logo-1741605297_6345.png', 'public', 'public', 'sellers', 'image/png', '[]', '[]', '[]', '[]', 2660923, NULL, '2025-03-10 09:14:57', '2025-03-10 11:14:57'),
(70, NULL, 0, 'Screenshot_2', '', '', '', '55393', 69, 'App\\Models\\StorageType', 1, 'screenshot_2-1741605297_7935.jpg', 'public', 'public', 'sellers', 'image/jpeg', '[]', '[]', '[]', '[]', 75, NULL, '2025-03-10 09:14:57', '2025-03-10 11:14:57'),
(71, 2, 4, 'image (7)', 'jpg', 'image', '/media', '24508', 70, 'App\\Models\\StorageType', 1, 'image-(7)-1741687662_4236.jpg', 'public', 'public', 'media', 'image/jpeg', '[]', '[]', '[]', '[]', 0, NULL, '2025-03-11 08:07:42', '2025-03-11 10:07:42'),
(72, 2, 4, 'image (2)', 'webp', 'image', '/media', '2490', 71, 'App\\Models\\StorageType', 1, 'image-(2)-1741787738_9403.webp', 'public', 'public', 'media', 'image/webp', '[]', '[]', '[]', '[]', 15, NULL, '2025-03-12 11:55:38', '2025-03-12 13:55:38'),
(73, 2, 4, 'image (8)', 'jpg', 'image', '/media', '6122', 72, 'App\\Models\\StorageType', 1, 'image-(8)-1741787738_4531.jpg', 'public', 'public', 'media', 'image/jpeg', '[]', '[]', '[]', '[]', 0, NULL, '2025-03-12 11:55:38', '2025-03-12 13:55:38'),
(74, 2, 4, 'image (3)', 'webp', 'image', '/media', '2218', 73, 'App\\Models\\StorageType', 1, 'image-(3)-1741790261_8201.webp', 'public', 'public', 'media', 'image/webp', '[]', '[]', '[]', '[]', 43081, NULL, '2025-03-12 12:37:41', '2025-03-12 14:37:41'),
(75, 2, 4, 'image (9)', 'jpg', 'image', '/media', '32621', 74, 'App\\Models\\StorageType', 1, 'image-(9)-1742371618_7708.jpg', 'public', 'public', 'media', 'image/jpeg', '[]', '[]', '[]', '[]', 0, NULL, '2025-03-19 06:06:58', '2025-03-19 08:06:58'),
(76, 2, 4, 'image (10)', 'jpg', 'image', '/media', '32488', 75, 'App\\Models\\StorageType', 1, 'image-(10)-1742371618_4014.jpg', 'public', 'public', 'media', 'image/jpeg', '[]', '[]', '[]', '[]', 95, NULL, '2025-03-19 06:06:58', '2025-03-19 08:06:58'),
(77, 2, 0, 'image-(4)', 'webp', 'image', '/media', '2008', 76, 'App\\Models\\StorageType', 1, 'image-(4)-1744090985_6239.webp', 'public', 'public', 'media', 'image/jpeg', '[]', '[]', '[]', '[]', 63, NULL, '2025-04-08 02:43:05', '2025-04-08 05:43:05'),
(78, 2, 0, 'e1-image', 'jpg', 'image', '/media', '74652', 77, 'App\\Models\\StorageType', 1, 'e1-image-1744091124_5638.jpg', 'public', 'public', 'media', 'image/jpeg', '[]', '[]', '[]', '[]', 9, NULL, '2025-04-08 02:45:24', '2025-04-08 05:45:24'),
(79, 2, 0, 'e-image', 'jpg', 'image', '/media', '74992', 78, 'App\\Models\\StorageType', 1, 'e-image-1744091280_9650.jpg', 'public', 'public', 'media', 'image/jpeg', '[]', '[]', '[]', '[]', 28442845, NULL, '2025-04-08 02:48:00', '2025-04-08 05:48:00'),
(80, 2, 0, 'image-(13)', 'jpg', 'image', '/media', '263705', 79, 'App\\Models\\StorageType', 1, 'image-(13)-1744091461_3937.jpg', 'public', 'public', 'media', 'image/jpeg', '[]', '[]', '[]', '[]', 29, NULL, '2025-04-08 02:51:01', '2025-04-08 05:51:01'),
(81, 2, 0, 'image-(14)', 'jpg', 'image', '/media', '57244', 80, 'App\\Models\\StorageType', 1, 'image-(14)-1744091716_7722.jpg', 'public', 'public', 'media', 'image/jpeg', '[]', '[]', '[]', '[]', 0, NULL, '2025-04-08 02:55:16', '2025-04-08 05:55:16'),
(82, 2, 0, 'image-(2)', 'png', 'image', '/media', '2792', 81, 'App\\Models\\StorageType', 1, 'image-(2)-1744091823_8753.png', 'public', 'public', 'media', 'image/jpeg', '[]', '[]', '[]', '[]', 0, NULL, '2025-04-08 02:57:03', '2025-04-08 05:57:03'),
(83, 2, 0, 'image-(3)', 'png', 'image', '/media', '2697', 82, 'App\\Models\\StorageType', 1, 'image-(3)-1744091937_1901.png', 'public', 'public', 'media', 'image/jpeg', '[]', '[]', '[]', '[]', 225, NULL, '2025-04-08 02:58:57', '2025-04-08 05:58:57'),
(84, 2, 0, 'image-(4)', 'png', 'image', '/media', '4968', 83, 'App\\Models\\StorageType', 1, 'image-(4)-1744092074_6520.png', 'public', 'public', 'media', 'image/jpeg', '[]', '[]', '[]', '[]', 0, NULL, '2025-04-08 03:01:14', '2025-04-08 06:01:14'),
(85, 2, 0, 'image-(5)', 'png', 'image', '/media', '3344', 84, 'App\\Models\\StorageType', 1, 'image-(5)-1744092159_3058.png', 'public', 'public', 'media', 'image/jpeg', '[]', '[]', '[]', '[]', 4, NULL, '2025-04-08 03:02:39', '2025-04-08 06:02:39'),
(86, 2, 0, 'image-(6)', 'png', 'image', '/media', '2016', 85, 'App\\Models\\StorageType', 1, 'image-(6)-1744092216_6333.png', 'public', 'public', 'media', 'image/jpeg', '[]', '[]', '[]', '[]', 1, NULL, '2025-04-08 03:03:36', '2025-04-08 06:03:36'),
(87, 2, 4, 'image (7)', 'png', 'image', '/media', '20789', 86, 'App\\Models\\StorageType', 1, 'image-(7)-1744092565_8039.png', 'public', 'public', 'media', 'image/png', '[]', '[]', '[]', '[]', 0, NULL, '2025-04-08 03:09:26', '2025-04-08 06:09:26'),
(88, 2, 4, 'image (8)', 'png', 'image', '/media', '10235', 87, 'App\\Models\\StorageType', 1, 'image-(8)-1744093052_5608.png', 'public', 'public', 'media', 'image/png', '[]', '[]', '[]', '[]', 589, NULL, '2025-04-08 03:17:32', '2025-04-08 06:17:32'),
(89, 2, 0, 'image-(15)', 'jpg', 'image', '/media', '3028', 88, 'App\\Models\\StorageType', 1, 'image-(15)-1744094847_5798.jpg', 'public', 'public', 'media', 'image/jpeg', '[]', '[]', '[]', '[]', 70, NULL, '2025-04-08 03:47:27', '2025-04-08 06:47:27'),
(90, 2, 0, 'image-(16)', 'jpg', 'image', '/media', '3485', 89, 'App\\Models\\StorageType', 1, 'image-(16)-1744094847_8818.jpg', 'public', 'public', 'media', 'image/jpeg', '[]', '[]', '[]', '[]', 58, NULL, '2025-04-08 03:47:27', '2025-04-08 06:47:27'),
(91, 2, 0, 'image-(17)', 'jpg', 'image', '/media', '4377', 90, 'App\\Models\\StorageType', 1, 'image-(17)-1744094925_9680.jpg', 'public', 'public', 'media', 'image/jpeg', '[]', '[]', '[]', '[]', 866, NULL, '2025-04-08 03:48:45', '2025-04-08 06:48:45'),
(92, 2, 0, 'image-(18)', 'jpg', 'image', '/media', '6600', 91, 'App\\Models\\StorageType', 1, 'image-(18)-1744094925_6367.jpg', 'public', 'public', 'media', 'image/jpeg', '[]', '[]', '[]', '[]', 580, NULL, '2025-04-08 03:48:45', '2025-04-08 06:48:45'),
(93, 2, 0, 'image-(19)', 'jpg', 'image', '/media', '4946', 92, 'App\\Models\\StorageType', 1, 'image-(19)-1744094998_1673.jpg', 'public', 'public', 'media', 'image/jpeg', '[]', '[]', '[]', '[]', 9878, NULL, '2025-04-08 03:49:58', '2025-04-08 06:49:58'),
(94, 2, 0, 'image-(20)', 'jpg', 'image', '/media', '2210', 93, 'App\\Models\\StorageType', 1, 'image-(20)-1744094998_9832.jpg', 'public', 'public', 'media', 'image/jpeg', '[]', '[]', '[]', '[]', 144496, NULL, '2025-04-08 03:49:58', '2025-04-08 06:49:58'),
(95, 2, 4, 'image (22)', 'jpg', 'image', '/media', '3640', 94, 'App\\Models\\StorageType', 1, 'image-(22)-1744095415_5993.jpg', 'public', 'public', 'media', 'image/jpeg', '[]', '[]', '[]', '[]', 57339, NULL, '2025-04-08 03:56:55', '2025-04-08 06:56:55'),
(96, 2, 0, 'alny-logo', 'png', 'image', '/media', '5924', 95, 'App\\Models\\StorageType', 1, 'alny-logo-1745305897_8012.png', 'public', 'public', 'media', 'image/jpeg', '[]', '[]', '[]', '[]', 9, NULL, '2025-04-22 04:11:37', '2025-04-22 07:11:37'),
(97, NULL, 0, 'alny-logo', '', '', '', '5668', 1, 'App\\Models\\Store', 2, 'alny-logo-1745307249_1930.png', 'public', 'public', 'store_images', 'image/png', '[]', '[]', '[]', '[]', 5, NULL, '2025-04-22 04:34:09', '2025-04-22 07:34:09'),
(98, NULL, 0, 'headphones-banner', '', '', '', '623228', 2, 'App\\Models\\Store', 2, 'headphones-banner-1745307593_5573.png', 'public', 'public', 'store_images', 'image/png', '[]', '[]', '[]', '[]', 0, NULL, '2025-04-22 04:39:53', '2025-04-22 07:39:53'),
(99, NULL, 0, 'headphones-banner', '', '', '', '623228', 3, 'App\\Models\\Store', 2, 'headphones-banner-1745307911_3016.png', 'public', 'public', 'store_images', 'image/png', '[]', '[]', '[]', '[]', 0, NULL, '2025-04-22 04:45:12', '2025-04-22 07:45:12'),
(100, 2, 0, 'headphones-banner', 'png', 'image', '/media', '82262', 96, 'App\\Models\\StorageType', 1, 'headphones-banner-1745308274_7230.png', 'public', 'public', 'media', 'image/jpeg', '[]', '[]', '[]', '[]', 46, NULL, '2025-04-22 04:51:14', '2025-04-22 07:51:14'),
(101, 2, 0, 'main-banner', 'png', 'image', '/media', '87467', 97, 'App\\Models\\StorageType', 1, 'main-banner-1745327397_8718.png', 'public', 'public', 'media', 'image/jpeg', '[]', '[]', '[]', '[]', 91, NULL, '2025-04-22 10:09:57', '2025-04-22 13:09:57'),
(102, 2, 0, 'main-banner-2', 'png', 'image', '/media', '66009', 98, 'App\\Models\\StorageType', 1, 'main-banner-2-1745327397_7814.png', 'public', 'public', 'media', 'image/jpeg', '[]', '[]', '[]', '[]', 733, NULL, '2025-04-22 10:09:57', '2025-04-22 13:09:57'),
(103, 2, 0, 'cat-audio', 'png', 'image', '/media', '3638', 99, 'App\\Models\\StorageType', 1, 'cat-audio-1745328765_8606.png', 'public', 'public', 'media', 'image/jpeg', '[]', '[]', '[]', '[]', 0, NULL, '2025-04-22 10:32:45', '2025-04-22 13:32:45'),
(104, 2, 0, 'cat-computers', 'png', 'image', '/media', '3285', 100, 'App\\Models\\StorageType', 1, 'cat-computers-1745328765_2819.png', 'public', 'public', 'media', 'image/jpeg', '[]', '[]', '[]', '[]', 77, NULL, '2025-04-22 10:32:45', '2025-04-22 13:32:45'),
(105, 2, 0, 'cat-gadgets', 'png', 'image', '/media', '4969', 101, 'App\\Models\\StorageType', 1, 'cat-gadgets-1745328765_5978.png', 'public', 'public', 'media', 'image/jpeg', '[]', '[]', '[]', '[]', 399, NULL, '2025-04-22 10:32:45', '2025-04-22 13:32:45'),
(106, 2, 0, 'cat-home', 'png', 'image', '/media', '4677', 102, 'App\\Models\\StorageType', 1, 'cat-home-1745328765_9346.png', 'public', 'public', 'media', 'image/jpeg', '[]', '[]', '[]', '[]', 4, NULL, '2025-04-22 10:32:45', '2025-04-22 13:32:45'),
(107, 2, 0, 'cat-home-appliance', 'png', 'image', '/media', '3433', 103, 'App\\Models\\StorageType', 1, 'cat-home-appliance-1745328765_2952.png', 'public', 'public', 'media', 'image/jpeg', '[]', '[]', '[]', '[]', 8, NULL, '2025-04-22 10:32:45', '2025-04-22 13:32:45'),
(108, 2, 0, 'cat-other', 'png', 'image', '/media', '5383', 104, 'App\\Models\\StorageType', 1, 'cat-other-1745328765_5557.png', 'public', 'public', 'media', 'image/jpeg', '[]', '[]', '[]', '[]', 894, NULL, '2025-04-22 10:32:45', '2025-04-22 13:32:45'),
(109, 2, 0, 'cat-photo', 'png', 'image', '/media', '3675', 105, 'App\\Models\\StorageType', 1, 'cat-photo-1745328765_8446.png', 'public', 'public', 'media', 'image/jpeg', '[]', '[]', '[]', '[]', 0, NULL, '2025-04-22 10:32:45', '2025-04-22 13:32:45'),
(110, 2, 0, 'cat-tv', 'png', 'image', '/media', '5774', 106, 'App\\Models\\StorageType', 1, 'cat-tv-1745328765_3339.png', 'public', 'public', 'media', 'image/jpeg', '[]', '[]', '[]', '[]', 49438, NULL, '2025-04-22 10:32:45', '2025-04-22 13:32:45'),
(111, 2, 0, 'image-2', 'png', 'image', '/media', '6400', 107, 'App\\Models\\StorageType', 1, 'image-2-1745397848_5026.png', 'public', 'public', 'media', 'image/jpeg', '[]', '[]', '[]', '[]', 0, NULL, '2025-04-23 05:44:08', '2025-04-23 08:44:08'),
(112, 2, 0, 'brand-bosch', 'png', 'image', '/media', '8407', 108, 'App\\Models\\StorageType', 1, 'brand-bosch-1745398246_8584.png', 'public', 'public', 'media', 'image/jpeg', '[]', '[]', '[]', '[]', 8, NULL, '2025-04-23 05:50:46', '2025-04-23 08:50:46'),
(113, 2, 0, 'brand-colgate', 'png', 'image', '/media', '6470', 109, 'App\\Models\\StorageType', 1, 'brand-colgate-1745398246_2944.png', 'public', 'public', 'media', 'image/jpeg', '[]', '[]', '[]', '[]', 0, NULL, '2025-04-23 05:50:46', '2025-04-23 08:50:46'),
(114, 2, 0, 'brand-pantene', 'png', 'image', '/media', '6027', 110, 'App\\Models\\StorageType', 1, 'brand-pantene-1745398246_6446.png', 'public', 'public', 'media', 'image/jpeg', '[]', '[]', '[]', '[]', 0, NULL, '2025-04-23 05:50:46', '2025-04-23 08:50:46'),
(115, 2, 0, 'image-43316.64429754417', 'png', 'image', '/media', '5818', 111, 'App\\Models\\StorageType', 1, 'image-43316.64429754417-1745474122_3040.png', 'public', 'public', 'media', 'image/jpeg', '[]', '[]', '[]', '[]', 193528, NULL, '2025-04-24 02:55:22', '2025-04-24 05:55:22'),
(116, 2, 0, 'image-43831.56921778596', 'png', 'image', '/media', '5281', 112, 'App\\Models\\StorageType', 1, 'image-43831.56921778596-1745474122_6805.png', 'public', 'public', 'media', 'image/jpeg', '[]', '[]', '[]', '[]', 1, NULL, '2025-04-24 02:55:22', '2025-04-24 05:55:22'),
(117, 2, 0, 'image-31786.079370511754', 'png', 'image', '/media', '5383', 113, 'App\\Models\\StorageType', 1, 'image-31786.079370511754-1745474196_5072.png', 'public', 'public', 'media', 'image/jpeg', '[]', '[]', '[]', '[]', 6878480, NULL, '2025-04-24 02:56:36', '2025-04-24 05:56:36'),
(118, NULL, 0, 'smith-store', '', '', '', '22110', 1, 'App\\Models\\Seller', 4, 'smith-store-1746272182_6867.jpg', 'public', 'public', 'sellers', 'image/jpeg', '[]', '[]', '[]', '[]', 0, NULL, '2025-05-03 08:36:22', '2025-05-03 11:36:22'),
(119, NULL, 0, 'raj-mar', '', '', '', '35140', 1, 'App\\Models\\Seller', 1, 'raj-mar-1746272242_5075.jpg', 'public', 'public', 'sellers', 'image/jpeg', '[]', '[]', '[]', '[]', 56, NULL, '2025-05-03 08:37:22', '2025-05-03 11:37:22'),
(120, 2, 0, 'group-167', 'png', 'image', '/media', '1727', 114, 'App\\Models\\StorageType', 1, 'group-167-1746882058_6566.png', 'public', 'public', 'media', 'image/jpeg', '[]', '[]', '[]', '[]', 8, NULL, '2025-05-10 10:00:58', '2025-05-10 13:00:58'),
(121, 2, 0, 'group-167', 'jpg', 'image', '/media', '1672', 115, 'App\\Models\\StorageType', 1, 'group-167-1746882852_4494.jpg', 'public', 'public', 'media', 'image/jpeg', '[]', '[]', '[]', '[]', 2147483647, NULL, '2025-05-10 10:14:12', '2025-05-10 13:14:12'),
(122, 2, 0, 'group-172', 'jpg', 'image', '/media', '1603', 116, 'App\\Models\\StorageType', 1, 'group-172-1746883281_8889.jpg', 'public', 'public', 'media', 'image/jpeg', '[]', '[]', '[]', '[]', 50, NULL, '2025-05-10 10:21:21', '2025-05-10 13:21:21'),
(123, 2, 0, 'group-173', 'jpg', 'image', '/media', '1966', 117, 'App\\Models\\StorageType', 1, 'group-173-1746883447_6588.jpg', 'public', 'public', 'media', 'image/jpeg', '[]', '[]', '[]', '[]', 67699, NULL, '2025-05-10 10:24:07', '2025-05-10 13:24:07'),
(124, 2, 0, 'group-175', 'jpg', 'image', '/media', '2169', 118, 'App\\Models\\StorageType', 1, 'group-175-1746883668_5352.jpg', 'public', 'public', 'media', 'image/jpeg', '[]', '[]', '[]', '[]', 56, NULL, '2025-05-10 10:27:48', '2025-05-10 13:27:48'),
(125, 2, 0, 'e1-image', 'jpg', 'image', '/media', '74652', 119, 'App\\Models\\StorageType', 1, 'e1-image-1747288306_9785.jpg', 'public', 'public', 'media', 'image/jpeg', '[]', '[]', '[]', '[]', 4, NULL, '2025-05-15 02:51:46', '2025-05-15 05:51:46');

-- --------------------------------------------------------

--
-- Структура таблиці `migrations`
--

CREATE TABLE `migrations` (
  `id` int(10) UNSIGNED NOT NULL,
  `migration` varchar(255) COLLATE utf8mb4_unicode_ci NOT NULL,
  `batch` int(11) NOT NULL
) ENGINE=InnoDB DEFAULT CHARSET=utf8mb4 COLLATE=utf8mb4_unicode_ci;

--
-- Дамп даних таблиці `migrations`
--

INSERT INTO `migrations` (`id`, `migration`, `batch`) VALUES
(1, '2025_02_20_113924_add_fields_to_user', 1),
(2, '2025_02_21_162835_add_telegram_fields_to_users', 2),
(3, '2025_02_24_074325_add_unique_telegram_id_to_users', 3),
(10, '2025_02_25_084411_insert_role_dealer_to_role_table', 4),
(11, '2025_02_28_193015_add_table_user_statuses', 4),
(12, '2025_03_01_074025_add_birthdate_field_to_users', 4),
(13, '2025_03_03_092507_insert_role_manager_to_role_table', 4),
(14, '2025_03_07_074417_create_seller_invites_table', 4),
(15, '2025_03_21_000000_add_passport_and_tax_id_to_user_statuses_table', 4),
(16, '2025_03_07_122727_add_status_to_seller_invites_table', 5),
(17, '2025_03_10_131000_change_telegram_id_to_varchar_in_users_table', 6),
(18, '2025_03_11_122150_create_product_approvals_table', 7),
(19, '2025_03_12_100351_create_product_approval_comments_table', 8),
(20, '2025_03_12_165238_add_field_status_to_table_product_approval', 9),
(21, '2025_03_12_165553_add_field_reason_to_product_approval_comments', 10),
(22, '2025_03_13_120944_create_referral_codes_table', 11),
(23, '2025_03_18_115732_add_dealerprice_to_product_variants_table', 12),
(24, '2025_03_23_073437_create_commission_distributions_table', 13),
(25, '2025_03_24_085125_add_field_status_to_comission_destributions', 14),
(26, '2025_03_27_101114_add_carrier_id_and_tracking_number_to_order_trackings', 15),
(27, '2025_03_27_150300_add_is_custom_courier_to_orders', 16),
(28, '2025_03_28_123100_add_aftership_fields_to_order_trackings_table', 17),
(29, '2025_04_02_055458_add_user_id_sub_to_commission_distributions_table', 18),
(30, '2025_04_02_104340_add_fee_to_transactions', 19),
(31, '2025_04_04_072450_add_refund_fields_to_transactions_table', 20),
(32, '2025_04_09_112032_add_is_completed_to_order_items_table', 21),
(33, '2025_04_10_053511_add_is_write_review_to_order_items', 22),
(34, '2025_04_11_120235_update_return_requests_table', 23),
(35, '2025_04_13_105540_add_advantages_and_disadvantages_to_product_ratings_table', 24),
(41, '2025_04_14_071523_create_seller_ratings_table', 25),
(42, '2025_04_15_074917_create_disputs', 26),
(43, '2025_04_15_075023_create_disput_messages', 26),
(44, '2025_04_16_113258_add_proposal_fields_to_disput_messages_table', 27),
(45, '2025_04_16_113347_add_admin_fields_to_disputs_table', 27),
(46, '2025_04_16_131743_update_disputs_seller_id_to_reference_users', 28),
(47, '2025_04_17_072741_add_tracking_fields_to_return_requests_table', 29),
(48, '2025_04_17_082016_update_return_requests_table', 30);

-- --------------------------------------------------------

--
-- Структура таблиці `model_has_permissions`
--

CREATE TABLE `model_has_permissions` (
  `permission_id` bigint(20) UNSIGNED NOT NULL,
  `model_type` varchar(255) COLLATE utf8mb4_unicode_ci NOT NULL,
  `model_id` bigint(20) UNSIGNED NOT NULL
) ENGINE=InnoDB DEFAULT CHARSET=utf8mb4 COLLATE=utf8mb4_unicode_ci;

-- --------------------------------------------------------

--
-- Структура таблиці `model_has_roles`
--

CREATE TABLE `model_has_roles` (
  `role_id` bigint(20) UNSIGNED NOT NULL,
  `model_type` varchar(255) COLLATE utf8mb4_unicode_ci NOT NULL,
  `model_id` bigint(20) UNSIGNED NOT NULL
) ENGINE=InnoDB DEFAULT CHARSET=utf8mb4 COLLATE=utf8mb4_unicode_ci;

-- --------------------------------------------------------

--
-- Структура таблиці `notifications`
--

CREATE TABLE `notifications` (
  `id` int(11) NOT NULL,
  `store_id` int(11) DEFAULT NULL,
  `title` varchar(128) COLLATE utf8mb4_unicode_ci NOT NULL,
  `message` varchar(512) COLLATE utf8mb4_unicode_ci NOT NULL,
  `type` varchar(12) COLLATE utf8mb4_unicode_ci NOT NULL,
  `type_id` text COLLATE utf8mb4_unicode_ci NOT NULL,
  `send_to` varchar(64) COLLATE utf8mb4_unicode_ci DEFAULT NULL,
  `users_id` text COLLATE utf8mb4_unicode_ci,
  `image` varchar(128) COLLATE utf8mb4_unicode_ci DEFAULT NULL,
  `link` varchar(512) COLLATE utf8mb4_unicode_ci DEFAULT 'NULL',
  `created_at` timestamp NOT NULL DEFAULT CURRENT_TIMESTAMP,
  `updated_at` datetime NOT NULL DEFAULT CURRENT_TIMESTAMP ON UPDATE CURRENT_TIMESTAMP
) ENGINE=MyISAM DEFAULT CHARSET=utf8mb4 COLLATE=utf8mb4_unicode_ci;

-- --------------------------------------------------------

--
-- Структура таблиці `offers`
--

CREATE TABLE `offers` (
  `id` int(11) NOT NULL,
  `store_id` int(11) DEFAULT NULL,
  `title` varchar(256) COLLATE utf8mb4_unicode_ci DEFAULT NULL,
  `type` varchar(32) COLLATE utf8mb4_unicode_ci DEFAULT NULL,
  `type_id` int(11) DEFAULT '0',
  `link` varchar(512) COLLATE utf8mb4_unicode_ci NOT NULL DEFAULT 'NULL',
  `image` varchar(256) COLLATE utf8mb4_unicode_ci NOT NULL,
  `banner_image` varchar(256) COLLATE utf8mb4_unicode_ci DEFAULT NULL,
  `min_discount` int(11) DEFAULT NULL,
  `max_discount` int(11) DEFAULT NULL,
  `created_at` timestamp NOT NULL DEFAULT CURRENT_TIMESTAMP,
  `updated_at` datetime NOT NULL DEFAULT CURRENT_TIMESTAMP ON UPDATE CURRENT_TIMESTAMP
) ENGINE=InnoDB DEFAULT CHARSET=utf8mb4 COLLATE=utf8mb4_unicode_ci;

--
-- Дамп даних таблиці `offers`
--

INSERT INTO `offers` (`id`, `store_id`, `title`, `type`, `type_id`, `link`, `image`, `banner_image`, `min_discount`, `max_discount`, `created_at`, `updated_at`) VALUES
(1, 2, 'Best Deals', 'products', 6, '', '/media/image-(7)-1741687662_4236.jpg', '/media/e-image-1741257993_7213.jpg', 0, 0, '2025-04-08 03:40:04', '2025-04-08 06:40:04');

-- --------------------------------------------------------

--
-- Структура таблиці `offer_sliders`
--

CREATE TABLE `offer_sliders` (
  `id` int(11) NOT NULL,
  `store_id` int(11) DEFAULT NULL,
  `title` varchar(256) DEFAULT NULL,
  `banner_image` varchar(256) DEFAULT NULL,
  `offer_ids` varchar(256) DEFAULT NULL,
  `status` int(11) DEFAULT NULL,
  `created_at` datetime NOT NULL DEFAULT CURRENT_TIMESTAMP,
  `updated_at` datetime NOT NULL DEFAULT CURRENT_TIMESTAMP ON UPDATE CURRENT_TIMESTAMP
) ENGINE=InnoDB DEFAULT CHARSET=utf8mb4;

-- --------------------------------------------------------

--
-- Структура таблиці `orders`
--

CREATE TABLE `orders` (
  `id` int(11) NOT NULL,
  `user_id` int(11) NOT NULL,
  `store_id` int(11) DEFAULT NULL,
  `address_id` int(11) DEFAULT NULL,
  `mobile` varchar(12) COLLATE utf8mb4_unicode_ci NOT NULL,
  `total` double NOT NULL,
  `delivery_charge` double DEFAULT '0',
  `is_delivery_charge_returnable` tinyint(4) NOT NULL DEFAULT '0',
  `wallet_balance` double DEFAULT '0',
  `promo_code_id` varchar(28) COLLATE utf8mb4_unicode_ci DEFAULT NULL,
  `promo_discount` double DEFAULT NULL,
  `discount` double DEFAULT '0',
  `total_payable` double DEFAULT NULL,
  `final_total` double DEFAULT NULL,
  `payment_method` varchar(16) COLLATE utf8mb4_unicode_ci NOT NULL,
  `latitude` varchar(256) COLLATE utf8mb4_unicode_ci DEFAULT NULL,
  `longitude` varchar(256) COLLATE utf8mb4_unicode_ci DEFAULT NULL,
  `address` mediumtext COLLATE utf8mb4_unicode_ci,
  `delivery_time` varchar(128) COLLATE utf8mb4_unicode_ci DEFAULT NULL,
  `delivery_date` date DEFAULT NULL,
  `otp` int(11) DEFAULT '0',
  `email` varchar(254) COLLATE utf8mb4_unicode_ci DEFAULT 'NULL',
  `notes` varchar(512) COLLATE utf8mb4_unicode_ci DEFAULT NULL,
  `is_pos_order` tinyint(4) NOT NULL DEFAULT '0',
  `is_shiprocket_order` int(11) NOT NULL DEFAULT '0',
  `is_cod_collected` int(11) NOT NULL DEFAULT '0',
  `type` varchar(256) COLLATE utf8mb4_unicode_ci DEFAULT NULL,
  `order_payment_currency_id` int(11) NOT NULL,
  `order_payment_currency_code` varchar(128) COLLATE utf8mb4_unicode_ci NOT NULL,
  `base_currency_code` varchar(128) COLLATE utf8mb4_unicode_ci NOT NULL COMMENT 'The base currency used in the system when placing orders. ',
  `order_payment_currency_conversion_rate` double NOT NULL,
  `created_at` timestamp NOT NULL DEFAULT CURRENT_TIMESTAMP,
  `updated_at` timestamp NOT NULL DEFAULT CURRENT_TIMESTAMP,
  `is_custom_courier` tinyint(1) NOT NULL DEFAULT '0'
) ENGINE=InnoDB DEFAULT CHARSET=utf8mb4 COLLATE=utf8mb4_unicode_ci;

--
-- Дамп даних таблиці `orders`
--

INSERT INTO `orders` (`id`, `user_id`, `store_id`, `address_id`, `mobile`, `total`, `delivery_charge`, `is_delivery_charge_returnable`, `wallet_balance`, `promo_code_id`, `promo_discount`, `discount`, `total_payable`, `final_total`, `payment_method`, `latitude`, `longitude`, `address`, `delivery_time`, `delivery_date`, `otp`, `email`, `notes`, `is_pos_order`, `is_shiprocket_order`, `is_cod_collected`, `type`, `order_payment_currency_id`, `order_payment_currency_code`, `base_currency_code`, `order_payment_currency_conversion_rate`, `created_at`, `updated_at`, `is_custom_courier`) VALUES
(74, 413, 2, 1, '0963926935', 140, 0, 0, 140, '', 0, 0, 0, 140, '', '', '', 'вул. Вернадського, 32, кв. 35, No landmark, Lviv, Львівська область, Ukraine, 79000', NULL, NULL, 0, '', '', 0, 0, 0, NULL, 0, '$', 'USD', 0, '2025-04-21 06:18:23', '2025-04-21 06:18:23', 1),
(75, 413, 2, 1, '0963926935', 0, 0, 0, 0, '', 0, 0, 0, 0, '', '', '', 'вул. Вернадського, 32, кв. 35, No landmark, Lviv, Львівська область, Ukraine, 79000', NULL, NULL, 0, '', '', 0, 0, 0, NULL, 0, '$', 'USD', 0, '2025-04-21 07:26:56', '2025-04-21 07:26:56', 1),
(76, 413, 2, 1, '0963926935', 90, 0, 0, 0, '', 0, 0, 90, 90, 'stripe', '', '', 'вул. Вернадського, 32, кв. 35, No landmark, Lviv, Львівська область, Ukraine, 79000', NULL, NULL, 0, '', '', 0, 0, 0, NULL, 0, '$', 'USD', 0, '2025-04-21 08:14:58', '2025-04-21 08:14:58', 1),
(77, 413, 2, 1, '0963926935', 0, 0, 0, 0, '', 0, 0, 0, 0, '', '', '', 'вул. Вернадського, 32, кв. 35, No landmark, Lviv, Львівська область, Ukraine, 79000', NULL, NULL, 0, '', '', 0, 0, 0, NULL, 0, '$', 'USD', 0, '2025-04-21 08:38:20', '2025-04-21 08:38:20', 1),
(78, 413, 2, 1, '0963926935', 290, 0, 0, 290, '', 0, 0, 0, 290, '', '', '', 'вул. Вернадського, 32, кв. 35, No landmark, Lviv, Львівська область, Ukraine, 79000', NULL, NULL, 0, '', '', 0, 0, 0, NULL, 0, '$', 'USD', 0, '2025-05-01 08:38:24', '2025-05-01 08:38:24', 1),
(82, 435, 2, 6, '0963926935', 800, 0, 0, 0, '', 0, 0, 800, 800, 'stripe', '', '', 'вул. Вернадського, 32, кв. 35, No landmark, Lviv, Львівська область, Ukraine, 79049', NULL, NULL, 0, '', '', 0, 0, 0, NULL, 0, '$', 'USD', 0, '2025-05-07 12:41:59', '2025-05-07 12:41:59', 1),
(83, 435, 2, 6, '0963926935', 0, 0, 0, 0, '', 0, 0, 0, 0, 'stripe', '', '', 'вул. Вернадського, 32, кв. 35, No landmark, Lviv, Львівська область, Ukraine, 79049', NULL, NULL, 0, '', '', 0, 0, 0, NULL, 0, '$', 'USD', 0, '2025-05-08 07:06:02', '2025-05-08 07:06:02', 1),
(84, 435, 2, 6, '0963926935', 330, 0, 0, 0, '', 0, 0, 330, 330, 'stripe', '', '', 'вул. Вернадського, 32, кв. 35, No landmark, Lviv, Львівська область, Ukraine, 79049', NULL, NULL, 0, '', '', 0, 0, 0, NULL, 0, '$', 'USD', 0, '2025-05-12 05:30:04', '2025-05-12 05:30:04', 1),
(85, 435, 2, 6, '0963926935', 190, 0, 0, 0, '', 0, 0, 190, 190, 'stripe', '', '', 'вул. Вернадського, 32, кв. 35, No landmark, Lviv, Львівська область, Ukraine, 79049', NULL, NULL, 0, '', '', 0, 0, 0, NULL, 0, '$', 'USD', 0, '2025-05-14 11:37:35', '2025-05-14 11:37:35', 1);

-- --------------------------------------------------------

--
-- Структура таблиці `order_bank_transfers`
--

CREATE TABLE `order_bank_transfers` (
  `id` int(11) NOT NULL,
  `order_id` int(11) NOT NULL DEFAULT '0',
  `attachments` varchar(512) COLLATE utf8mb4_unicode_ci DEFAULT NULL,
  `disk` varchar(256) COLLATE utf8mb4_unicode_ci NOT NULL,
  `status` tinyint(2) DEFAULT '0' COMMENT '(0:pending|1:rejected|2:accepted)',
  `created_at` timestamp NULL DEFAULT CURRENT_TIMESTAMP,
  `updated_at` datetime NOT NULL DEFAULT CURRENT_TIMESTAMP ON UPDATE CURRENT_TIMESTAMP
) ENGINE=InnoDB DEFAULT CHARSET=utf8mb4 COLLATE=utf8mb4_unicode_ci;

-- --------------------------------------------------------

--
-- Структура таблиці `order_charges`
--

CREATE TABLE `order_charges` (
  `id` int(11) NOT NULL,
  `seller_id` int(11) NOT NULL,
  `product_variant_ids` varchar(1024) NOT NULL,
  `order_id` int(11) NOT NULL,
  `order_item_ids` varchar(1024) NOT NULL,
  `delivery_charge` double DEFAULT NULL,
  `promo_code_id` varchar(1024) DEFAULT 'NULL',
  `promo_discount` double DEFAULT NULL,
  `sub_total` double DEFAULT NULL,
  `total` double DEFAULT NULL,
  `otp` int(11) NOT NULL DEFAULT '0',
  `created_at` timestamp NOT NULL DEFAULT CURRENT_TIMESTAMP,
  `updated_at` timestamp NOT NULL DEFAULT CURRENT_TIMESTAMP
) ENGINE=InnoDB DEFAULT CHARSET=utf8;

--
-- Дамп даних таблиці `order_charges`
--

INSERT INTO `order_charges` (`id`, `seller_id`, `product_variant_ids`, `order_id`, `order_item_ids`, `delivery_charge`, `promo_code_id`, `promo_discount`, `sub_total`, `total`, `otp`, `created_at`, `updated_at`) VALUES
(1, 4, '1', 19, '1', 0, '', 0, 100, 100, 617494, '2025-03-30 14:38:02', '2025-03-30 14:38:02'),
(2, 4, '1', 20, '2', 0, '', 0, 100, 100, 967119, '2025-03-31 03:18:48', '2025-03-31 03:18:48'),
(3, 4, '2', 21, '3', 0, '', 0, 90, 90, 506998, '2025-03-31 05:30:56', '2025-03-31 05:30:56'),
(4, 4, '2', 22, '4', 0, '', 0, 90, 90, 310112, '2025-04-01 04:29:34', '2025-04-01 04:29:34'),
(5, 1, '3', 22, '5', 0, '', 0, 50, 50, 576228, '2025-04-01 04:29:34', '2025-04-01 04:29:34'),
(6, 1, '3', 23, '6', 0, '', 0, 50, 50, 648563, '2025-04-02 10:39:08', '2025-04-02 10:39:08'),
(7, 4, '1', 24, '7', 0, '', 0, 100, 100, 194052, '2025-04-02 11:48:48', '2025-04-02 11:48:48'),
(8, 1, '3', 25, '8', 0, '', 0, 50, 50, 613219, '2025-04-02 12:50:39', '2025-04-02 12:50:39'),
(9, 4, '2', 26, '9', 0, '', 0, 90, 90, 538136, '2025-04-03 04:17:42', '2025-04-03 04:17:42'),
(10, 4, '1', 27, '10', 0, '', 0, 100, 100, 932448, '2025-04-03 04:36:04', '2025-04-03 04:36:04'),
(11, 1, '3', 28, '11', 0, '', 0, 50, 50, 649480, '2025-04-03 06:19:12', '2025-04-03 06:19:12'),
(12, 1, '3', 29, '12', 0, '', 0, 50, 50, 181151, '2025-04-03 06:28:10', '2025-04-03 06:28:10'),
(13, 1, '3', 30, '13', 0, '', 0, 50, 50, 757391, '2025-04-03 06:36:41', '2025-04-03 06:36:41'),
(14, 1, '3', 31, '14', 0, '', 0, 50, 50, 353531, '2025-04-03 07:58:37', '2025-04-03 07:58:37'),
(15, 1, '3', 32, '15', 0, '', 0, 50, 50, 326042, '2025-04-03 08:07:30', '2025-04-03 08:07:30'),
(16, 4, '2', 33, '16', 0, '', 0, 90, 90, 917310, '2025-04-03 09:14:30', '2025-04-03 09:14:30'),
(17, 4, '2,1', 34, '17,18', 0, '', 0, 190, 190, 429104, '2025-04-03 09:27:09', '2025-04-03 09:27:09'),
(18, 1, '3', 34, '19', 0, '', 0, 50, 50, 862133, '2025-04-03 09:27:09', '2025-04-03 09:27:09'),
(19, 4, '1', 35, '20', 0, '', 0, 100, 100, 330450, '2025-04-03 09:37:41', '2025-04-03 09:37:41'),
(20, 1, '3', 36, '21', 0, '', 0, 50, 50, 768033, '2025-04-03 09:44:55', '2025-04-03 09:44:55'),
(21, 4, '1', 37, '22', 0, '', 0, 100, 100, 661402, '2025-04-03 10:21:59', '2025-04-03 10:21:59'),
(22, 1, '3', 38, '23', 0, '', 0, 50, 50, 623389, '2025-04-03 11:02:48', '2025-04-03 11:02:48'),
(23, 4, '1', 39, '24', 0, '', 0, 100, 100, 772621, '2025-04-03 11:23:02', '2025-04-03 11:23:02'),
(24, 1, '3', 40, '25', 0, '', 0, 50, 50, 853850, '2025-04-03 11:27:31', '2025-04-03 11:27:31'),
(25, 4, '1', 41, '26', 0, '', 0, 100, 100, 616973, '2025-04-03 11:33:03', '2025-04-03 11:33:03'),
(26, 4, '2', 42, '27', 0, '', 0, 90, 90, 897221, '2025-04-03 11:57:54', '2025-04-03 11:57:54'),
(27, 1, '3', 43, '28', 0, '', 0, 50, 50, 957768, '2025-04-03 12:04:47', '2025-04-03 12:04:47'),
(28, 1, '3', 44, '29', 0, '', 0, 50, 50, 283357, '2025-04-03 12:10:25', '2025-04-03 12:10:25'),
(29, 4, '2', 45, '30', 0, '', 0, 90, 90, 266994, '2025-04-03 13:28:10', '2025-04-03 13:28:10'),
(30, 1, '3', 46, '31', 0, '', 0, 50, 50, 154014, '2025-04-04 03:43:05', '2025-04-04 03:43:05'),
(31, 1, '3', 47, '32', 0, '', 0, 50, 50, 273773, '2025-04-04 08:20:57', '2025-04-04 08:20:57'),
(32, 1, '3', 48, '33', 0, '', 0, 50, 50, 167085, '2025-04-04 08:35:23', '2025-04-04 08:35:23'),
(33, 1, '3', 49, '34', 0, '', 0, 50, 50, 648885, '2025-04-04 08:48:35', '2025-04-04 08:48:35'),
(34, 1, '3', 53, '35', 0, '', 0, 50, 50, 270369, '2025-04-04 10:20:13', '2025-04-04 10:20:13'),
(35, 1, '3', 54, '36', 0, '', 0, 50, 50, 541493, '2025-04-04 10:42:11', '2025-04-04 10:42:11'),
(36, 1, '3', 55, '37', 0, '', 0, 50, 50, 557616, '2025-04-04 11:11:51', '2025-04-04 11:11:51'),
(37, 1, '3', 56, '38', 0, '', 0, 50, 50, 916633, '2025-04-04 12:10:16', '2025-04-04 12:10:16'),
(38, 1, '3', 57, '39', 0, '', 0, 50, 50, 289157, '2025-04-04 12:11:44', '2025-04-04 12:11:44'),
(39, 4, '2', 58, '40', 0, '', 0, 90, 90, 648108, '2025-04-04 13:27:59', '2025-04-04 13:27:59'),
(40, 1, '3', 58, '41', 0, '', 0, 50, 50, 152841, '2025-04-04 13:27:59', '2025-04-04 13:27:59'),
(41, 4, '2', 59, '42', 0, '', 0, 90, 90, 379008, '2025-04-05 04:58:19', '2025-04-05 04:58:19'),
(42, 1, '3', 59, '43', 0, '', 0, 50, 50, 911338, '2025-04-05 04:58:19', '2025-04-05 04:58:19'),
(43, 4, '2,1', 60, '44,45', 0, '', 0, 190, 190, 360985, '2025-04-05 07:01:12', '2025-04-05 07:01:12'),
(44, 1, '3', 60, '46', 0, '', 0, 50, 50, 711710, '2025-04-05 07:01:12', '2025-04-05 07:01:12'),
(45, 4, '1', 61, '47', 0, '', 0, 100, 100, 603644, '2025-04-05 07:19:25', '2025-04-05 07:19:25'),
(46, 1, '3', 61, '48', 0, '', 0, 50, 50, 712352, '2025-04-05 07:19:25', '2025-04-05 07:19:25'),
(47, 4, '2', 62, '49', 0, '', 0, 90, 90, 305165, '2025-04-05 07:29:33', '2025-04-05 07:29:33'),
(48, 1, '3', 62, '50', 0, '', 0, 50, 50, 623187, '2025-04-05 07:29:33', '2025-04-05 07:29:33'),
(49, 4, '2', 63, '51', 0, '', 0, 90, 90, 869034, '2025-04-05 08:20:16', '2025-04-05 08:20:16'),
(50, 1, '3', 63, '52', 0, '', 0, 50, 50, 765572, '2025-04-05 08:20:16', '2025-04-05 08:20:16'),
(51, 4, '2', 64, '53', 0, '', 0, 90, 90, 946806, '2025-04-05 12:24:56', '2025-04-05 12:24:56'),
(52, 1, '3', 64, '54', 0, '', 0, 50, 50, 375473, '2025-04-05 12:24:56', '2025-04-05 12:24:56'),
(53, 4, '1', 65, '55', 0, '', 0, 100, 100, 874277, '2025-04-05 14:25:07', '2025-04-05 14:25:07'),
(54, 1, '3', 65, '56', 0, '', 0, 50, 50, 258291, '2025-04-05 14:25:07', '2025-04-05 14:25:07'),
(55, 1, '3', 66, '57', 0, '', 0, 50, 50, 486506, '2025-04-05 14:32:07', '2025-04-05 14:32:07'),
(56, 1, '3', 67, '58', 0, '', 0, 50, 50, 952576, '2025-04-05 14:59:13', '2025-04-05 14:59:13'),
(57, 1, '3', 68, '59', 0, '', 0, 50, 50, 359794, '2025-04-06 04:01:37', '2025-04-06 04:01:37'),
(58, 4, '2', 68, '60', 0, '', 0, 90, 90, 960036, '2025-04-06 04:01:37', '2025-04-06 04:01:37'),
(59, 1, '3', 69, '61', 0, '', 0, 50, 50, 101234, '2025-04-06 05:14:53', '2025-04-06 05:14:53'),
(60, 4, '1', 70, '62', 0, '', 0, 100, 100, 525994, '2025-04-06 08:48:45', '2025-04-06 08:48:45'),
(61, 1, '3', 70, '63', -0, '', -0, 50, 50, 203812, '2025-04-06 08:48:45', '2025-04-06 08:48:45'),
(62, 1, '3', 71, '64', 0, '', 0, 50, 50, 253071, '2025-04-07 01:50:15', '2025-04-07 01:50:15'),
(63, 4, '13,5,4', 72, '65,67,68', 0, '', 0, 430, 430, 614293, '2025-04-09 06:20:58', '2025-04-09 06:20:58'),
(64, 1, '3', 72, '66', 0, '', 0, 50, 50, 908951, '2025-04-09 06:20:58', '2025-04-09 06:20:58'),
(65, 4, '12,4,5', 73, '69,70,71', 0, '', 0, 440, 440, 265996, '2025-04-13 08:11:00', '2025-04-13 08:11:00'),
(66, 4, '4', 74, '1', 0, '', 0, 140, 140, 715918, '2025-04-21 06:18:23', '2025-04-21 06:18:23'),
(67, 4, '12', 75, '3', 0, '', 0, 100, 100, 591744, '2025-04-21 07:26:56', '2025-04-21 07:26:56'),
(68, 4, '13', 76, '4', 0, '', 0, 90, 90, 937144, '2025-04-21 08:14:58', '2025-04-21 08:14:58'),
(69, 4, '12', 77, '5', 0, '', 0, 100, 100, 942569, '2025-04-21 08:38:20', '2025-04-21 08:38:20'),
(70, 4, '5,12', 78, '6,7', 0, '', 0, 290, 290, 232272, '2025-05-01 08:38:24', '2025-05-01 08:38:24'),
(71, 1, '3', 78, '8', 0, '', 0, 50, 50, 125645, '2025-05-01 08:38:24', '2025-05-01 08:38:24'),
(72, 4, '5', 79, '9', 0, '', 0, 190, 190, 898087, '2025-05-05 04:30:48', '2025-05-05 04:30:48'),
(73, 4, '12,5,4', 80, '10,11,13', 0, '', 0, 430, 430, 335072, '2025-05-06 08:28:03', '2025-05-06 08:28:03'),
(74, 1, '3', 80, '12', 0, '', 0, 50, 50, 879805, '2025-05-06 08:28:03', '2025-05-06 08:28:03'),
(75, 4, '5', 81, '14', 0, '', 0, 190, 190, 859476, '2025-05-06 13:11:14', '2025-05-06 13:11:14'),
(76, 4, '6', 82, '15', 0, '', 0, 800, 800, 506860, '2025-05-07 12:41:59', '2025-05-07 12:41:59'),
(77, 4, '6', 83, '16', 0, '', 0, 800, 800, 691821, '2025-05-08 07:06:02', '2025-05-08 07:06:02'),
(78, 4, '4,5', 84, '17,18', 0, '', 0, 330, 330, 124668, '2025-05-12 05:30:04', '2025-05-12 05:30:04'),
(79, 4, '5', 85, '19', 0, '', 0, 190, 190, 301739, '2025-05-14 11:37:35', '2025-05-14 11:37:35');

-- --------------------------------------------------------

--
-- Структура таблиці `order_items`
--

CREATE TABLE `order_items` (
  `id` int(11) NOT NULL,
  `user_id` int(11) NOT NULL,
  `store_id` int(11) DEFAULT NULL,
  `order_id` int(11) NOT NULL,
  `delivery_boy_id` int(11) DEFAULT NULL,
  `seller_id` int(11) NOT NULL,
  `is_credited` tinyint(2) NOT NULL DEFAULT '0',
  `otp` int(11) NOT NULL DEFAULT '0',
  `product_name` varchar(512) COLLATE utf8mb4_unicode_ci DEFAULT NULL,
  `variant_name` varchar(256) COLLATE utf8mb4_unicode_ci DEFAULT NULL,
  `product_variant_id` int(11) NOT NULL,
  `quantity` int(11) NOT NULL,
  `delivered_quantity` int(11) NOT NULL DEFAULT '0',
  `price` double NOT NULL,
  `discounted_price` double DEFAULT NULL,
  `tax_ids` varchar(256) COLLATE utf8mb4_unicode_ci DEFAULT NULL,
  `tax_percent` double DEFAULT NULL,
  `tax_amount` double DEFAULT NULL,
  `discount` double DEFAULT '0',
  `sub_total` double NOT NULL,
  `deliver_by` varchar(128) COLLATE utf8mb4_unicode_ci DEFAULT NULL,
  `updated_by` int(11) DEFAULT '0',
  `status` varchar(1024) COLLATE utf8mb4_unicode_ci NOT NULL,
  `admin_commission_amount` double NOT NULL DEFAULT '0',
  `seller_commission_amount` double NOT NULL DEFAULT '0',
  `active_status` varchar(1024) COLLATE utf8mb4_unicode_ci DEFAULT NULL,
  `hash_link` varchar(512) COLLATE utf8mb4_unicode_ci DEFAULT 'NULL',
  `is_sent` tinyint(4) DEFAULT '0',
  `order_type` varchar(256) COLLATE utf8mb4_unicode_ci NOT NULL,
  `attachment` varchar(2048) COLLATE utf8mb4_unicode_ci DEFAULT NULL,
  `created_at` timestamp NOT NULL DEFAULT CURRENT_TIMESTAMP,
  `updated_at` timestamp NOT NULL DEFAULT CURRENT_TIMESTAMP,
  `is_completed` tinyint(4) NOT NULL DEFAULT '0',
  `is_write_review` tinyint(4) NOT NULL DEFAULT '0'
) ENGINE=InnoDB DEFAULT CHARSET=utf8mb4 COLLATE=utf8mb4_unicode_ci;

--
-- Дамп даних таблиці `order_items`
--

INSERT INTO `order_items` (`id`, `user_id`, `store_id`, `order_id`, `delivery_boy_id`, `seller_id`, `is_credited`, `otp`, `product_name`, `variant_name`, `product_variant_id`, `quantity`, `delivered_quantity`, `price`, `discounted_price`, `tax_ids`, `tax_percent`, `tax_amount`, `discount`, `sub_total`, `deliver_by`, `updated_by`, `status`, `admin_commission_amount`, `seller_commission_amount`, `active_status`, `hash_link`, `is_sent`, `order_type`, `attachment`, `created_at`, `updated_at`, `is_completed`, `is_write_review`) VALUES
(1, 413, 2, 74, 0, 4, 0, 715918, 'CoviSelf Covid 19 Rapid Antigen Self Test Kit', '', 4, 1, 1, 140, NULL, '0', 0, 0, 0, 140, NULL, 419, '[[\"received\",\"21-04-2025 09:18:23am\"],[\"processed\",\"21-04-2025 09:19:23am\"],[\"shipped\",\"21-04-2025 09:23:44am\"],[\"delivered\",\"21-04-2025 09:24:20am\"]]', 0, 0, 'delivered', 'NULL', 0, 'regular_order', '', '2025-04-21 06:18:23', '2025-04-21 06:25:17', 1, 1),
(3, 413, 2, 75, 0, 4, 0, 591744, '1100 Watt Dry Non-Stick soleplate Iron', 'White', 12, 1, 1, 100, NULL, '0', 0, 0, 0, 100, NULL, 419, '[[\"received\",\"21-04-2025 10:26:56am\"],[\"processed\",\"21-04-2025 10:27:25am\"],[\"shipped\",\"21-04-2025 10:28:12am\"],[\"delivered\",\"21-04-2025 10:28:32am\"],[\"return_request_pending\",\"21-04-2025 10:30:16am\"]]', 0, 0, 'return_request_pending', 'NULL', 0, 'regular_order', '', '2025-04-21 07:26:56', '2025-04-21 07:29:02', 1, 1),
(4, 413, 2, 76, 0, 4, 0, 937144, '1100 Watt Dry Non-Stick soleplate Iron', 'Blue', 13, 1, 1, 90, NULL, '0', 0, 0, 0, 90, NULL, 419, '[[\"received\",\"21-04-2025 11:14:58am\"],[\"processed\",\"21-04-2025 11:15:42am\"],[\"shipped\",\"21-04-2025 11:16:14am\"],[\"delivered\",\"21-04-2025 11:16:27am\"],[\"return_request_pending\",\"21-04-2025 11:17:55am\"]]', 0, 0, 'return_request_pending', 'NULL', 0, 'regular_order', '', '2025-04-21 08:14:58', '2025-04-21 08:17:26', 1, 0),
(5, 413, 2, 77, 0, 4, 0, 942569, '1100 Watt Dry Non-Stick soleplate Iron', 'White', 12, 1, 1, 100, NULL, '0', 0, 0, 0, 100, NULL, 419, '[[\"received\",\"21-04-2025 11:38:20am\"],[\"processed\",\"21-04-2025 11:40:36am\"],[\"shipped\",\"21-04-2025 11:41:11am\"],[\"delivered\",\"21-04-2025 11:41:22am\"],[\"return_request_pending\",\"21-04-2025 11:41:56am\"],[\"returned\",\"21-04-2025 12:52:42pm\"]]', 0, 0, 'returned', 'NULL', 0, 'regular_order', '', '2025-04-21 08:38:20', '2025-04-21 08:41:32', 1, 0),
(6, 413, 2, 78, NULL, 4, 0, 232272, 'Dominion Care N95 Mask White', '', 5, 1, 0, 190, NULL, '0', 0, 0, 0, 190, NULL, 0, '[[\"received\",\"01-05-2025 11:38:24am\"]]', 0, 0, 'received', 'NULL', 0, 'regular_order', '', '2025-05-01 08:38:24', '2025-05-01 08:38:24', 0, 0),
(7, 413, 2, 78, NULL, 4, 0, 232272, '1100 Watt Dry Non-Stick soleplate Iron', 'White', 12, 1, 0, 100, NULL, '0', 0, 0, 0, 100, NULL, 0, '[[\"received\",\"01-05-2025 11:38:24am\"]]', 0, 0, 'received', 'NULL', 0, 'regular_order', '', '2025-05-01 08:38:24', '2025-05-01 08:38:24', 0, 0),
(8, 413, 2, 78, NULL, 1, 0, 125645, 'Stainless Steel Water Bottle', '', 3, 1, 0, 50, NULL, '0', 0, 0, 0, 50, NULL, 0, '[[\"received\",\"01-05-2025 11:38:24am\"],[\"cancelled\",\"01-05-2025 11:39:42am\"]]', 0, 0, 'cancelled', 'NULL', 0, 'regular_order', '', '2025-05-01 08:38:24', '2025-05-01 08:38:24', 0, 0),
(15, 435, 2, 82, 0, 4, 0, 506860, 'Graphic Printed Drop-Shoulder Sleeves Relaxed Fit Pure Cotton T-shirt', '', 6, 1, 1, 800, NULL, '0', 0, 0, 0, 800, NULL, 419, '[[\"received\",\"07-05-2025 03:41:59pm\"],[\"processed\",\"07-05-2025 03:43:04pm\"],[\"shipped\",\"13-05-2025 03:12:46pm\"],[\"delivered\",\"13-05-2025 03:13:12pm\"]]', 0, 0, 'delivered', 'NULL', 0, 'regular_order', '', '2025-05-07 12:41:59', '2025-05-13 12:15:44', 1, 0),
(16, 435, 2, 83, NULL, 4, 0, 691821, 'Graphic Printed Drop-Shoulder Sleeves Relaxed Fit Pure Cotton T-shirt', '', 6, 1, 0, 800, NULL, '0', 0, 0, 0, 800, NULL, 0, '[[\"received\",\"08-05-2025 10:06:02am\"],[\"cancelled\",\"13-05-2025 12:27:00pm\"]]', 0, 0, 'cancelled', 'NULL', 0, 'regular_order', '', '2025-05-08 07:06:02', '2025-05-08 07:06:02', 0, 0),
(17, 435, 2, 84, 0, 4, 0, 124668, 'CoviSelf Covid 19 Rapid Antigen Self Test Kit', '', 4, 1, 1, 140, NULL, '0', 0, 0, 0, 140, NULL, 419, '[[\"received\",\"12-05-2025 08:30:04am\"],[\"processed\",\"13-05-2025 07:42:36am\"],[\"shipped\",\"13-05-2025 08:32:11am\"]]', 0, 0, 'shipped', 'NULL', 0, 'regular_order', '', '2025-05-12 05:30:04', '2025-05-12 05:30:04', 0, 0),
(18, 435, 2, 84, NULL, 4, 0, 124668, 'Dominion Care N95 Mask White', '', 5, 1, 0, 190, NULL, '0', 0, 0, 0, 190, NULL, 419, '[[\"received\",\"12-05-2025 08:30:04am\"]]', 0, 0, 'received', 'NULL', 0, 'regular_order', '', '2025-05-12 05:30:04', '2025-05-12 05:30:04', 0, 0),
(19, 435, 2, 85, NULL, 4, 0, 301739, 'Dominion Care N95 Mask White', '', 5, 1, 0, 190, NULL, '0', 0, 0, 0, 190, NULL, 0, '[[\"received\",\"14-05-2025 02:37:35pm\"]]', 0, 0, 'received', 'NULL', 0, 'regular_order', '', '2025-05-14 11:37:35', '2025-05-14 11:37:35', 0, 0);

-- --------------------------------------------------------

--
-- Структура таблиці `order_trackings`
--

CREATE TABLE `order_trackings` (
  `id` int(11) NOT NULL,
  `order_id` int(11) NOT NULL,
  `shiprocket_order_id` int(11) NOT NULL,
  `shipment_id` int(11) NOT NULL,
  `courier_company_id` int(11) NOT NULL DEFAULT '0',
  `awb_code` varchar(128) COLLATE utf8mb4_unicode_ci NOT NULL DEFAULT 'NULL',
  `pickup_status` int(11) NOT NULL,
  `pickup_scheduled_date` varchar(255) COLLATE utf8mb4_unicode_ci NOT NULL,
  `pickup_token_number` varchar(255) COLLATE utf8mb4_unicode_ci NOT NULL,
  `status` int(11) NOT NULL,
  `others` varchar(255) COLLATE utf8mb4_unicode_ci NOT NULL,
  `pickup_generated_date` varchar(255) COLLATE utf8mb4_unicode_ci NOT NULL,
  `data` varchar(255) COLLATE utf8mb4_unicode_ci NOT NULL,
  `date` varchar(255) COLLATE utf8mb4_unicode_ci NOT NULL,
  `is_canceled` int(11) NOT NULL DEFAULT '0',
  `manifest_url` varchar(512) COLLATE utf8mb4_unicode_ci NOT NULL,
  `label_url` varchar(512) COLLATE utf8mb4_unicode_ci NOT NULL,
  `invoice_url` varchar(512) COLLATE utf8mb4_unicode_ci NOT NULL,
  `order_item_id` mediumtext COLLATE utf8mb4_unicode_ci,
  `courier_agency` varchar(20) COLLATE utf8mb4_unicode_ci DEFAULT NULL,
  `tracking_id` varchar(120) COLLATE utf8mb4_unicode_ci NOT NULL,
  `parcel_id` int(11) DEFAULT NULL,
  `url` varchar(256) COLLATE utf8mb4_unicode_ci NOT NULL,
  `created_at` timestamp NOT NULL DEFAULT CURRENT_TIMESTAMP,
  `updated_at` timestamp NOT NULL DEFAULT CURRENT_TIMESTAMP,
  `carrier_id` varchar(50) COLLATE utf8mb4_unicode_ci DEFAULT NULL,
  `tracking_number` varchar(255) COLLATE utf8mb4_unicode_ci DEFAULT NULL,
  `aftership_tracking_id` varchar(255) COLLATE utf8mb4_unicode_ci DEFAULT NULL,
  `aftership_data` text COLLATE utf8mb4_unicode_ci
) ENGINE=InnoDB DEFAULT CHARSET=utf8mb4 COLLATE=utf8mb4_unicode_ci;

--
-- Дамп даних таблиці `order_trackings`
--

INSERT INTO `order_trackings` (`id`, `order_id`, `shiprocket_order_id`, `shipment_id`, `courier_company_id`, `awb_code`, `pickup_status`, `pickup_scheduled_date`, `pickup_token_number`, `status`, `others`, `pickup_generated_date`, `data`, `date`, `is_canceled`, `manifest_url`, `label_url`, `invoice_url`, `order_item_id`, `courier_agency`, `tracking_id`, `parcel_id`, `url`, `created_at`, `updated_at`, `carrier_id`, `tracking_number`, `aftership_tracking_id`, `aftership_data`) VALUES
(17, 74, 0, 0, 0, 'NULL', 0, '', '', 0, '', '', '', '', 0, '', '', '', '1', 'nova-poshta', '20400448337282', 1, '', '2025-04-21 06:19:40', '2025-04-21 06:19:40', NULL, NULL, NULL, NULL),
(18, 75, 0, 0, 0, 'NULL', 0, '', '', 0, '', '', '', '', 0, '', '', '', '3', 'nova-poshta', '20400449882799', 2, '', '2025-04-21 07:27:42', '2025-04-21 07:27:42', NULL, NULL, NULL, NULL),
(19, 75, 0, 0, 0, 'NULL', 0, '', '', 0, '', '', '', '2025-04-21 10:32:55', 0, '', '', '', '3', 'nova-poshta', '20451146567291', NULL, '', '2025-04-21 07:32:55', '2025-04-21 07:32:55', 'nova-poshta', '20451146567291', NULL, NULL),
(20, 76, 0, 0, 0, 'NULL', 0, '', '', 0, '', '', '', '', 0, '', '', '', '4', 'nova-poshta', '20400448822277', 3, '', '2025-04-21 08:16:03', '2025-04-21 08:16:03', NULL, NULL, NULL, NULL),
(21, 76, 0, 0, 0, 'NULL', 0, '', '', 0, '', '', '', '2025-04-21 11:18:38', 0, '', '', '', '4', 'nova-poshta', '20451146567291', NULL, '', '2025-04-21 08:18:38', '2025-04-21 08:18:38', 'nova-poshta', '20451146567291', NULL, NULL),
(22, 77, 0, 0, 0, 'NULL', 0, '', '', 0, '', '', '', '', 0, '', '', '', '5', 'nova-poshta', '20400448822277', 4, '', '2025-04-21 08:40:56', '2025-04-21 08:40:56', NULL, NULL, NULL, NULL),
(23, 77, 0, 0, 0, 'NULL', 0, '', '', 0, '', '', '', '2025-04-21 12:36:55', 0, '', '', '', '5', 'nova-poshta', '20451146567291', NULL, '', '2025-04-21 09:36:55', '2025-04-21 09:36:55', 'nova-poshta', '20451146567291', NULL, NULL),
(24, 81, 0, 0, 0, 'NULL', 0, '', '', 0, '', '', '', '', 0, '', '', '', '14', 'gpost', '32784623876', 5, '', '2025-05-06 13:14:31', '2025-05-06 13:14:31', NULL, NULL, NULL, NULL),
(25, 84, 0, 0, 0, 'NULL', 0, '', '', 0, '', '', '', '', 0, '', '', '', '17', 'dpe-za', '20400449882799', 7, 'https://dept-4zgn.vercel.app/', '2025-05-13 05:31:51', '2025-05-13 05:31:51', NULL, NULL, NULL, NULL),
(26, 82, 0, 0, 0, 'NULL', 0, '', '', 0, '', '', '', '', 0, '', '', '', '15', 'india-post', '20400449882799', 6, 'https://dept-4zgn.vercel.app/', '2025-05-13 12:12:29', '2025-05-13 12:12:29', NULL, NULL, NULL, NULL);

-- --------------------------------------------------------

--
-- Структура таблиці `otps`
--

CREATE TABLE `otps` (
  `id` int(11) NOT NULL,
  `mobile` varchar(20) NOT NULL,
  `otp` varchar(20) NOT NULL,
  `varified` int(11) NOT NULL DEFAULT '0' COMMENT '1 : verify | 0: not verify',
  `updated_at` timestamp NOT NULL DEFAULT CURRENT_TIMESTAMP ON UPDATE CURRENT_TIMESTAMP,
  `created_at` text NOT NULL
) ENGINE=InnoDB DEFAULT CHARSET=utf8mb4;

-- --------------------------------------------------------

--
-- Структура таблиці `parcels`
--

CREATE TABLE `parcels` (
  `id` int(11) UNSIGNED NOT NULL,
  `store_id` int(11) DEFAULT NULL,
  `order_id` int(11) NOT NULL,
  `delivery_boy_id` int(11) DEFAULT NULL,
  `name` varchar(255) NOT NULL,
  `type` varchar(256) DEFAULT NULL,
  `status` varchar(1024) NOT NULL,
  `active_status` varchar(1024) NOT NULL,
  `otp` int(6) NOT NULL,
  `delivery_charge` double NOT NULL DEFAULT '0',
  `created_at` timestamp NULL DEFAULT NULL,
  `updated_at` timestamp NULL DEFAULT NULL
) ENGINE=InnoDB DEFAULT CHARSET=utf8;

--
-- Дамп даних таблиці `parcels`
--

INSERT INTO `parcels` (`id`, `store_id`, `order_id`, `delivery_boy_id`, `name`, `type`, `status`, `active_status`, `otp`, `delivery_charge`, `created_at`, `updated_at`) VALUES
(1, 2, 74, NULL, 'Pay with wallet', 'regular_order', '[[\"received\",\"2025-04-21 09:19:23am\"],[\"processed\",\"2025-04-21 09:19:23am\"],[\"shipped\",\"21-04-2025 09:23:44am\"],[\"delivered\",\"21-04-2025 09:24:20am\"]]', 'delivered', 675337, 0, '2025-04-21 06:19:23', '2025-04-21 06:19:23'),
(2, 2, 75, NULL, 'test items', 'regular_order', '[[\"received\",\"2025-04-21 10:27:25am\"],[\"processed\",\"2025-04-21 10:27:25am\"],[\"shipped\",\"21-04-2025 10:28:12am\"],[\"delivered\",\"21-04-2025 10:28:32am\"]]', 'delivered', 725533, 0, '2025-04-21 07:27:25', '2025-04-21 07:27:25'),
(3, 2, 76, NULL, 'full', 'regular_order', '[[\"received\",\"2025-04-21 11:15:42am\"],[\"processed\",\"2025-04-21 11:15:42am\"],[\"shipped\",\"21-04-2025 11:16:14am\"],[\"delivered\",\"21-04-2025 11:16:27am\"]]', 'delivered', 579258, 0, '2025-04-21 08:15:42', '2025-04-21 08:15:42'),
(4, 2, 77, NULL, 'test items', 'regular_order', '[[\"received\",\"2025-04-21 11:40:36am\"],[\"processed\",\"2025-04-21 11:40:36am\"],[\"shipped\",\"21-04-2025 11:41:11am\"],[\"delivered\",\"21-04-2025 11:41:22am\"]]', 'delivered', 580575, 0, '2025-04-21 08:40:36', '2025-04-21 08:40:36'),
(5, 2, 81, NULL, 'test', 'regular_order', '[[\"received\",\"2025-05-06 04:12:28pm\"],[\"processed\",\"2025-05-06 04:12:28pm\"]]', 'processed', 259185, 0, '2025-05-06 13:12:28', '2025-05-06 13:12:28'),
(6, 2, 82, NULL, 'test', 'regular_order', '[[\"received\",\"2025-05-07 03:43:04pm\"],[\"processed\",\"2025-05-07 03:43:04pm\"],[\"shipped\",\"13-05-2025 03:12:46pm\"],[\"delivered\",\"13-05-2025 03:13:12pm\"]]', 'delivered', 263724, 0, '2025-05-07 12:43:04', '2025-05-07 12:43:04'),
(7, 2, 84, NULL, 'one part', 'regular_order', '[[\"received\",\"2025-05-13 07:42:36am\"],[\"processed\",\"2025-05-13 07:42:36am\"],[\"shipped\",\"13-05-2025 08:32:11am\"]]', 'shipped', 939624, 0, '2025-05-13 04:42:36', '2025-05-13 04:42:36');

-- --------------------------------------------------------

--
-- Структура таблиці `parcel_items`
--

CREATE TABLE `parcel_items` (
  `id` int(11) UNSIGNED NOT NULL,
  `store_id` int(11) DEFAULT NULL,
  `parcel_id` int(11) NOT NULL,
  `order_item_id` int(11) NOT NULL,
  `product_variant_id` int(11) NOT NULL,
  `unit_price` double NOT NULL,
  `quantity` int(11) NOT NULL,
  `created_at` timestamp NULL DEFAULT NULL,
  `updated_at` timestamp NULL DEFAULT NULL
) ENGINE=InnoDB DEFAULT CHARSET=utf8;

--
-- Дамп даних таблиці `parcel_items`
--

INSERT INTO `parcel_items` (`id`, `store_id`, `parcel_id`, `order_item_id`, `product_variant_id`, `unit_price`, `quantity`, `created_at`, `updated_at`) VALUES
(1, 2, 1, 1, 4, 140, 1, NULL, NULL),
(2, 2, 2, 3, 12, 100, 1, NULL, NULL),
(3, 2, 3, 4, 13, 90, 1, NULL, NULL),
(4, 2, 4, 5, 12, 100, 1, NULL, NULL),
(5, 2, 5, 14, 5, 190, 1, NULL, NULL),
(6, 2, 6, 15, 6, 800, 1, NULL, NULL),
(7, 2, 7, 17, 4, 140, 1, NULL, NULL);

-- --------------------------------------------------------

--
-- Структура таблиці `password_reset_tokens`
--

CREATE TABLE `password_reset_tokens` (
  `email` varchar(255) COLLATE utf8mb4_unicode_ci NOT NULL,
  `token` varchar(255) COLLATE utf8mb4_unicode_ci NOT NULL,
  `created_at` timestamp NULL DEFAULT NULL
) ENGINE=InnoDB DEFAULT CHARSET=utf8mb4 COLLATE=utf8mb4_unicode_ci;

-- --------------------------------------------------------

--
-- Структура таблиці `payment_requests`
--

CREATE TABLE `payment_requests` (
  `id` int(11) NOT NULL,
  `user_id` int(11) NOT NULL,
  `payment_type` varchar(56) COLLATE utf8mb4_unicode_ci NOT NULL,
  `payment_address` varchar(1024) COLLATE utf8mb4_unicode_ci NOT NULL,
  `amount_requested` decimal(10,2) DEFAULT NULL,
  `remarks` varchar(512) COLLATE utf8mb4_unicode_ci DEFAULT NULL,
  `status` tinyint(4) NOT NULL DEFAULT '0',
  `created_at` timestamp NOT NULL DEFAULT CURRENT_TIMESTAMP,
  `updated_at` timestamp NOT NULL DEFAULT CURRENT_TIMESTAMP
) ENGINE=InnoDB DEFAULT CHARSET=utf8mb4 COLLATE=utf8mb4_unicode_ci;

-- --------------------------------------------------------

--
-- Структура таблиці `permissions`
--

CREATE TABLE `permissions` (
  `id` bigint(20) UNSIGNED NOT NULL,
  `name` varchar(255) COLLATE utf8mb4_unicode_ci NOT NULL,
  `guard_name` varchar(255) COLLATE utf8mb4_unicode_ci NOT NULL,
  `created_at` timestamp NULL DEFAULT NULL,
  `updated_at` timestamp NULL DEFAULT NULL
) ENGINE=InnoDB DEFAULT CHARSET=utf8mb4 COLLATE=utf8mb4_unicode_ci;

--
-- Дамп даних таблиці `permissions`
--

INSERT INTO `permissions` (`id`, `name`, `guard_name`, `created_at`, `updated_at`) VALUES
(1, 'edit orders', 'web', '2023-08-04 00:34:04', '2023-08-04 00:34:04'),
(2, 'delete orders', 'web', '2023-08-04 00:34:04', '2023-08-04 00:34:04'),
(3, 'view orders', 'web', '2023-08-04 00:34:04', '2023-08-04 00:34:04'),
(4, 'edit profile', 'web', '2023-08-04 00:34:19', '2023-08-04 00:34:19'),
(5, 'delete profile', 'web', '2023-08-04 00:34:19', '2023-08-04 00:34:19'),
(6, 'view profile', 'web', '2023-08-04 00:34:19', '2023-08-04 00:34:19'),
(7, 'create categories', 'web', '2023-08-04 00:34:36', '2023-08-04 00:34:36'),
(8, 'edit categories', 'web', '2023-08-04 00:34:36', '2023-08-04 00:34:36'),
(9, 'delete categories', 'web', '2023-08-04 00:34:36', '2023-08-04 00:34:36'),
(10, 'view categories', 'web', '2023-08-04 00:34:36', '2023-08-04 00:34:36'),
(11, 'create brands', 'web', '2023-08-04 00:34:48', '2023-08-04 00:34:48'),
(12, 'edit brands', 'web', '2023-08-04 00:34:48', '2023-08-04 00:34:48'),
(13, 'delete brands', 'web', '2023-08-04 00:34:48', '2023-08-04 00:34:48'),
(14, 'view brands', 'web', '2023-08-04 00:34:48', '2023-08-04 00:34:48'),
(15, 'edit category_order', 'web', '2023-08-04 00:35:18', '2023-08-04 00:35:18'),
(16, 'view category_order', 'web', '2023-08-04 00:35:18', '2023-08-04 00:35:18'),
(17, 'edit product_order', 'web', '2023-08-04 00:35:37', '2023-08-04 00:35:37'),
(18, 'view product_order', 'web', '2023-08-04 00:35:37', '2023-08-04 00:35:37'),
(19, 'create product', 'web', '2023-08-04 00:35:53', '2023-08-04 00:35:53'),
(20, 'edit product', 'web', '2023-08-04 00:35:53', '2023-08-04 00:35:53'),
(21, 'delete product', 'web', '2023-08-04 00:35:53', '2023-08-04 00:35:53'),
(22, 'view product', 'web', '2023-08-04 00:35:53', '2023-08-04 00:35:53'),
(23, 'create media', 'web', '2023-08-04 00:36:07', '2023-08-04 00:36:07'),
(24, 'edit media', 'web', '2023-08-04 00:36:07', '2023-08-04 00:36:07'),
(25, 'delete media', 'web', '2023-08-04 00:36:07', '2023-08-04 00:36:07'),
(26, 'view media', 'web', '2023-08-04 00:36:07', '2023-08-04 00:36:07'),
(27, 'create tax', 'web', '2023-08-04 00:36:26', '2023-08-04 00:36:26'),
(28, 'edit tax', 'web', '2023-08-04 00:36:26', '2023-08-04 00:36:26'),
(29, 'delete tax', 'web', '2023-08-04 00:36:26', '2023-08-04 00:36:26'),
(30, 'view tax', 'web', '2023-08-04 00:36:26', '2023-08-04 00:36:26'),
(39, 'create slider_images', 'web', '2023-08-04 00:37:29', '2023-08-04 00:37:29'),
(40, 'edit slider_images', 'web', '2023-08-04 00:37:29', '2023-08-04 00:37:29'),
(41, 'delete slider_images', 'web', '2023-08-04 00:37:29', '2023-08-04 00:37:29'),
(42, 'view slider_images', 'web', '2023-08-04 00:37:29', '2023-08-04 00:37:29'),
(43, 'create offer_images', 'web', '2023-08-04 00:37:42', '2023-08-04 00:37:42'),
(44, 'edit offer_images', 'web', '2023-08-04 00:37:42', '2023-08-04 00:37:42'),
(45, 'delete offer_images', 'web', '2023-08-04 00:37:42', '2023-08-04 00:37:42'),
(46, 'view offer_images', 'web', '2023-08-04 00:37:42', '2023-08-04 00:37:42'),
(47, 'create promo_code', 'web', '2023-08-04 00:37:53', '2023-08-04 00:37:53'),
(48, 'edit promo_code', 'web', '2023-08-04 00:37:53', '2023-08-04 00:37:53'),
(49, 'delete promo_code', 'web', '2023-08-04 00:37:53', '2023-08-04 00:37:53'),
(50, 'view promo_code', 'web', '2023-08-04 00:37:53', '2023-08-04 00:37:53'),
(51, 'create featured_section', 'web', '2023-08-04 00:38:07', '2023-08-04 00:38:07'),
(52, 'edit featured_section', 'web', '2023-08-04 00:38:07', '2023-08-04 00:38:07'),
(53, 'delete featured_section', 'web', '2023-08-04 00:38:07', '2023-08-04 00:38:07'),
(54, 'view featured_section', 'web', '2023-08-04 00:38:07', '2023-08-04 00:38:07'),
(55, 'edit customers', 'web', '2023-08-04 00:38:31', '2023-08-04 00:38:31'),
(56, 'view customers', 'web', '2023-08-04 00:38:31', '2023-08-04 00:38:31'),
(57, 'edit return_request', 'web', '2023-08-04 00:38:43', '2023-08-04 00:38:43'),
(58, 'view return_request', 'web', '2023-08-04 00:38:43', '2023-08-04 00:38:43'),
(59, 'create delivery_boy', 'web', '2023-08-04 00:38:59', '2023-08-04 00:38:59'),
(60, 'edit delivery_boy', 'web', '2023-08-04 00:38:59', '2023-08-04 00:38:59'),
(61, 'delete delivery_boy', 'web', '2023-08-04 00:38:59', '2023-08-04 00:38:59'),
(62, 'view delivery_boy', 'web', '2023-08-04 00:38:59', '2023-08-04 00:38:59'),
(63, 'create fund_transfer', 'web', '2023-08-04 00:39:13', '2023-08-04 00:39:13'),
(64, 'edit fund_transfer', 'web', '2023-08-04 00:39:13', '2023-08-04 00:39:13'),
(65, 'delete fund_transfer', 'web', '2023-08-04 00:39:13', '2023-08-04 00:39:13'),
(66, 'view fund_transfer', 'web', '2023-08-04 00:39:13', '2023-08-04 00:39:13'),
(67, 'create send_notification', 'web', '2023-08-04 00:40:06', '2023-08-04 00:40:06'),
(68, 'delete send_notification', 'web', '2023-08-04 00:40:06', '2023-08-04 00:40:06'),
(69, 'view send_notification', 'web', '2023-08-04 00:40:06', '2023-08-04 00:40:06'),
(70, 'edit notification_setting', 'web', '2023-08-04 00:40:23', '2023-08-04 00:40:23'),
(71, 'view notification_setting', 'web', '2023-08-04 00:40:23', '2023-08-04 00:40:23'),
(72, 'create client_api_keys', 'web', '2023-08-04 00:40:40', '2023-08-04 00:40:40'),
(73, 'edit client_api_keys', 'web', '2023-08-04 00:40:40', '2023-08-04 00:40:40'),
(74, 'delete client_api_keys', 'web', '2023-08-04 00:40:40', '2023-08-04 00:40:40'),
(75, 'view client_api_keys', 'web', '2023-08-04 00:40:40', '2023-08-04 00:40:40'),
(76, 'create area', 'web', '2023-08-04 00:40:52', '2023-08-04 00:40:52'),
(77, 'edit area', 'web', '2023-08-04 00:40:52', '2023-08-04 00:40:52'),
(78, 'delete area', 'web', '2023-08-04 00:40:52', '2023-08-04 00:40:52'),
(79, 'view area', 'web', '2023-08-04 00:40:52', '2023-08-04 00:40:52'),
(80, 'create city', 'web', '2023-08-04 00:41:11', '2023-08-04 00:41:11'),
(81, 'edit city', 'web', '2023-08-04 00:41:11', '2023-08-04 00:41:11'),
(82, 'delete city', 'web', '2023-08-04 00:41:11', '2023-08-04 00:41:11'),
(83, 'view city', 'web', '2023-08-04 00:41:11', '2023-08-04 00:41:11'),
(84, 'create faq', 'web', '2023-08-04 00:41:25', '2023-08-04 00:41:25'),
(85, 'edit faq', 'web', '2023-08-04 00:41:25', '2023-08-04 00:41:25'),
(86, 'delete faq', 'web', '2023-08-04 00:41:25', '2023-08-04 00:41:25'),
(87, 'view faq', 'web', '2023-08-04 00:41:25', '2023-08-04 00:41:25'),
(88, 'create zipcodes', 'web', '2023-08-04 00:41:42', '2023-08-04 00:41:42'),
(89, 'edit zipcodes', 'web', '2023-08-04 00:41:42', '2023-08-04 00:41:42'),
(90, 'delete zipcodes', 'web', '2023-08-04 00:41:42', '2023-08-04 00:41:42'),
(91, 'view zipcodes', 'web', '2023-08-04 00:41:42', '2023-08-04 00:41:42'),
(92, 'create support_tickets', 'web', '2023-08-04 00:41:54', '2023-08-04 00:41:54'),
(93, 'edit support_tickets', 'web', '2023-08-04 00:41:54', '2023-08-04 00:41:54'),
(94, 'delete support_tickets', 'web', '2023-08-04 00:41:54', '2023-08-04 00:41:54'),
(95, 'view support_tickets', 'web', '2023-08-04 00:41:54', '2023-08-04 00:41:54'),
(96, 'edit settings', 'web', '2023-08-04 00:42:42', '2023-08-04 00:42:42'),
(97, 'view settings', 'web', '2023-08-04 00:42:42', '2023-08-04 00:42:42'),
(98, 'edit system_update', 'web', '2023-08-04 00:43:02', '2023-08-04 00:43:02'),
(99, 'create seller', 'web', '2023-08-04 00:43:33', '2023-08-04 00:43:33'),
(100, 'edit seller', 'web', '2023-08-04 00:43:33', '2023-08-04 00:43:33'),
(101, 'delete seller', 'web', '2023-08-04 00:43:33', '2023-08-04 00:43:33'),
(102, 'view seller', 'web', '2023-08-04 00:43:33', '2023-08-04 00:43:33'),
(103, 'edit shipping_settings', 'web', '2023-08-04 00:43:49', '2023-08-04 00:43:49'),
(104, 'view shipping_settings', 'web', '2023-08-04 00:43:49', '2023-08-04 00:43:49'),
(105, 'create pickup_location', 'web', '2023-08-04 00:44:04', '2023-08-04 00:44:04'),
(106, 'edit pickup_location', 'web', '2023-08-04 00:44:04', '2023-08-04 00:44:04'),
(107, 'delete pickup_location', 'web', '2023-08-04 00:44:04', '2023-08-04 00:44:04'),
(108, 'view pickup_location', 'web', '2023-08-04 00:44:04', '2023-08-04 00:44:04'),
(109, 'create blogs', 'web', '2023-08-04 00:44:53', '2023-08-04 00:44:53'),
(110, 'edit blogs', 'web', '2023-08-04 00:44:53', '2023-08-04 00:44:53'),
(111, 'delete blogs', 'web', '2023-08-04 00:44:53', '2023-08-04 00:44:53'),
(112, 'view blogs', 'web', '2023-08-04 00:44:53', '2023-08-04 00:44:53'),
(113, 'edit manage_stock', 'web', '2023-08-04 00:45:23', '2023-08-04 00:45:23'),
(114, 'view manage_stock', 'web', '2023-08-04 00:45:23', '2023-08-04 00:45:23'),
(115, 'create orders', 'web', '2023-08-04 00:45:23', '2023-08-04 00:45:23'),
(116, 'create profile', 'web', '2023-08-04 00:45:23', '2023-08-04 00:45:23'),
(117, 'create category_order', 'web', '2023-08-04 00:45:23', '2023-08-04 00:45:23'),
(118, 'delete category_order', 'web', '2023-08-04 00:45:23', '2023-08-04 00:45:23'),
(122, 'delete product_order', 'web', '2023-08-04 00:45:23', '2023-08-04 00:45:23'),
(123, 'view send-notification', 'web', '2023-08-04 00:45:23', '2023-08-04 00:45:23'),
(124, 'create notification_setting', 'web', '2023-08-04 00:45:23', '2023-08-04 00:45:23'),
(125, 'delete notification_setting', 'web', '2023-08-04 00:45:23', '2023-08-04 00:45:23'),
(126, 'create settings', 'web', '2023-08-04 00:45:23', '2023-08-04 00:45:23'),
(127, 'delete settings', 'web', '2023-08-04 00:45:23', '2023-08-04 00:45:23'),
(128, 'create system_update', 'web', '2023-08-04 00:45:23', '2023-08-04 00:45:23'),
(129, 'view system_update', 'web', '2023-08-04 00:45:23', '2023-08-04 00:45:23'),
(130, 'delete system_update', 'web', '2023-08-04 00:45:23', '2023-08-04 00:45:23'),
(131, 'create shipping_settings', 'web', '2023-08-04 00:45:23', '2023-08-04 00:45:23'),
(132, 'delete shipping_settings', 'web', '2023-08-04 00:45:23', '2023-08-04 00:45:23'),
(134, 'create product_order', 'web', NULL, NULL),
(135, 'create customers', 'web', NULL, NULL),
(136, 'delete customers', 'web', NULL, NULL),
(137, 'create return_request', 'web', NULL, NULL),
(138, 'delete return_request', 'web', NULL, NULL),
(139, 'edit send_notification', 'web', NULL, NULL),
(140, 'create manage_stock', 'web', NULL, NULL),
(141, 'delete manage_stock', 'web', NULL, NULL),
(145, 'create store', 'web', '2024-05-07 05:27:52', '2024-05-07 05:27:52'),
(146, 'edit store', 'web', '2024-05-07 05:27:52', '2024-05-07 05:27:52'),
(147, 'delete store', 'web', '2024-05-07 05:27:52', '2024-05-07 05:27:52'),
(148, 'view store', 'web', '2024-05-07 05:27:52', '2024-05-07 05:27:52'),
(149, 'create category_sliders', 'web', '2024-05-07 06:03:00', '2024-05-07 06:03:00'),
(150, 'edit category_sliders', 'web', '2024-05-07 06:03:00', '2024-05-07 06:03:00'),
(151, 'delete category_sliders', 'web', '2024-05-07 06:03:00', '2024-05-07 06:03:00'),
(152, 'view category_sliders', 'web', '2024-05-07 06:03:00', '2024-05-07 06:03:00'),
(153, 'edit stock', 'web', '2024-05-07 06:06:01', '2024-05-07 06:06:01'),
(154, 'view stock', 'web', '2024-05-07 06:06:01', '2024-05-07 06:06:01'),
(155, 'edit combo_stock', 'web', '2024-05-07 06:07:45', '2024-05-07 06:07:45'),
(156, 'view combo_stock', 'web', '2024-05-07 06:07:45', '2024-05-07 06:07:45'),
(157, 'view seller_wallet_transaction', 'web', '2024-05-07 06:22:06', '2024-05-07 06:22:06'),
(158, 'create attributes', 'web', '2024-05-07 06:25:46', '2024-05-07 06:25:46'),
(159, 'edit attributes', 'web', '2024-05-07 06:25:46', '2024-05-07 06:25:46'),
(160, 'delete attributes', 'web', '2024-05-07 06:25:46', '2024-05-07 06:25:46'),
(161, 'view attributes', 'web', '2024-05-07 06:25:46', '2024-05-07 06:25:46'),
(162, 'create product_faq', 'web', '2024-05-07 06:41:30', '2024-05-07 06:41:30'),
(163, 'edit product_faq', 'web', '2024-05-07 06:41:30', '2024-05-07 06:41:30'),
(164, 'delete product_faq', 'web', '2024-05-07 06:41:30', '2024-05-07 06:41:30'),
(165, 'view product_faq', 'web', '2024-05-07 06:41:30', '2024-05-07 06:41:30'),
(166, 'create combo_attributes', 'web', '2024-05-07 06:43:03', '2024-05-07 06:43:03'),
(167, 'edit combo_attributes', 'web', '2024-05-07 06:43:03', '2024-05-07 06:43:03'),
(168, 'delete combo_attributes', 'web', '2024-05-07 06:43:03', '2024-05-07 06:43:03'),
(169, 'view combo_attributes', 'web', '2024-05-07 06:43:03', '2024-05-07 06:43:03'),
(170, 'create combo_product', 'web', '2024-05-07 06:47:11', '2024-05-07 06:47:11'),
(171, 'edit combo_product', 'web', '2024-05-07 06:47:11', '2024-05-07 06:47:11'),
(172, 'delete combo_product', 'web', '2024-05-07 06:47:11', '2024-05-07 06:47:11'),
(173, 'view combo_product', 'web', '2024-05-07 06:47:11', '2024-05-07 06:47:11'),
(174, 'create combo_product_faq', 'web', '2024-05-07 06:50:22', '2024-05-07 06:50:22'),
(175, 'edit combo_product_faq', 'web', '2024-05-07 06:50:22', '2024-05-07 06:50:22'),
(176, 'delete combo_product_faq', 'web', '2024-05-07 06:50:22', '2024-05-07 06:50:22'),
(177, 'view combo_product_faq', 'web', '2024-05-07 06:50:22', '2024-05-07 06:50:22'),
(178, 'create blog_categories', 'web', '2024-05-07 06:54:57', '2024-05-07 06:54:57'),
(179, 'edit blog_categories', 'web', '2024-05-07 06:54:57', '2024-05-07 06:54:57'),
(180, 'delete blog_categories', 'web', '2024-05-07 06:54:57', '2024-05-07 06:54:57'),
(181, 'view blog_categories', 'web', '2024-05-07 06:54:57', '2024-05-07 06:54:57'),
(182, 'create storage_type', 'web', '2024-05-07 06:58:30', '2024-05-07 06:58:30'),
(183, 'edit storage_type', 'web', '2024-05-07 06:58:31', '2024-05-07 06:58:31'),
(184, 'delete storage_type', 'web', '2024-05-07 06:58:31', '2024-05-07 06:58:31'),
(185, 'view storage_type', 'web', '2024-05-07 06:58:31', '2024-05-07 06:58:31'),
(186, 'create offer_slider', 'web', '2024-05-07 07:12:44', '2024-05-07 07:12:44'),
(187, 'edit offer_slider', 'web', '2024-05-07 07:12:44', '2024-05-07 07:12:44'),
(188, 'delete offer_slider', 'web', '2024-05-07 07:12:44', '2024-05-07 07:12:44'),
(189, 'view offer_slider', 'web', '2024-05-07 07:12:44', '2024-05-07 07:12:44'),
(190, 'create tickets', 'web', '2024-05-07 07:24:23', '2024-05-07 07:24:23'),
(191, 'edit tickets', 'web', '2024-05-07 07:24:23', '2024-05-07 07:24:23'),
(192, 'delete tickets', 'web', '2024-05-07 07:24:23', '2024-05-07 07:24:23'),
(193, 'view tickets', 'web', '2024-05-07 07:24:23', '2024-05-07 07:24:23'),
(194, 'view payment_request', 'web', '2024-05-07 07:39:11', '2024-05-07 07:39:11'),
(195, 'edit payment_request', 'web', '2024-05-07 07:39:11', '2024-05-07 07:39:11'),
(196, 'create custom_message', 'web', '2024-05-07 09:08:41', '2024-05-07 09:08:41'),
(197, 'edit custom_message', 'web', '2024-05-07 09:08:41', '2024-05-07 09:08:41'),
(198, 'delete custom_message', 'web', '2024-05-07 09:08:41', '2024-05-07 09:08:41'),
(199, 'view custom_message', 'web', '2024-05-07 09:08:41', '2024-05-07 09:08:41'),
(200, 'create system_user', 'web', '2024-05-07 09:21:53', '2024-05-07 09:21:53'),
(201, 'edit system_user', 'web', '2024-05-07 09:21:53', '2024-05-07 09:21:53'),
(202, 'delete system_user', 'web', '2024-05-07 09:21:53', '2024-05-07 09:21:53'),
(203, 'view system_user', 'web', '2024-05-07 09:21:53', '2024-05-07 09:21:53'),
(206, 'create send-notification', 'web', '2024-05-07 09:50:02', '2024-05-07 09:50:02'),
(207, 'edit send-notification', 'web', '2024-05-07 09:50:02', '2024-05-07 09:50:02'),
(208, 'delete send-notification', 'web', '2024-05-07 09:50:02', '2024-05-07 09:50:02'),
(209, 'create stock', 'web', '2024-05-07 09:55:17', '2024-05-07 09:55:17'),
(210, 'delete stock', 'web', '2024-05-07 09:56:00', '2024-05-07 09:56:00'),
(211, 'create combo_stock', 'web', '2024-05-07 09:56:21', '2024-05-07 09:56:21'),
(212, 'delete combo_stock', 'web', '2024-05-07 09:56:21', '2024-05-07 09:56:21'),
(213, 'create seller_wallet_transaction', 'web', '2024-05-07 09:56:36', '2024-05-07 09:56:36'),
(214, 'delete seller_wallet_transaction', 'web', '2024-05-07 09:56:36', '2024-05-07 09:56:36'),
(215, 'edit seller_wallet_transaction', 'web', '2024-05-07 09:56:47', '2024-05-07 09:56:47'),
(216, 'delete payment_request', 'web', '2024-05-07 09:57:10', '2024-05-07 09:57:10'),
(217, 'create payment_request', 'web', '2024-05-07 09:57:10', '2024-05-07 09:57:10'),
(218, 'create system_setting', 'web', '2024-05-07 10:01:43', '2024-05-07 10:01:43'),
(219, 'edit system_setting', 'web', '2024-05-07 10:01:43', '2024-05-07 10:01:43'),
(220, 'view system_setting', 'web', '2024-05-07 10:01:43', '2024-05-07 10:01:43'),
(221, 'delete system_setting', 'web', '2024-05-07 10:01:43', '2024-05-07 10:01:43'),
(222, 'create smtp_setting', 'web', '2024-05-07 10:02:02', '2024-05-07 10:02:02'),
(223, 'edit smtp_setting', 'web', '2024-05-07 10:02:02', '2024-05-07 10:02:02'),
(224, 'view smtp_setting', 'web', '2024-05-07 10:02:03', '2024-05-07 10:02:03'),
(225, 'delete smtp_setting', 'web', '2024-05-07 10:02:03', '2024-05-07 10:02:03'),
(226, 'create payment_method_setting', 'web', '2024-05-07 10:02:22', '2024-05-07 10:02:22'),
(227, 'edit payment_method_setting', 'web', '2024-05-07 10:02:22', '2024-05-07 10:02:22'),
(228, 'view payment_method_setting', 'web', '2024-05-07 10:02:22', '2024-05-07 10:02:22'),
(229, 'delete payment_method_setting', 'web', '2024-05-07 10:02:22', '2024-05-07 10:02:22'),
(230, 'create shipping_method_setting', 'web', '2024-05-07 10:02:43', '2024-05-07 10:02:43'),
(231, 'edit shipping_method_setting', 'web', '2024-05-07 10:02:43', '2024-05-07 10:02:43'),
(232, 'view shipping_method_setting', 'web', '2024-05-07 10:02:43', '2024-05-07 10:02:43'),
(233, 'delete shipping_method_setting', 'web', '2024-05-07 10:02:43', '2024-05-07 10:02:43'),
(234, 'create sms_gateway_setting', 'web', '2024-05-07 10:02:59', '2024-05-07 10:02:59'),
(235, 'edit sms_gateway_setting', 'web', '2024-05-07 10:02:59', '2024-05-07 10:02:59'),
(236, 'view sms_gateway_setting', 'web', '2024-05-07 10:02:59', '2024-05-07 10:02:59'),
(237, 'delete sms_gateway_setting', 'web', '2024-05-07 10:02:59', '2024-05-07 10:02:59'),
(238, 'create currency_setting', 'web', '2024-05-07 10:03:14', '2024-05-07 10:03:14'),
(239, 'edit currency_setting', 'web', '2024-05-07 10:03:14', '2024-05-07 10:03:14'),
(240, 'view currency_setting', 'web', '2024-05-07 10:03:14', '2024-05-07 10:03:14'),
(241, 'delete currency_setting', 'web', '2024-05-07 10:03:14', '2024-05-07 10:03:14'),
(242, 'create contact_setting', 'web', '2024-05-07 10:03:54', '2024-05-07 10:03:54'),
(243, 'edit contact_setting', 'web', '2024-05-07 10:03:54', '2024-05-07 10:03:54'),
(244, 'view contact_setting', 'web', '2024-05-07 10:03:54', '2024-05-07 10:03:54'),
(245, 'delete contact_setting', 'web', '2024-05-07 10:03:54', '2024-05-07 10:03:54'),
(246, 'create pusher_setting', 'web', '2024-05-07 10:04:12', '2024-05-07 10:04:12'),
(247, 'edit pusher_setting', 'web', '2024-05-07 10:04:12', '2024-05-07 10:04:12'),
(248, 'view pusher_setting', 'web', '2024-05-07 10:04:12', '2024-05-07 10:04:12'),
(249, 'delete pusher_setting', 'web', '2024-05-07 10:04:12', '2024-05-07 10:04:12'),
(250, 'create storage_setting', 'web', '2024-05-07 10:04:31', '2024-05-07 10:04:31'),
(251, 'edit storage_setting', 'web', '2024-05-07 10:04:31', '2024-05-07 10:04:31'),
(252, 'view storage_setting', 'web', '2024-05-07 10:04:31', '2024-05-07 10:04:31'),
(253, 'delete storage_setting', 'web', '2024-05-07 10:04:31', '2024-05-07 10:04:31'),
(254, 'create system_policies', 'web', '2024-05-07 10:04:50', '2024-05-07 10:04:50'),
(255, 'edit system_policies', 'web', '2024-05-07 10:04:50', '2024-05-07 10:04:50'),
(256, 'view system_policies', 'web', '2024-05-07 10:04:50', '2024-05-07 10:04:50'),
(257, 'delete system_policies', 'web', '2024-05-07 10:04:50', '2024-05-07 10:04:50'),
(258, 'create admin_policies', 'web', '2024-05-07 10:05:13', '2024-05-07 10:05:13'),
(259, 'edit admin_policies', 'web', '2024-05-07 10:05:13', '2024-05-07 10:05:13'),
(260, 'view admin_policies', 'web', '2024-05-07 10:05:13', '2024-05-07 10:05:13'),
(261, 'delete admin_policies', 'web', '2024-05-07 10:05:13', '2024-05-07 10:05:13'),
(262, 'create delivery_boy_policies', 'web', '2024-05-07 10:05:30', '2024-05-07 10:05:30'),
(263, 'edit delivery_boy_policies', 'web', '2024-05-07 10:05:30', '2024-05-07 10:05:30'),
(264, 'view delivery_boy_policies', 'web', '2024-05-07 10:05:30', '2024-05-07 10:05:30'),
(265, 'delete delivery_boy_policies', 'web', '2024-05-07 10:05:30', '2024-05-07 10:05:30'),
(266, 'create web_general_setting', 'web', '2024-05-07 10:40:26', '2024-05-07 10:40:26'),
(267, 'edit web_general_setting', 'web', '2024-05-07 10:40:26', '2024-05-07 10:40:26'),
(268, 'view web_general_setting', 'web', '2024-05-07 10:40:26', '2024-05-07 10:40:26'),
(269, 'delete web_general_setting', 'web', '2024-05-07 10:40:26', '2024-05-07 10:40:26'),
(270, 'create firebase_setting', 'web', '2024-05-07 10:40:48', '2024-05-07 10:40:48'),
(271, 'edit firebase_setting', 'web', '2024-05-07 10:40:48', '2024-05-07 10:40:48'),
(272, 'view firebase_setting', 'web', '2024-05-07 10:40:48', '2024-05-07 10:40:48'),
(273, 'delete firebase_setting', 'web', '2024-05-07 10:40:48', '2024-05-07 10:40:48'),
(274, 'create customer_wallet_transaction', 'web', '2024-05-08 05:40:40', '2024-05-08 05:40:40'),
(275, 'edit customer_wallet_transaction', 'web', '2024-05-08 05:40:40', '2024-05-08 05:40:40'),
(276, 'view customer_wallet_transaction', 'web', '2024-05-08 05:40:40', '2024-05-08 05:40:40'),
(277, 'delete customer_wallet_transaction', 'web', '2024-05-08 05:40:40', '2024-05-08 05:40:40'),
(278, 'edit address', 'web', '2024-05-08 05:48:46', '2024-05-08 05:48:46'),
(279, 'create address', 'web', '2024-05-08 05:48:46', '2024-05-08 05:48:46'),
(280, 'view_address', 'web', '2024-05-08 05:48:46', '2024-05-08 05:48:46'),
(281, 'delete address', 'web', '2024-05-08 05:48:46', '2024-05-08 05:48:46'),
(282, 'view address', 'web', '2024-05-08 05:49:55', '2024-05-08 05:49:55'),
(283, 'edit customer_transaction', 'web', '2024-05-08 05:50:55', '2024-05-08 05:50:55'),
(284, 'create customer_transaction', 'web', '2024-05-08 05:50:55', '2024-05-08 05:50:55'),
(285, 'view customer_transaction', 'web', '2024-05-08 05:50:55', '2024-05-08 05:50:55'),
(286, 'delete customer_transaction', 'web', '2024-05-08 05:50:55', '2024-05-08 05:50:55'),
(287, 'edit delivery_boy_cash_collection', 'web', '2024-05-08 06:03:00', '2024-05-08 06:03:00'),
(288, 'create delivery_boy_cash_collection', 'web', '2024-05-08 06:03:00', '2024-05-08 06:03:00'),
(289, 'view delivery_boy_cash_collection', 'web', '2024-05-08 06:03:00', '2024-05-08 06:03:00'),
(290, 'delete delivery_boy_cash_collection', 'web', '2024-05-08 06:03:00', '2024-05-08 06:03:00'),
(291, 'view view_address', 'web', '2024-05-08 06:52:52', '2024-05-08 06:52:52'),
(292, 'create view_address', 'web', '2024-05-08 06:53:29', '2024-05-08 06:53:29'),
(293, 'edit view_address', 'web', '2024-05-08 06:53:43', '2024-05-08 06:53:43'),
(294, 'delete view_address', 'web', '2024-05-08 06:53:56', '2024-05-08 06:53:56');

-- --------------------------------------------------------

--
-- Структура таблиці `personal_access_tokens`
--

CREATE TABLE `personal_access_tokens` (
  `id` bigint(20) UNSIGNED NOT NULL,
  `tokenable_type` varchar(255) COLLATE utf8mb4_unicode_ci NOT NULL,
  `tokenable_id` bigint(20) UNSIGNED NOT NULL,
  `name` varchar(255) COLLATE utf8mb4_unicode_ci NOT NULL,
  `token` varchar(64) COLLATE utf8mb4_unicode_ci NOT NULL,
  `abilities` text COLLATE utf8mb4_unicode_ci,
  `last_used_at` timestamp NULL DEFAULT NULL,
  `expires_at` timestamp NULL DEFAULT NULL,
  `created_at` timestamp NULL DEFAULT NULL,
  `updated_at` timestamp NULL DEFAULT NULL
) ENGINE=InnoDB DEFAULT CHARSET=utf8mb4 COLLATE=utf8mb4_unicode_ci;

-- --------------------------------------------------------

--
-- Структура таблиці `pickup_locations`
--

CREATE TABLE `pickup_locations` (
  `id` int(11) NOT NULL,
  `seller_id` int(11) NOT NULL,
  `pickup_location` varchar(128) CHARACTER SET utf8 COLLATE utf8_unicode_ci NOT NULL,
  `name` varchar(512) CHARACTER SET utf8 COLLATE utf8_unicode_ci NOT NULL,
  `email` varchar(128) CHARACTER SET utf8 COLLATE utf8_unicode_ci NOT NULL,
  `phone` varchar(28) CHARACTER SET utf8 COLLATE utf8_unicode_ci NOT NULL,
  `address` text CHARACTER SET utf8 COLLATE utf8_unicode_ci NOT NULL,
  `address2` text CHARACTER SET utf8 COLLATE utf8_unicode_ci,
  `city` varchar(56) CHARACTER SET utf8 COLLATE utf8_unicode_ci NOT NULL,
  `state` varchar(56) CHARACTER SET utf8 COLLATE utf8_unicode_ci NOT NULL,
  `country` varchar(56) CHARACTER SET utf8 COLLATE utf8_unicode_ci NOT NULL,
  `pincode` varchar(56) CHARACTER SET utf8 COLLATE utf8_unicode_ci NOT NULL,
  `latitude` varchar(128) CHARACTER SET utf8 COLLATE utf8_unicode_ci DEFAULT NULL,
  `longitude` varchar(128) CHARACTER SET utf8 COLLATE utf8_unicode_ci DEFAULT NULL,
  `status` tinyint(4) NOT NULL DEFAULT '0',
  `created_at` timestamp NOT NULL DEFAULT CURRENT_TIMESTAMP,
  `updated_at` timestamp NOT NULL DEFAULT CURRENT_TIMESTAMP
) ENGINE=InnoDB DEFAULT CHARSET=utf8mb4;

-- --------------------------------------------------------

--
-- Структура таблиці `products`
--

CREATE TABLE `products` (
  `id` int(11) NOT NULL,
  `store_id` int(11) DEFAULT NULL,
  `product_identity` varchar(50) COLLATE utf8mb4_unicode_ci DEFAULT NULL,
  `category_id` int(11) NOT NULL,
  `seller_id` int(11) DEFAULT NULL,
  `tax` varchar(256) COLLATE utf8mb4_unicode_ci DEFAULT NULL,
  `row_order` int(11) DEFAULT '0',
  `type` varchar(34) COLLATE utf8mb4_unicode_ci DEFAULT NULL,
  `stock_type` varchar(64) COLLATE utf8mb4_unicode_ci DEFAULT NULL COMMENT '0 =>''Simple_Product_Stock_Active'' 1 => "Product_Level" 2 => "Variable_Level"',
  `name` varchar(512) COLLATE utf8mb4_unicode_ci NOT NULL,
  `short_description` mediumtext COLLATE utf8mb4_unicode_ci,
  `slug` varchar(512) COLLATE utf8mb4_unicode_ci NOT NULL,
  `indicator` tinyint(4) DEFAULT NULL COMMENT '0 - none | 1 - veg | 2 - non-veg',
  `cod_allowed` int(11) NOT NULL DEFAULT '1',
  `download_allowed` int(11) NOT NULL DEFAULT '0',
  `download_type` varchar(40) COLLATE utf8mb4_unicode_ci DEFAULT NULL,
  `download_link` varchar(512) COLLATE utf8mb4_unicode_ci DEFAULT NULL,
  `minimum_order_quantity` int(11) NOT NULL DEFAULT '1',
  `quantity_step_size` int(11) NOT NULL DEFAULT '1',
  `total_allowed_quantity` int(11) DEFAULT NULL,
  `is_prices_inclusive_tax` int(11) NOT NULL DEFAULT '0',
  `is_returnable` int(11) DEFAULT '0',
  `is_cancelable` int(11) DEFAULT '0',
  `cancelable_till` varchar(32) COLLATE utf8mb4_unicode_ci DEFAULT NULL,
  `is_attachment_required` int(11) NOT NULL DEFAULT '0',
  `image` mediumtext COLLATE utf8mb4_unicode_ci NOT NULL,
  `other_images` mediumtext COLLATE utf8mb4_unicode_ci,
  `video_type` varchar(32) COLLATE utf8mb4_unicode_ci DEFAULT NULL,
  `video` varchar(512) COLLATE utf8mb4_unicode_ci DEFAULT NULL,
  `tags` text COLLATE utf8mb4_unicode_ci,
  `warranty_period` varchar(32) COLLATE utf8mb4_unicode_ci DEFAULT NULL,
  `guarantee_period` varchar(32) COLLATE utf8mb4_unicode_ci DEFAULT NULL,
  `made_in` varchar(128) COLLATE utf8mb4_unicode_ci DEFAULT NULL,
  `hsn_code` varchar(256) COLLATE utf8mb4_unicode_ci DEFAULT NULL,
  `brand` varchar(256) COLLATE utf8mb4_unicode_ci DEFAULT NULL,
  `sku` varchar(128) COLLATE utf8mb4_unicode_ci DEFAULT NULL,
  `stock` int(11) DEFAULT NULL,
  `availability` tinyint(4) DEFAULT NULL,
  `rating` double DEFAULT '0',
  `no_of_ratings` int(11) DEFAULT '0',
  `description` mediumtext COLLATE utf8mb4_unicode_ci,
  `extra_description` varchar(2048) COLLATE utf8mb4_unicode_ci NOT NULL DEFAULT 'NULL',
  `deliverable_type` int(11) NOT NULL DEFAULT '1' COMMENT '(0:none, 1:all, 2:include, 3:exclude)',
  `deliverable_zipcodes` varchar(512) COLLATE utf8mb4_unicode_ci DEFAULT NULL,
  `city_deliverable_type` int(11) NOT NULL DEFAULT '1' COMMENT '	(0:none, 1:all, 2:include, 3:exclude)',
  `deliverable_cities` varchar(256) COLLATE utf8mb4_unicode_ci NOT NULL,
  `deliverable_zones` varchar(256) COLLATE utf8mb4_unicode_ci DEFAULT NULL,
  `pickup_location` varchar(512) COLLATE utf8mb4_unicode_ci DEFAULT NULL,
  `status` int(2) DEFAULT '1',
  `minimum_free_delivery_order_qty` int(11) NOT NULL DEFAULT '0',
  `delivery_charges` double NOT NULL DEFAULT '0',
  `created_at` timestamp NOT NULL DEFAULT CURRENT_TIMESTAMP,
  `updated_at` datetime NOT NULL DEFAULT CURRENT_TIMESTAMP ON UPDATE CURRENT_TIMESTAMP
) ENGINE=InnoDB DEFAULT CHARSET=utf8mb4 COLLATE=utf8mb4_unicode_ci;

--
-- Дамп даних таблиці `products`
--

INSERT INTO `products` (`id`, `store_id`, `product_identity`, `category_id`, `seller_id`, `tax`, `row_order`, `type`, `stock_type`, `name`, `short_description`, `slug`, `indicator`, `cod_allowed`, `download_allowed`, `download_type`, `download_link`, `minimum_order_quantity`, `quantity_step_size`, `total_allowed_quantity`, `is_prices_inclusive_tax`, `is_returnable`, `is_cancelable`, `cancelable_till`, `is_attachment_required`, `image`, `other_images`, `video_type`, `video`, `tags`, `warranty_period`, `guarantee_period`, `made_in`, `hsn_code`, `brand`, `sku`, `stock`, `availability`, `rating`, `no_of_ratings`, `description`, `extra_description`, `deliverable_type`, `deliverable_zipcodes`, `city_deliverable_type`, `deliverable_cities`, `deliverable_zones`, `pickup_location`, `status`, `minimum_free_delivery_order_qty`, `delivery_charges`, `created_at`, `updated_at`) VALUES
(6, 2, NULL, 4, 4, '', 0, 'variable_product', NULL, '1100 Watt Dry Non-Stick soleplate Iron', '1100 Watt Iron; with Non-Stick soleplate ensures that your garments do not stick to the plate even when the temperature is high.\r\nThe 3-speed control knob of the grinder helps you get the right consistency as per your requirement. The iron also has a temperature setting knob that helps you adjust its temperature as per the fabric type.', '1100-watt-dry-non-stick-soleplate-iron', 0, 0, 0, '', '', 1, 1, 5, 0, 1, 1, 'received', 0, '/media/image-(7)-1741687662_4236.jpg', 'null', '', '', '', '', '', 'China', '', '', NULL, NULL, NULL, 5, 13, '<ul class=\"a-unordered-list a-vertical a-spacing-mini\">\r\n<li class=\"a-spacing-mini\"><span class=\"a-list-item\">1100 Watt Iron; with Non-Stick soleplate ensures that your garments do not stick to the plate even when the temperature is high.</span></li>\r\n<li class=\"a-spacing-mini\"><span class=\"a-list-item\">The 3-speed control knob of the grinder helps you get the right consistency as per your requirement. The iron also has a temperature setting knob that helps you adjust its temperature as per the fabric type.</span></li>\r\n</ul>', '', 0, NULL, 1, '', '', '', 1, 0, 0, '2025-03-30 13:14:59', '2025-04-21 13:29:02'),
(7, 2, NULL, 4, 1, '', 0, 'simple_product', NULL, 'Stainless Steel Water Bottle', 'Color: Silver; Material: Stainless Steel; Package Content: 1 - Piece Super Water Bottle (1000 ml); Dimension in cms (L x W x H): 7.8 x 7.8 x 27.4\r\nSingle Wall Fridge Steel Bottle with inside outside stainless steel made of grade 304, which is rust free\r\nThis stainless steel bottle comes with a string to provide ease of carrying', 'stainless-steel-water-bottle', 0, 0, 0, '', '', 1, 1, 5, 0, 1, 1, 'processed', 0, '/media/image-(3)-1741790261_8201.webp', 'null', '', '', '', '', '', '', '', '2', NULL, NULL, NULL, 4, 3, '<ul class=\"a-unordered-list a-vertical a-spacing-mini\">\r\n<li class=\"a-spacing-mini\"><span class=\"a-list-item\">Color: Silver; Material: Stainless Steel; Package Content: 1 - Piece Super Water Bottle (1000 ml); Dimension in cms (L x W x H): 7.8 x 7.8 x 27.4</span></li>\r\n<li class=\"a-spacing-mini\"><span class=\"a-list-item\">Single Wall Fridge Steel Bottle with inside outside stainless steel made of grade 304, which is rust free</span></li>\r\n<li class=\"a-spacing-mini\"><span class=\"a-list-item\">This stainless steel bottle comes with a string to provide ease of carrying</span></li>\r\n<li class=\"a-spacing-mini\"><span class=\"a-list-item\">This bottle is easy to clean and maintain, Use a mild detergent or dish wash liquid and clean on the inside with a bottle brush</span></li>\r\n<li class=\"a-spacing-mini\"><span class=\"a-list-item\">This Bottle is unique in shape, it has leak proof technology, which make this product easy to carry at school, travelling and work, it is Odour Free and 100 percent Food Grade</span></li>\r\n</ul>', '', 0, NULL, 1, '', '', '', 1, 0, 0, '2025-04-01 04:26:14', '2025-04-11 08:43:43'),
(8, 2, NULL, 8, 4, '', 0, 'simple_product', '0', 'CoviSelf Covid 19 Rapid Antigen Self Test Kit', 'It is an in vitro diagnostic procedure for detecting COVID-19 antigen through nasal swab samples from people who have or don\'t have signs, or who have any epidemiological grounds to suspect COVID-19', 'coviself-covid-19-rapid-antigen-self-test-kit', 0, 0, 0, '', '', 1, 1, 100, 0, 0, 1, 'received', 0, '/media/image-(7)-1744092565_8039.png', 'null', 'youtube', 'https://www.youtube.com/watch?v=6FoKaX3PKMo', '', '', '', '', '', '', 'sku', 40, 1, 5, 8, '<p>x</p>', '', 0, NULL, 1, '', '', '', 1, 0, 1, '2025-04-08 03:14:25', '2025-05-12 08:30:04'),
(9, 2, NULL, 8, 4, '', 0, 'simple_product', '0', 'Dominion Care N95 Mask White', 'Ideal for those who are receptive to allergies arising from dust, pollen and smoke\r\nProtects from inhaling dust, pollen and mould spores which could cause health complications \r\nMask is made of soft fabric that is gentle on the skin and also provides a comfortable fit', 'dominion-care-n95-mask-white', 0, 0, 0, '', '', 1, 1, 100, 0, 0, 1, 'received', 0, '/media/image-(8)-1744093052_5608.png', 'null', '', '', '', '', '', '', '', '', 'sku', 71, 1, 4, 7, '', '', 0, NULL, 1, '', '', '', 1, 0, 0, '2025-04-08 03:17:46', '2025-05-14 14:37:35'),
(10, 2, NULL, 11, 4, '', 0, 'simple_product', NULL, 'Graphic Printed Drop-Shoulder Sleeves Relaxed Fit Pure Cotton T-shirt', 'Graphic Printed Drop-Shoulder Sleeves Relaxed Fit Pure Cotton T-shirt', 'graphic-printed-drop-shoulder-sleeves-relaxed-fit-pure-cotton-t-shirt', 0, 0, 0, '', '', 1, 1, 0, 0, 1, 1, 'received', 0, '/media/image-(18)-1744094925_6367.jpg', 'null', '', '', '', '', '', '', '', '', NULL, NULL, NULL, 0, 0, '<h1 class=\"pdp-name\">Graphic Printed Drop-Shoulder Sleeves Relaxed Fit Pure Cotton T-shirt</h1>', '', 0, NULL, 1, '', '', '', 1, 0, 0, '2025-04-08 03:54:22', '2025-05-06 17:05:56'),
(11, 2, NULL, 12, 4, '', 0, 'simple_product', NULL, 'Women Bone Brown Pumps', 'Women Bone Brown Pumps', 'women-bone-brown-pumps', 0, 0, 0, '', '', 1, 1, 0, 0, 1, 1, 'received', 0, '/media/image-(22)-1744095415_5993.jpg', 'null', '', '', '', '', '', '', '', '', NULL, NULL, NULL, 0, 0, '', '', 2, NULL, 1, '', '1', '', 1, 0, 100, '2025-04-08 03:57:05', '2025-05-16 13:27:26');

-- --------------------------------------------------------

--
-- Структура таблиці `product_approvals`
--

CREATE TABLE `product_approvals` (
  `id` bigint(20) UNSIGNED NOT NULL,
  `product_id` int(11) NOT NULL,
  `manager_id` int(11) NOT NULL,
  `approved_at` timestamp NULL DEFAULT NULL,
  `created_at` timestamp NULL DEFAULT NULL,
  `updated_at` timestamp NULL DEFAULT NULL,
  `status` enum('approved','disapproved') COLLATE utf8mb4_unicode_ci NOT NULL DEFAULT 'approved'
) ENGINE=InnoDB DEFAULT CHARSET=utf8mb4 COLLATE=utf8mb4_unicode_ci;

--
-- Дамп даних таблиці `product_approvals`
--

INSERT INTO `product_approvals` (`id`, `product_id`, `manager_id`, `approved_at`, `created_at`, `updated_at`, `status`) VALUES
(1, 6, 413, '2025-03-30 13:15:26', '2025-03-30 13:15:26', '2025-03-30 13:15:26', 'approved'),
(2, 9, 413, '2025-04-08 03:31:41', '2025-04-08 03:31:41', '2025-04-08 03:31:41', 'approved'),
(3, 8, 413, '2025-04-08 03:31:43', '2025-04-08 03:31:43', '2025-04-08 03:31:43', 'approved'),
(4, 11, 413, '2025-04-29 14:07:43', '2025-04-29 14:07:43', '2025-04-29 14:07:43', 'approved');

-- --------------------------------------------------------

--
-- Структура таблиці `product_approval_comments`
--

CREATE TABLE `product_approval_comments` (
  `id` bigint(20) UNSIGNED NOT NULL,
  `product_id` int(11) NOT NULL,
  `manager_id` int(11) NOT NULL,
  `comment` text COLLATE utf8mb4_unicode_ci NOT NULL,
  `reason` json DEFAULT NULL,
  `created_at` timestamp NULL DEFAULT NULL,
  `updated_at` timestamp NULL DEFAULT NULL
) ENGINE=InnoDB DEFAULT CHARSET=utf8mb4 COLLATE=utf8mb4_unicode_ci;

-- --------------------------------------------------------

--
-- Структура таблиці `product_attributes`
--

CREATE TABLE `product_attributes` (
  `id` int(11) NOT NULL,
  `product_id` int(11) NOT NULL,
  `attribute_value_ids` text COLLATE utf8mb4_unicode_ci NOT NULL,
  `created_at` timestamp NOT NULL DEFAULT CURRENT_TIMESTAMP,
  `updated_at` timestamp NOT NULL DEFAULT CURRENT_TIMESTAMP ON UPDATE CURRENT_TIMESTAMP
) ENGINE=InnoDB DEFAULT CHARSET=utf8mb4 COLLATE=utf8mb4_unicode_ci;

--
-- Дамп даних таблиці `product_attributes`
--

INSERT INTO `product_attributes` (`id`, `product_id`, `attribute_value_ids`, `created_at`, `updated_at`) VALUES
(1, 6, '1,2', '2025-03-30 13:14:59', '2025-04-08 04:41:17'),
(2, 7, '', '2025-04-01 04:26:14', '2025-04-01 04:26:14'),
(3, 8, '', '2025-04-08 03:14:25', '2025-04-08 03:14:25'),
(4, 9, '', '2025-04-08 03:17:46', '2025-04-08 03:17:46'),
(5, 10, '', '2025-04-08 03:54:22', '2025-04-08 03:54:22'),
(6, 11, '', '2025-04-08 03:57:05', '2025-05-16 10:27:26');

-- --------------------------------------------------------

--
-- Структура таблиці `product_faqs`
--

CREATE TABLE `product_faqs` (
  `id` int(11) NOT NULL,
  `user_id` int(11) DEFAULT NULL,
  `seller_id` int(11) DEFAULT NULL,
  `product_id` int(11) DEFAULT NULL,
  `votes` int(11) NOT NULL DEFAULT '0',
  `question` text,
  `answer` text,
  `answered_by` int(11) NOT NULL DEFAULT '0',
  `created_at` timestamp NOT NULL DEFAULT CURRENT_TIMESTAMP,
  `updated_at` timestamp NOT NULL DEFAULT CURRENT_TIMESTAMP ON UPDATE CURRENT_TIMESTAMP
) ENGINE=InnoDB DEFAULT CHARSET=utf8;

-- --------------------------------------------------------

--
-- Структура таблиці `product_ratings`
--

CREATE TABLE `product_ratings` (
  `id` int(11) NOT NULL,
  `user_id` int(11) NOT NULL,
  `product_id` int(11) NOT NULL,
  `rating` double NOT NULL DEFAULT '0',
  `images` mediumtext COLLATE utf8mb4_unicode_ci,
  `title` varchar(256) COLLATE utf8mb4_unicode_ci DEFAULT NULL,
  `comment` varchar(1024) COLLATE utf8mb4_unicode_ci DEFAULT NULL,
  `advantages` text COLLATE utf8mb4_unicode_ci,
  `disadvantages` text COLLATE utf8mb4_unicode_ci,
  `created_at` timestamp NOT NULL DEFAULT CURRENT_TIMESTAMP ON UPDATE CURRENT_TIMESTAMP,
  `updated_at` timestamp NOT NULL DEFAULT CURRENT_TIMESTAMP
) ENGINE=InnoDB DEFAULT CHARSET=utf8mb4 COLLATE=utf8mb4_unicode_ci;

--
-- Дамп даних таблиці `product_ratings`
--

INSERT INTO `product_ratings` (`id`, `user_id`, `product_id`, `rating`, `images`, `title`, `comment`, `advantages`, `disadvantages`, `created_at`, `updated_at`) VALUES
(2, 413, 8, 5, '[\"review_image\\/image_1745227517_0.jpg\"]', NULL, 'The best test', NULL, 'No', '2025-04-21 06:25:17', '2025-04-21 06:25:17'),
(3, 413, 6, 5, '[]', NULL, 'all good', NULL, NULL, '2025-04-21 07:29:02', '2025-04-21 07:29:02');

-- --------------------------------------------------------

--
-- Структура таблиці `product_variants`
--

CREATE TABLE `product_variants` (
  `id` int(11) NOT NULL,
  `product_id` int(11) NOT NULL,
  `attribute_value_ids` text COLLATE utf8mb4_unicode_ci,
  `attribute_set` varchar(1024) COLLATE utf8mb4_unicode_ci DEFAULT NULL,
  `price` double NOT NULL,
  `special_price` double DEFAULT '0',
  `dealer_price` double NOT NULL,
  `sku` varchar(128) COLLATE utf8mb4_unicode_ci DEFAULT NULL,
  `stock` int(11) DEFAULT NULL,
  `weight` float NOT NULL DEFAULT '0',
  `height` float NOT NULL DEFAULT '0',
  `breadth` float NOT NULL DEFAULT '0',
  `length` float NOT NULL DEFAULT '0',
  `images` text COLLATE utf8mb4_unicode_ci,
  `availability` tinyint(4) DEFAULT NULL,
  `status` tinyint(4) NOT NULL DEFAULT '1',
  `created_at` timestamp NOT NULL DEFAULT CURRENT_TIMESTAMP,
  `updated_at` datetime NOT NULL DEFAULT CURRENT_TIMESTAMP ON UPDATE CURRENT_TIMESTAMP
) ENGINE=InnoDB DEFAULT CHARSET=utf8mb4 COLLATE=utf8mb4_unicode_ci;

--
-- Дамп даних таблиці `product_variants`
--

INSERT INTO `product_variants` (`id`, `product_id`, `attribute_value_ids`, `attribute_set`, `price`, `special_price`, `dealer_price`, `sku`, `stock`, `weight`, `height`, `breadth`, `length`, `images`, `availability`, `status`, `created_at`, `updated_at`) VALUES
(3, 7, NULL, NULL, 50, 0, 40, NULL, NULL, 0, 0, 0, 0, NULL, NULL, 1, '2025-04-01 04:26:14', '2025-04-01 07:26:14'),
(4, 8, NULL, NULL, 140, 0, 120, NULL, NULL, 0, 0, 0, 0, NULL, NULL, 1, '2025-04-08 03:14:25', '2025-04-08 06:14:25'),
(5, 9, NULL, NULL, 200, 190, 180, NULL, NULL, 0, 0, 0, 0, NULL, NULL, 1, '2025-04-08 03:17:46', '2025-04-29 10:22:41'),
(6, 10, NULL, NULL, 800, 0, 600, NULL, NULL, 0, 0, 0, 0, NULL, NULL, 1, '2025-04-08 03:54:22', '2025-04-08 06:54:22'),
(9, 11, NULL, NULL, 8000, 0, 7500, NULL, NULL, 0, 0, 0, 0, NULL, NULL, 1, '2025-04-08 03:57:05', '2025-05-16 13:27:26'),
(12, 6, '1', NULL, 100, 0, 80, '', 0, 0, 0, 0, 0, '[\"\\/media\\/image-(7)-1741687662_4236.jpg\"]', 0, 1, '2025-04-08 04:41:17', '2025-04-08 07:41:17'),
(13, 6, '2', NULL, 90, 0, 70, '', 0, 0, 0, 0, 0, '[\"\\/media\\/image-(7)-1741687662_4236.jpg\"]', 0, 1, '2025-04-08 04:41:17', '2025-04-08 07:41:17');

-- --------------------------------------------------------

--
-- Структура таблиці `promo_codes`
--

CREATE TABLE `promo_codes` (
  `id` int(11) NOT NULL,
  `store_id` int(11) DEFAULT NULL,
  `title` varchar(255) COLLATE utf8mb4_unicode_ci DEFAULT NULL,
  `promo_code` varchar(28) COLLATE utf8mb4_unicode_ci NOT NULL,
  `message` varchar(512) COLLATE utf8mb4_unicode_ci DEFAULT NULL,
  `start_date` varchar(28) COLLATE utf8mb4_unicode_ci DEFAULT NULL,
  `end_date` varchar(28) COLLATE utf8mb4_unicode_ci DEFAULT NULL,
  `no_of_users` int(11) DEFAULT NULL,
  `minimum_order_amount` double DEFAULT NULL,
  `discount` double DEFAULT NULL,
  `discount_type` varchar(32) COLLATE utf8mb4_unicode_ci DEFAULT NULL,
  `max_discount_amount` double DEFAULT NULL,
  `repeat_usage` tinyint(4) NOT NULL,
  `no_of_repeat_usage` int(11) DEFAULT NULL,
  `image` varchar(256) COLLATE utf8mb4_unicode_ci DEFAULT NULL,
  `status` tinyint(4) NOT NULL,
  `created_at` timestamp NOT NULL DEFAULT CURRENT_TIMESTAMP,
  `updated_at` timestamp NOT NULL DEFAULT CURRENT_TIMESTAMP ON UPDATE CURRENT_TIMESTAMP,
  `is_cashback` tinyint(4) DEFAULT '0',
  `list_promocode` tinyint(4) DEFAULT '1'
) ENGINE=InnoDB DEFAULT CHARSET=utf8mb4 COLLATE=utf8mb4_unicode_ci;

-- --------------------------------------------------------

--
-- Структура таблиці `referral_codes`
--

CREATE TABLE `referral_codes` (
  `id` bigint(20) UNSIGNED NOT NULL,
  `code` varchar(10) COLLATE utf8mb4_unicode_ci NOT NULL,
  `product_id` int(11) NOT NULL,
  `dealer_id` int(11) NOT NULL,
  `created_at` timestamp NULL DEFAULT NULL,
  `updated_at` timestamp NULL DEFAULT NULL
) ENGINE=InnoDB DEFAULT CHARSET=utf8mb4 COLLATE=utf8mb4_unicode_ci;

--
-- Дамп даних таблиці `referral_codes`
--

INSERT INTO `referral_codes` (`id`, `code`, `product_id`, `dealer_id`, `created_at`, `updated_at`) VALUES
(1, 'eTI9d4OT', 6, 413, '2025-03-30 14:06:52', '2025-03-30 14:06:52'),
(2, '30Evj5nU', 7, 413, '2025-04-02 07:58:25', '2025-04-02 07:58:25'),
(3, 'raRWomv6', 9, 413, '2025-04-08 03:33:02', '2025-04-08 03:33:02'),
(4, 'aYIDvPtn', 8, 413, '2025-04-09 11:20:19', '2025-04-09 11:20:19'),
(10, 'fwgSuus4', 10, 435, '2025-05-12 11:05:55', '2025-05-12 11:05:55'),
(11, 'YVpNPeDC', 7, 435, '2025-05-17 03:15:03', '2025-05-17 03:15:03');

-- --------------------------------------------------------

--
-- Структура таблиці `return_requests`
--

CREATE TABLE `return_requests` (
  `id` int(11) NOT NULL,
  `user_id` int(11) NOT NULL,
  `product_id` int(11) NOT NULL,
  `product_variant_id` int(11) NOT NULL,
  `order_id` int(11) NOT NULL,
  `order_item_id` int(11) NOT NULL,
  `status` tinyint(4) NOT NULL DEFAULT '0',
  `remarks` varchar(1024) COLLATE utf8mb4_unicode_ci DEFAULT NULL,
  `created_at` timestamp NOT NULL DEFAULT CURRENT_TIMESTAMP,
  `updated_at` timestamp NOT NULL DEFAULT CURRENT_TIMESTAMP,
  `delivery_status` varchar(255) COLLATE utf8mb4_unicode_ci DEFAULT NULL,
  `reason` varchar(255) COLLATE utf8mb4_unicode_ci DEFAULT NULL,
  `application_type` varchar(255) COLLATE utf8mb4_unicode_ci DEFAULT NULL,
  `refund_amount` decimal(10,2) DEFAULT NULL,
  `refund_method` varchar(255) COLLATE utf8mb4_unicode_ci DEFAULT NULL,
  `description` text COLLATE utf8mb4_unicode_ci,
  `evidence_path` varchar(255) COLLATE utf8mb4_unicode_ci DEFAULT NULL,
  `order_tracking_id` int(11) DEFAULT NULL,
  `return_method` varchar(255) COLLATE utf8mb4_unicode_ci DEFAULT NULL
) ENGINE=InnoDB DEFAULT CHARSET=utf8mb4 COLLATE=utf8mb4_unicode_ci;

--
-- Дамп даних таблиці `return_requests`
--

INSERT INTO `return_requests` (`id`, `user_id`, `product_id`, `product_variant_id`, `order_id`, `order_item_id`, `status`, `remarks`, `created_at`, `updated_at`, `delivery_status`, `reason`, `application_type`, `refund_amount`, `refund_method`, `description`, `evidence_path`, `order_tracking_id`, `return_method`) VALUES
(30, 413, 6, 12, 75, 3, 4, NULL, '2025-04-21 07:30:16', '2025-04-21 07:34:02', 'received', 'no_longer_needed', 'return_and_refund', 80.00, 'wallet', 'fdgdf gdsf gdsfg dfs gdsf g', '[\"return_evidences\\/kLLjR3XB75NrsddNvyO0BHvJDkpfsSYj1bxAJJz0.jpg\"]', 19, NULL),
(31, 413, 6, 13, 76, 4, 4, NULL, '2025-04-21 08:17:55', '2025-04-21 08:19:00', 'received', 'defective', 'return_and_refund', 90.00, 'original_payment', 'dgdfgfdg', '[\"return_evidences\\/X028KYBMOwTb5KQLpuwIch0USmdVdbMfvXAZfADJ.jpg\"]', 21, NULL),
(32, 413, 6, 12, 77, 5, 4, NULL, '2025-04-21 08:41:56', '2025-04-21 09:52:41', 'received', 'no_longer_needed', 'return_and_refund', 100.00, 'wallet', ' ewrweqr wqe rwe', '[\"return_evidences\\/iivz1yxDIVVLGy5PMrWBbKmY0Feh2j9mrD9ZREwc.jpg\"]', 23, NULL);

-- --------------------------------------------------------

--
-- Структура таблиці `roles`
--

CREATE TABLE `roles` (
  `id` mediumint(8) UNSIGNED NOT NULL,
  `name` varchar(20) COLLATE utf8mb4_unicode_ci NOT NULL,
  `description` varchar(100) COLLATE utf8mb4_unicode_ci NOT NULL
) ENGINE=InnoDB DEFAULT CHARSET=utf8mb4 COLLATE=utf8mb4_unicode_ci;

--
-- Дамп даних таблиці `roles`
--

INSERT INTO `roles` (`id`, `name`, `description`) VALUES
(1, 'super_admin', 'Administrator'),
(2, 'members', 'General User'),
(3, 'delivery_boy', 'Delivery Boys'),
(4, 'seller', 'Sellers'),
(5, 'admin', 'Admin'),
(6, 'editor', 'Editor'),
(7, 'dealer', 'Dealer'),
(8, 'manager', 'Manager');

-- --------------------------------------------------------

--
-- Структура таблиці `role_has_permissions`
--

CREATE TABLE `role_has_permissions` (
  `permission_id` bigint(20) UNSIGNED NOT NULL,
  `role_id` bigint(20) UNSIGNED NOT NULL
) ENGINE=InnoDB DEFAULT CHARSET=utf8mb4 COLLATE=utf8mb4_unicode_ci;

-- --------------------------------------------------------

--
-- Структура таблиці `search_history`
--

CREATE TABLE `search_history` (
  `id` int(11) NOT NULL,
  `store_id` int(11) DEFAULT NULL,
  `search_term` varchar(2048) COLLATE utf8mb4_unicode_ci DEFAULT NULL,
  `clicks` int(11) DEFAULT '0',
  `created_at` timestamp NOT NULL DEFAULT CURRENT_TIMESTAMP,
  `updated_at` timestamp NOT NULL DEFAULT CURRENT_TIMESTAMP ON UPDATE CURRENT_TIMESTAMP
) ENGINE=InnoDB DEFAULT CHARSET=utf8mb4 COLLATE=utf8mb4_unicode_ci;

-- --------------------------------------------------------

--
-- Структура таблиці `sections`
--

CREATE TABLE `sections` (
  `id` int(11) NOT NULL,
  `store_id` int(11) DEFAULT NULL,
  `title` varchar(512) COLLATE utf8mb4_unicode_ci NOT NULL,
  `short_description` varchar(512) COLLATE utf8mb4_unicode_ci DEFAULT NULL,
  `style` varchar(16) COLLATE utf8mb4_unicode_ci NOT NULL,
  `header_style` varchar(256) COLLATE utf8mb4_unicode_ci DEFAULT NULL,
  `product_ids` varchar(1024) COLLATE utf8mb4_unicode_ci DEFAULT NULL,
  `row_order` int(11) NOT NULL DEFAULT '0',
  `categories` mediumtext COLLATE utf8mb4_unicode_ci,
  `product_type` varchar(1024) COLLATE utf8mb4_unicode_ci DEFAULT NULL,
  `banner_image` varchar(256) COLLATE utf8mb4_unicode_ci DEFAULT NULL,
  `background_color` varchar(256) COLLATE utf8mb4_unicode_ci DEFAULT NULL,
  `updated_at` timestamp NOT NULL DEFAULT CURRENT_TIMESTAMP,
  `created_at` timestamp NOT NULL DEFAULT CURRENT_TIMESTAMP
) ENGINE=MyISAM DEFAULT CHARSET=utf8mb4 COLLATE=utf8mb4_unicode_ci;

-- --------------------------------------------------------

--
-- Структура таблиці `seller_commissions`
--

CREATE TABLE `seller_commissions` (
  `id` int(11) NOT NULL,
  `seller_id` int(11) NOT NULL,
  `store_id` int(11) NOT NULL,
  `category_id` int(11) NOT NULL DEFAULT '0',
  `commission` double(10,2) NOT NULL DEFAULT '0.00',
  `created_at` timestamp NOT NULL DEFAULT CURRENT_TIMESTAMP,
  `updated_at` timestamp NOT NULL DEFAULT CURRENT_TIMESTAMP ON UPDATE CURRENT_TIMESTAMP
) ENGINE=InnoDB DEFAULT CHARSET=utf8mb4 COLLATE=utf8mb4_unicode_ci;

-- --------------------------------------------------------

--
-- Структура таблиці `seller_data`
--

CREATE TABLE `seller_data` (
  `id` int(11) NOT NULL,
  `user_id` int(11) NOT NULL,
  `national_identity_card` text CHARACTER SET utf8mb4,
  `authorized_signature` varchar(1028) COLLATE utf8mb4_unicode_ci DEFAULT NULL,
  `disk` varchar(256) COLLATE utf8mb4_unicode_ci NOT NULL,
  `pan_number` varchar(256) CHARACTER SET utf8mb4 DEFAULT NULL,
  `status` tinyint(2) NOT NULL DEFAULT '2' COMMENT 'approved: 1 | not-approved: 2 | deactive:0 | removed :7',
  `created_at` timestamp NOT NULL DEFAULT CURRENT_TIMESTAMP,
  `updated_at` timestamp NOT NULL DEFAULT CURRENT_TIMESTAMP ON UPDATE CURRENT_TIMESTAMP
) ENGINE=InnoDB DEFAULT CHARSET=utf8mb4 COLLATE=utf8mb4_unicode_ci;

--
-- Дамп даних таблиці `seller_data`
--

INSERT INTO `seller_data` (`id`, `user_id`, `national_identity_card`, `authorized_signature`, `disk`, `pan_number`, `status`, `created_at`, `updated_at`) VALUES
(1, 416, '/image-1741258884_5944.png', '/image-1741258884_1410.png', 'public', NULL, 1, '2025-03-06 09:01:24', '2025-03-06 09:01:24'),
(4, 419, '/screenshot_2-1741605297_7935.jpg', '/eshop-logo-1741605297_6345.png', 'public', NULL, 1, '2025-03-10 09:14:57', '2025-03-11 07:18:32');

-- --------------------------------------------------------

--
-- Структура таблиці `seller_invites`
--

CREATE TABLE `seller_invites` (
  `id` bigint(20) UNSIGNED NOT NULL,
  `link` varchar(25) COLLATE utf8mb4_unicode_ci NOT NULL,
  `user_id` int(11) NOT NULL,
  `status` enum('active','used','expired') COLLATE utf8mb4_unicode_ci NOT NULL DEFAULT 'active',
  `created_at` timestamp NULL DEFAULT NULL,
  `updated_at` timestamp NULL DEFAULT NULL
) ENGINE=InnoDB DEFAULT CHARSET=utf8mb4 COLLATE=utf8mb4_unicode_ci;

-- --------------------------------------------------------

--
-- Структура таблиці `seller_ratings`
--

CREATE TABLE `seller_ratings` (
  `id` bigint(20) UNSIGNED NOT NULL,
  `seller_id` int(11) NOT NULL,
  `store_id` int(11) NOT NULL,
  `order_id` int(11) NOT NULL,
  `user_id` int(11) NOT NULL,
  `comment` text COLLATE utf8mb4_unicode_ci NOT NULL,
  `quality_of_service` tinyint(3) UNSIGNED NOT NULL COMMENT 'Rating from 1 to 5',
  `on_time_delivery` tinyint(3) UNSIGNED NOT NULL COMMENT 'Rating from 1 to 5',
  `relevance_price_availability` tinyint(3) UNSIGNED NOT NULL COMMENT 'Rating from 1 to 5',
  `created_at` timestamp NULL DEFAULT NULL,
  `updated_at` timestamp NULL DEFAULT NULL
) ENGINE=InnoDB DEFAULT CHARSET=utf8mb4 COLLATE=utf8mb4_unicode_ci;

--
-- Дамп даних таблиці `seller_ratings`
--

INSERT INTO `seller_ratings` (`id`, `seller_id`, `store_id`, `order_id`, `user_id`, `comment`, `quality_of_service`, `on_time_delivery`, `relevance_price_availability`, `created_at`, `updated_at`) VALUES
(1, 4, 2, 74, 413, 'All rigth!', 4, 5, 5, '2025-04-21 06:25:17', '2025-04-21 06:25:17'),
(2, 4, 2, 75, 413, 'good', 5, 5, 5, '2025-04-21 07:29:02', '2025-04-21 07:29:02');

-- --------------------------------------------------------

--
-- Структура таблиці `seller_store`
--

CREATE TABLE `seller_store` (
  `id` int(11) NOT NULL,
  `seller_id` int(11) NOT NULL,
  `user_id` int(11) NOT NULL,
  `store_id` int(11) NOT NULL,
  `slug` varchar(256) NOT NULL,
  `category_ids` varchar(256) DEFAULT NULL,
  `store_name` varchar(256) NOT NULL,
  `store_description` varchar(256) NOT NULL,
  `logo` varchar(256) NOT NULL,
  `store_thumbnail` varchar(256) NOT NULL,
  `other_documents` mediumtext,
  `disk` varchar(256) NOT NULL,
  `store_url` varchar(256) NOT NULL,
  `no_of_ratings` int(11) NOT NULL DEFAULT '0',
  `rating` double NOT NULL DEFAULT '0',
  `bank_name` varchar(256) NOT NULL,
  `bank_code` varchar(256) NOT NULL,
  `account_name` varchar(256) NOT NULL,
  `account_number` varchar(256) NOT NULL,
  `address_proof` varchar(256) NOT NULL,
  `tax_name` varchar(256) NOT NULL,
  `tax_number` varchar(256) NOT NULL,
  `permissions` varchar(256) DEFAULT NULL,
  `commission` double NOT NULL DEFAULT '0',
  `latitude` varchar(256) DEFAULT NULL,
  `longitude` varchar(256) DEFAULT NULL,
  `city` int(11) DEFAULT NULL,
  `zipcode` int(11) DEFAULT NULL,
  `status` tinyint(4) NOT NULL DEFAULT '0' COMMENT 'deactive: 0 | active: 1	',
  `created_at` timestamp NOT NULL DEFAULT CURRENT_TIMESTAMP,
  `updated_at` timestamp NOT NULL DEFAULT CURRENT_TIMESTAMP
) ENGINE=InnoDB DEFAULT CHARSET=utf8mb4;

--
-- Дамп даних таблиці `seller_store`
--

INSERT INTO `seller_store` (`id`, `seller_id`, `user_id`, `store_id`, `slug`, `category_ids`, `store_name`, `store_description`, `logo`, `store_thumbnail`, `other_documents`, `disk`, `store_url`, `no_of_ratings`, `rating`, `bank_name`, `bank_code`, `account_name`, `account_number`, `address_proof`, `tax_name`, `tax_number`, `permissions`, `commission`, `latitude`, `longitude`, `city`, `zipcode`, `status`, `created_at`, `updated_at`) VALUES
(129, 1, 416, 2, 'meet-electronics', '4,3', 'Meet Electronics', '', '/raj-mar-1746272242_5075.jpg', '/image-1741258884_5675.png', '[]', 'public', 'starbucks', 0, 0, '165156', '165156', '1561651', '874111', '/image-1741258884_7169.png', '', '', '{\"require_products_approval\":1,\"customer_privacy\":1,\"view_order_otp\":1}', 0, NULL, NULL, 0, 0, 1, '2025-03-06 11:01:24', '2025-03-06 11:01:24'),
(131, 4, 419, 2, 'myshop', '', 'MyShop', 'Store short description...', '/smith-store-1746272182_6867.jpg', '/image-(2)-1741605297_5169.jpg', '[\"1715440476401-1741605297_6023.jpg\"]', 'public', 'myshop', 2, 4.83, 'Privatbank', '123456', 'MyAccountLong', '1111111111111111', '/ujbh5uoci8-1741605297_8525.png', '', '', '{\"require_products_approval\":1,\"customer_privacy\":1,\"view_order_otp\":1}', 0, NULL, NULL, 1, 1, 1, '2025-03-10 11:14:57', '2025-04-21 07:29:02');

-- --------------------------------------------------------

--
-- Структура таблиці `settings`
--

CREATE TABLE `settings` (
  `id` int(11) NOT NULL,
  `variable` varchar(128) COLLATE utf8mb4_unicode_ci NOT NULL,
  `value` mediumtext CHARACTER SET utf8,
  `created_at` datetime NOT NULL DEFAULT CURRENT_TIMESTAMP,
  `updated_at` datetime NOT NULL DEFAULT CURRENT_TIMESTAMP ON UPDATE CURRENT_TIMESTAMP
) ENGINE=MyISAM DEFAULT CHARSET=utf8mb4 COLLATE=utf8mb4_unicode_ci;

--
-- Дамп даних таблиці `settings`
--

INSERT INTO `settings` (`id`, `variable`, `value`, `created_at`, `updated_at`) VALUES
(1, 'system_settings', '{\"app_name\":\"eShop Pro\",\"support_number\":\"919876543210\",\"support_email\":\"support@ezeemart.com\",\"logo\":\"/media/alny-logo-1745305897_8012.png\",\"favicon\":\"/media/favicon-32x32-1740039763_1134.png\",\"on_boarding_image\":[\"/media/image-(1)-1740039826_1164.jpg\",\"/media/image-1740039816_3906.jpg\"],\"on_boarding_video\":\"\",\"storage_type\":\"local\",\"on_boarding_media_type\":\"image\",\"current_version_of_android_app\":\"1.0.0\",\"current_version_of_ios_app\":\"1.0.0\",\"current_version_of_android_app_for_seller\":\"1.0.0\",\"current_version_of_ios_app_for_seller\":\"1.0.0\",\"current_version_of_android_app_for_delivery_boy\":\"1.0.0\",\"current_version_of_ios_app_for_delivery_boy\":\"1.0.0\",\"order_delivery_otp_system\":1,\"system_timezone\":\"Asia/Kolkata\",\"minimum_cart_amount\":\"10\",\"maximum_item_allowed_in_cart\":\"10\",\"low_stock_limit\":\"7\",\"max_days_to_return_item\":\"14\",\"delivery_boy_bonus\":\"11\",\"enable_cart_button_on_product_list_view\":1,\"version_system_status\":1,\"expand_product_image\":1,\"tax_name\":\"GST\",\"tax_number\":\"123456\",\"google\":0,\"facebook\":0,\"apple\":0,\"refer_and_earn_status\":1,\"minimum_refer_and_earn_amount\":\"10\",\"minimum_refer_and_earn_bonus\":\"10\",\"refer_and_earn_method\":\"percentage\",\"max_refer_and_earn_amount\":\"10\",\"number_of_times_bonus_given_to_customer\":\"1\",\"wallet_balance_status\":1,\"wallet_balance_amount\":\"9999\",\"authentication_method\":\"telegram\",\"store_currency\":null,\"single_seller_order_system\":0,\"customer_app_maintenance_status\":0,\"seller_app_maintenance_status\":0,\"delivery_boy_app_maintenance_status\":0,\"message_for_customer_app\":null,\"message_for_seller_app\":\"test testtesttesttes tt esttesttesttestt esttesttesttesttes  ttesttest  testtesttesttesttes ttesttesttesttesttesttesttest\",\"message_for_delivery_boy_app\":\"test\",\"sidebar_color\":null,\"sidebar_type\":null,\"navbar_fixed\":0,\"theme_mode\":0,\"tg_bot_user_name\":\"auth_eshop_bot\",\"tg_bot_token\":\"7987880585:AAE4gcMyqMB9YGYcEq4qPXp3BnpPCQc-hJI\"}', '2023-07-20 06:43:44', '2025-04-22 07:12:13'),
(2, 'payment_method', '{\"phonepe_method\":0,\"phonepe_mode\":\"sandbox\",\"phonepe_marchant_id\":null,\"phonepe_salt_index\":null,\"phonepe_salt_key\":null,\"paypal_method\":0,\"paypal_mode\":\"sandbox\",\"paypal_business_email\":\"demchukv@gmail.com\",\"paypal_client_id\":\"54234534543\",\"currency_code\":\"AUD\",\"razorpay_method\":0,\"razorpay_mode\":null,\"razorpay_key_id\":null,\"razorpay_secret_key\":null,\"razorpay_webhook_secret_key\":null,\"midtrans_method\":0,\"midtrans_payment_mode\":null,\"midtrans_client_key\":null,\"midtrans_server_key\":null,\"midtrans_merchant_id\":null,\"paystack_method\":0,\"paystack_key_id\":null,\"paystack_secret_key\":null,\"stripe_method\":1,\"stripe_payment_mode\":\"test\",\"stripe_publishable_key\":\"pk_test_51R4fSvPZOOv7SC5xXxSDaWuZKEXVZgv5juMZDcUjJkbJxM7BxdrdByddBUwRoS81zLjw2O4yEU0STdofCHGq6jIr00VPZ4MjxP\",\"stripe_secret_key\":\"sk_test_51R4fSvPZOOv7SC5xheWLmfXQMyQgaRQWi45rP8gvZCu20Q3UZW9bHD3FQnOS9IPjP49qEYVQ0trsXA77ohqaXIfl00Ph4aeS7k\",\"stripe_webhook_secret_key\":\"whsec_SpZjUBPmPnOxWITq5HezyRHXg1XUFAvQ\",\"stripe_currency_code\":\"USD\",\"flutterwave_method\":0,\"flutterwave_public_key\":null,\"flutterwave_secret_key\":null,\"flutterwave_encryption_key\":null,\"flutterwave_currency_code\":null,\"flutterwave_webhook_secret_key\":null,\"fatoorah_method\":0,\"myfatoorah_token\":null,\"myfatoorah_payment_mode\":null,\"myfatoorah_language\":null,\"myfatoorah__webhook_url\":null,\"myfatoorah_country\":null,\"myfatoorah__successUrl\":null,\"myfatoorah__errorUrl\":null,\"myfatoorah__secret_key\":null,\"direct_bank_transfer_method\":0,\"account_name\":null,\"account_number\":null,\"bank_name\":null,\"bank_code\":null,\"notes\":null,\"cod_method\":0}', '2023-07-26 07:16:42', '2025-04-03 06:50:16'),
(3, 'shipping_method', '{\"local_shipping_method\":0,\"shiprocket_shipping_method\":0,\"email\":\"demchukv@gmail.com\",\"password\":\"@0124\",\"webhook_token\":\"kfdj9udnjJKLH09fdsjfdgkfsdgds\",\"standard_shipping_free_delivery\":0,\"minimum_free_delivery_order_amount\":\"10\",\"couriers_list_method\":1,\"aftership_apikey\":\"asat_4e9d8a34f8d24cbaa1dcc95aebec1c3b\",\"aftership_secret\":\"cc2a224411045626e671b5704d884cd6\"}', '2023-07-26 10:17:16', '2025-03-28 13:14:24'),
(4, 'email_settings', '{\"email\":\"\",\"password\":\"\",\"smtp_host\":\"\",\"smtp_port\":\"587\",\"email_content_type\":\"html\",\"smtp_encryption\":\"tls\"}', '2023-07-26 15:51:09', '2025-01-10 10:34:18'),
(5, 'time_slot_config', '{\"is_time_slots_enabled\":1,\"delivery_starts_from\":\"1\",\"allowed_days\":\"7\"}', '2023-07-26 12:10:02', '2024-05-22 11:03:03'),
(6, 'fcm_server_key', '{\"fcm_server_key\":\"\"}', '2023-08-03 09:12:44', '2025-01-10 10:34:22'),
(7, 'contact_us', '{\"contact_us\":\"Stay Connected\"}', '2023-08-03 09:23:10', '2024-05-24 09:15:39'),
(8, 'about_us', '{\"about_us\":\"\"}', '2023-08-03 09:26:57', '2025-01-10 10:34:28'),
(9, 'privacy_policy', '{\"privacy_policy\":\"<p>Costumers ACCESSING, BROWSING OR OTHERWISE USING THE WEBSITE cityecommerce.com, Missed Call Service or mobile application INDICATES user is in AGREEMENT with cityecommerce vegetables &amp; fruits Pvt Ltd for ALL THE TERMS AND CONDITIONS MENTIONED henceforth. User is requested to READ terms and conditions CAREFULLY BEFORE PROCEEDING FURTHER.<br>User is the person, group of person, company, trust, society, legal entity, legal personality or anyone who visits website, mobile app or gives missed call or places order with Gmartfresh via phone or website or mobile application or browse through website www.Gmartfresh.com.</p>\\r\\n<p>Gmartfresh reserves the right to add, alter, change, modify or delete any of these terms and conditions at any time without prior information. The altered terms and conditions becomes binding on the user since the moment same are unloaded on the website www.Gmartfresh.com</p>\\r\\n<p>Gmartfresh is in trade of fresh fruits and vegetables and delivers the order to home (user&rsquo;s desired address) directly.</p>\\r\\n<p>That any user who gives missed call/call for order on any number published/used by Gmartfresh.com, consents to receive, accept calls and messages or any after communication from Gmartfresh vegetables &amp; fruits Pvt Ltd for Promotion and Telemarketing Purposes within a week.</p>\\r\\n<p>If a customer do not wish to receive any communication from Gmartfresh, please SMS NO OFFERS to 9512512125.</p>\\r\\n<p>Gmartfresh accept orders on all seven days and user will receive the delivery next day from date of order placement, as we at Gmartfresh procure the fresh produce from the procurement center and deliver it straight to user.</p>\\r\\n<p>There is Minimum Order value of Rs. 200. There are no delivery charges on an order worth Rs. 200 or above. In special cases, if permitted, order value is less then Rs. 200/&ndash; , Rs. 40 as shipping charges shall be charged from user.</p>\\r\\n<p>Gmartfresh updates the prices on daily basis and the price displayed at our website www.Gmartfresh.com, at the time of placement of order by user he/she/it will be charged as per the price listed at the website www.Gmartfresh.com.</p>\\r\\n<p>In the event, though there are remote possibilities, of wrong invoice generation due to any reason, in case it happens Gmartfresh vegetables &amp; fruits Pvt Ltd reserve its right to again raise the correct invoice at the revised amount and same shall be paid by user.</p>\\r\\n<p>At times it is difficult to weigh certain vegetables or fruits exactly as per the order or desired quantity of user, hence the delivery might be with five percent variation on both higher or lower side of exact ordered quantity, user are hereby under takes to pay to Gmartfresh vegetables &amp; fruits Pvt Ltd as per the final invoice. We at Gmartfresh understands and our endeavor is to always deliver in exact quantity in consonance with quantity ordered but every time it&rsquo;s not possible but Gmartfresh guarantee the fair deal and weight to all its users. Gmartfresh further assures its users that at no instance delivery weights/quantity vary dramatically from what quantity ordered by user.</p>\\r\\n<p>If some product is not available or is not of good quality, the same item will not be delivered and will be adjusted accordingly in the invoice; all rights in this regards are reserved with Gmartfresh. Images of Fruits &amp; Vegetables present in the website are for demonstration purpose and may not resemble exactly in size, colour, weight, contrast etc; though we assure our best to maintain the best quality in product, which is being our foremost commitment to the customer.</p>\\r\\n<p>All orders placed before 11 PM in the Night will be delivered next day or as per delivery date chosen.</p>\\r\\n<p>&nbsp;</p>\\r\\n<p>&nbsp;</p>\"}', '2023-08-03 10:29:14', '2024-05-01 10:51:24'),
(10, 'terms_and_conditions', '{\"terms_and_conditions\":\"<p>Costumers ezeemart.eshopweb.store is a sole proprietary firm , Juridical rights of ezeemart.eshopweb.store are reserved with eshop</p>\\r\\n<p>Personal Information ezeemart.eshopweb.store and the website ezeemart.eshopweb.store (&rdquo;The Site&rdquo;) . respects your privacy. This Privacy Policy succinctly provides the manner your data is collected and used by ezeemart.eshopweb.store. on the Site. As a visitor to the Site/ Customer you are advised to please read the Privacy Policy carefully.</p>\\r\\n<p>&nbsp;</p>\\r\\n<p>Services Overview As part of the registration process on the Site, ezeemart.eshopweb.store may collect the following personally identifiable information about you: Name including first and last name, alternate email address, mobile phone number and contact details, Postal code, GPS location, Demographic profile (like your age, gender, occupation, education, address etc.) and information about the pages on the site you visit/access, the links you click on the site, the number of times you access the page and any such browsing information.</p>\\r\\n<p>&nbsp;</p>\\r\\n<p>Eligibility Services of the Site would be available to only select geographies in India. Persons who are \\\"incompetent to contract\\\" within the meaning of the Indian Contract Act, 1872 including un-discharged insolvents etc. are not eligible to use the Site. If you are a minor i.e. under the age of 18 years but at least 13 years of age you may use the Site only under the supervision of a parent or legal guardian who agrees to be bound by these Terms of Use. If your age is below 18 years, your parents or legal guardians can transact on behalf of you if they are registered users. You are prohibited from purchasing any material which is for adult consumption and the sale of which to minors is prohibited.</p>\\r\\n<p>&nbsp;</p>\\r\\n<p>License &amp; Site Access ezeemart.eshopweb.store grants you a limited sub-license to access and make personal use of this site and not to download (other than page caching) or modify it, or any portion of it, except with express written consent of ezeemart.eshopweb.store. This license does not include any resale or commercial use of this site or its contents; any collection and use of any product listings, descriptions, or prices; any derivative use of this site or its contents; any downloading or copying of account information for the benefit of another merchant; or any use of data mining, robots, or similar data gathering and extraction tools. This site or any portion of this site may not be reproduced, duplicated, copied, sold, resold, visited or otherwise exploited for any commercial purpose without express written consent of ezeemart.eshopweb.store. You may not frame or utilize framing techniques to enclose any trademark, logo, or other proprietary information (including images, text, page layout, or form) of the Site or of ezeemart.eshopweb.store and its affiliates without express written consent. You may not use any meta tags or any other \\\"hidden text\\\" utilizing the Site&rsquo;s or ezeemart.eshopweb.store&rsquo;s name or ezeemart.eshopweb.store&rsquo;s name or trademarks without the express written consent of ezeemart.eshopweb.store. Any unauthorized use, terminates the permission or license granted by ezeemart.eshopweb.store</p>\\r\\n<p>&nbsp;</p>\\r\\n<p>Account &amp; Registration Obligations All shoppers have to register and login for placing orders on the Site. You have to keep your account and registration details current and correct for communications related to your purchases from the site. By agreeing to the terms and conditions, the shopper agrees to receive promotional communication and newsletters upon registration. The customer can opt out either by unsubscribing in \\\"My Account\\\" or by contacting the customer service.</p>\\r\\n<p>&nbsp;</p>\\r\\n<p>Pricing All the products listed on the Site will be sold at MRP unless otherwise specified. The prices mentioned at the time of ordering will be the prices charged on the date of the delivery. Although prices of most of the products do not fluctuate on a daily basis but some of the commodities and fresh food prices do change on a daily basis. In case the prices are higher or lower on the date of delivery not additional charges will be collected or refunded as the case may be at the time of the delivery of the order.</p>\\r\\n<p>&nbsp;</p>\\r\\n<p>Cancellation by Site / Customer You as a customer can cancel your order anytime up to the cut-off time of the slot for which you have placed an order by calling our customer service. In such a case we will Credit your wallet against any payments already made by you for the order. If we suspect any fraudulent transaction by any customer or any transaction which defies the terms &amp; conditions of using the website, we at our sole discretion could cancel such orders. We will maintain a negative list of all fraudulent transactions and customers and would deny access to them or cancel any orders placed by them.</p>\\r\\n<p>&nbsp;</p>\\r\\n<p>Return &amp; Refunds We have a \\\"no questions asked return policy\\\" which entitles all our Delivery Ambassadors to return the product at the time of delivery if due to any reason they are not satisfied with the quality or freshness of the product. We will take the returned product back with us and issue a credit note for the value of the return products which will be credited to your account on the Site. This can be used to pay your subsequent shopping bills. Refund will be processed through same online mode within 7 working days.</p>\\r\\n<p>&nbsp;</p>\\r\\n<p>&nbsp;</p>\\r\\n<p>Delivery &amp; Shipping Charge</p>\\r\\n<p>&nbsp;</p>\\r\\n<p>1.You can expect to receive your order depending on the delivery option you have chosen.</p>\\r\\n<p>&nbsp;</p>\\r\\n<p>2.You can order 24*7 in website &amp; mobile application , Our delivery timeings are between 06:00 AM - 02:00PM Same day delivery.</p>\\r\\n<p>&nbsp;</p>\\r\\n<p>3.You will get free shipping on order amount above Rs.150.</p>\\r\\n<p>You Agree and Confirm</p>\\r\\n<p>1. That in the event that a non-delivery occurs on account of a mistake by you (i.e. wrong name or address or any other wrong information) any extra cost incurred by eshop. for redelivery shall be claimed from you.</p>\\r\\n<p>2. That you will use the services provided by the Site, its affiliates, consultants and contracted companies, for lawful purposes only and comply with all applicable laws and regulations while using and transacting on the Site.</p>\\r\\n<p>3. You will provide authentic and true information in all instances where such information is requested you. eshop reserves the right to confirm and validate the information and other details provided by you at any point of time. If upon confirmation your details are found not to be true (wholly or partly), it has the right in its sole discretion to reject the registration and debar you from using the Services and / or other affiliated websites without prior intimation whatsoever.</p>\\r\\n<p>4. That you are accessing the services available on this Site and transacting at your sole risk and are using your best and prudent judgment before entering into any transaction through this Site.</p>\\r\\n<p>5. That the address at which delivery of the product ordered by you is to be made will be correct and proper in all respects.</p>\\r\\n<p>6. That before placing an order you will check the product description carefully. By placing an order for a product you agree to be bound by the conditions of sale included in the item\'s description.</p>\\r\\n<p>&nbsp;</p>\\r\\n<p>You may not use the Site for any of the following purposes:</p>\\r\\n<p>1. Disseminating any unlawful, harassing, libelous, abusive, threatening, harmful, vulgar, obscene, or otherwise objectionable material.</p>\\r\\n<p>2. Transmitting material that encourages conduct that constitutes a criminal offence or results in civil liability or otherwise breaches any relevant laws, regulations or code of practice.</p>\\r\\n<p>3. Gaining unauthorized access to other computer systems.</p>\\r\\n<p>4. Interfering with any other person\'s use or enjoyment of the Site.</p>\\r\\n<p>5. Breaching any applicable laws;</p>\\r\\n<p>6. Interfering or disrupting networks or web sites connected to the Site.</p>\\r\\n<p>7. Making, transmitting or storing electronic copies of materials protected by copyright without the permission of the owner.</p>\\r\\n<p>&nbsp;</p>\\r\\n<p>Colors we have made every effort to display the colors of our products that appear on the Website as accurately as possible. However, as the actual colors you see will depend on your monitor, we cannot guarantee that your monitor\'s display of any color will be accurate.</p>\\r\\n<p>&nbsp;</p>\\r\\n<p>Modification of Terms &amp; Conditions of Service eshop may at any time modify the Terms &amp; Conditions of Use of the Website without any prior notification to you. You can access the latest version of these Terms &amp; Conditions at any given time on the Site. You should regularly review the Terms &amp; Conditions on the Site. In the event the modified Terms &amp; Conditions is not acceptable to you, you should discontinue using the Service. However, if you continue to use the Service you shall be deemed to have agreed to accept and abide by the modified Terms &amp; Conditions of Use of this Site.</p>\\r\\n<p>&nbsp;</p>\\r\\n<p>Governing Law and Jurisdiction This User Agreement shall be construed in accordance with the applicable laws of India. The Courts at Faridabad shall have exclusive jurisdiction in any proceedings arising out of this agreement. Any dispute or difference either in interpretation or otherwise, of any terms of this User Agreement between the parties hereto, the same shall be referred to an independent arbitrator who will be appointed by eshop and his decision shall be final and binding on the parties hereto. The above arbitration shall be in accordance with the Arbitration and Conciliation Act, 1996 as amended from time to time. The arbitration shall be held in Nagpur. The High Court of judicature at Nagpur Bench of Mumbai High Court alone shall have the jurisdiction and the Laws of India shall apply.</p>\\r\\n<p>&nbsp;</p>\\r\\n<p>Reviews, Feedback, Submissions All reviews, comments, feedback, postcards, suggestions, ideas, and other submissions disclosed, submitted or offered to the Site on or by this Site or otherwise disclosed, submitted or offered in connection with your use of this Site (collectively, the \\\"Comments\\\") shall be and remain the property of eshop Such disclosure, submission or offer of any Comments shall constitute an assignment to eshop of all worldwide rights, titles and interests in all copyrights and other intellectual properties in the Comments. Thus, eshop owns exclusively all such rights, titles and interests and shall not be limited in any way in its use, commercial or otherwise, of any Comments. eshopwill be entitled to use, reproduce, disclose, modify, adapt, create derivative works from, publish, display and distribute any Comments you submit for any purpose whatsoever, without restriction and without compensating you in any way. eshop is and shall be under no obligation (1) to maintain any Comments in confidence; (2) to pay you any compensation for any Comments; or (3) to respond to any Comments. You agree that any Comments submitted by you to the Site will not violate this policy or any right of any third party, including copyright, trademark, privacy or other personal or proprietary right(s), and will not cause injury to any person or entity. You further agree that no Comments submitted by you to the Website will be or contain libelous or otherwise unlawful, threatening, abusive or obscene material, or contain software viruses, political campaigning, commercial solicitation, chain letters, mass mailings or any form of \\\"spam\\\". eshop does not regularly review posted Comments, but does reserve the right (but not the obligation) to monitor and edit or remove any Comments submitted to the Site. You grant eshopthe right to use the name that you submit in connection with any Comments. You agree not to use a false email address, impersonate any person or entity, or otherwise mislead as to the origin of any Comments you submit. You are and shall remain solely responsible for the content of any Comments you make and you agree to indemnify eshop and its affiliates for all claims resulting from any Comments you submit. eshop and its affiliates take no responsibility and assume no liability for any Comments submitted by you or any third party.</p>\\r\\n<p>&nbsp;</p>\\r\\n<p>Copyright &amp; Trademark ezeemart.eshopweb.store and ezeemart.eshopweb.store, its suppliers and licensors expressly reserve all intellectual property rights in all text, programs, products, processes, technology, content and other materials, which appear on this Site. Access to this Website does not confer and shall not be considered as conferring upon anyone any license under any of ezeemart.eshopweb.store or any third party\'s intellectual property rights. All rights, including copyright, in this website are owned by or licensed to ezeemart.eshopweb.store from ezeemart.eshopweb.store. Any use of this website or its contents, including copying or storing it or them in whole or part, other than for your own personal, non-commercial use is prohibited without the permission of ezeemart.eshopweb.store and/or ezeemart.eshopweb.store. You may not modify, distribute or re-post anything on this website for any purpose.The names and logos and all related product and service names, design marks and slogans are the trademarks or service marks of ezeemart.eshopweb.store, ezeemart.eshopweb.store, its affiliates, its partners or its suppliers. All other marks are the property of their respective companies. No trademark or service mark license is granted in connection with the materials contained on this Site. Access to this Site does not authorize anyone to use any name, logo or mark in any manner.References on this Site to any names, marks, products or services of third parties or hypertext links to third party sites or information are provided solely as a convenience to you and do not in any way constitute or imply ezeemart.eshopweb.store or ezeemart.eshopweb.store\'s endorsement, sponsorship or recommendation of the third party, information, product or service. ezeemart.eshopweb.store or ezeemart.eshopweb.store is not responsible for the content of any third party sites and does not make any representations regarding the content or accuracy of material on such sites. If you decide to link to any such third party websites, you do so entirely at your own risk. All materials, including images, text, illustrations, designs, icons, photographs, programs, music clips or downloads, video clips and written and other materials that are part of this Website (collectively, the \\\"Contents\\\") are intended solely for personal, non-commercial use. You may download or copy the Contents and other downloadable materials displayed on the Website for your personal use only. No right, title or interest in any downloaded materials or software is transferred to you as a result of any such downloading or copying. You may not reproduce (except as noted above), publish, transmit, distribute, display, modify, create derivative works from, sell or participate in any sale of or exploit in any way, in whole or in part, any of the Contents, the Website or any related software. All software used on this Website is the property of ezeemart.eshopweb.store or its licensees and suppliers and protected by Indian and international copyright laws. The Contents and software on this Website may be used only as a shopping resource. Any other use, including the reproduction, modification, distribution, transmission, republication, display, or performance, of the Contents on this Website is strictly prohibited. Unless otherwise noted, all Contents are copyrights, trademarks, trade dress and/or other intellectual property owned, controlled or licensed by ezeemart.eshopweb.store, one of its affiliates or by third parties who have licensed their materials to ezeemart.eshopweb.store and are protected by Indian and international copyright laws. The compilation (meaning the collection, arrangement, and assembly) of all Contents on this Website is the exclusive property of ezeemart.eshopweb.store and ezeemart.eshopweb.store and is also protected by Indian and international copyright laws.</p>\\r\\n<p>&nbsp;</p>\\r\\n<p>Objectionable Material You understand that by using this Site or any services provided on the Site, you may encounter Content that may be deemed by some to be offensive, indecent, or objectionable, which Content may or may not be identified as such. You agree to use the Site and any service at your sole risk and that to the fullest extent permitted under applicable law, ezeemart.eshopweb.store and/or ezeemart.eshopweb.store and its affiliates shall have no liability to you for Content that may be deemed offensive, indecent, or objectionable to you.</p>\\r\\n<p>&nbsp;</p>\\r\\n<p>Indemnity You agree to defend, indemnify and hold harmless ezeemart.eshopweb.store, ezeemart.eshopweb.store, its employees, directors, Coordinators, officers, agents, interns and their successors and assigns from and against any and all claims, liabilities, damages, losses, costs and expenses, including attorney\'s fees, caused by or arising out of claims based upon your actions or inactions, which may result in any loss or liability to ezeemart.eshopweb.store or ezeemart.eshopweb.store or any third party including but not limited to breach of any warranties, representations or undertakings or in relation to the non-fulfillment of any of your obligations under this User Agreement or arising out of the violation of any applicable laws, regulations including but not limited to Intellectual Property Rights, payment of statutory dues and taxes, claim of libel, defamation, violation of rights of privacy or publicity, loss of service by other subscribers and infringement of intellectual property or other rights. This clause shall survive the expiry or termination of this User Agreement.</p>\\r\\n<p>&nbsp;</p>\\r\\n<p>Termination This User Agreement is effective unless and until terminated by either you or ezeemart.eshopweb.store. You may terminate this User Agreement at any time, provided that you discontinue any further use of this Site. ezeemart.eshopweb.store may terminate this User Agreement at any time and may do so immediately without notice, and accordingly deny you access to the Site, Such termination will be without any liability to ezeemart.eshopweb.store. Upon any termination of the User Agreement by either you or ezeemart.eshopweb.store, you must promptly destroy all materials downloaded or otherwise obtained from this Site, as well as all copies of such materials, whether made under the User Agreement or otherwise. ezeemart.eshopweb.store\'s right to any Comments shall survive any termination of this User Agreement. Any such termination of the User Agreement shall not cancel your obligation to pay for the product already ordered from the Website or affect any liability that may have arisen under the User Agreement.</p>\"}', '2023-08-03 10:30:28', '2024-05-01 10:53:13'),
(11, 'shipping_policy', '{\"shipping_policy\":\"<p><strong>Costumers eshop.com is a sole proprietary firm , Juridical rights of eshop.com are reserved with eshop</strong></p>\\r\\n<p>Personal Information eshop.com and the website eshop.com (&rdquo;The Site&rdquo;) . respects your privacy. This Privacy Policy succinctly provides the manner your data is collected and used by eshop.com. on the Site. As a visitor to the Site/ Customer you are advised to please read the Privacy Policy carefully.</p>\\r\\n<p>&nbsp;</p>\\r\\n<p>Services Overview As part of the registration process on the Site, eshop.com may collect the following personally identifiable information about you: Name including first and last name, alternate email address, mobile phone number and contact details, Postal code, GPS location, Demographic profile (like your age, gender, occupation, education, address etc.) and information about the pages on the site you visit/access, the links you click on the site, the number of times you access the page and any such browsing information.</p>\\r\\n<p>&nbsp;</p>\\r\\n<p>Eligibility Services of the Site would be available to only select geographies in India. Persons who are \\\"incompetent to contract\\\" within the meaning of the Indian Contract Act, 1872 including un-discharged insolvents etc. are not eligible to use the Site. If you are a minor i.e. under the age of 18 years but at least 13 years of age you may use the Site only under the supervision of a parent or legal guardian who agrees to be bound by these Terms of Use. If your age is below 18 years, your parents or legal guardians can transact on behalf of you if they are registered users. You are prohibited from purchasing any material which is for adult consumption and the sale of which to minors is prohibited.</p>\\r\\n<p>&nbsp;</p>\\r\\n<p>License &amp; Site Access eshop.com grants you a limited sub-license to access and make personal use of this site and not to download (other than page caching) or modify it, or any portion of it, except with express written consent of eshop.com. This license does not include any resale or commercial use of this site or its contents; any collection and use of any product listings, descriptions, or prices; any derivative use of this site or its contents; any downloading or copying of account information for the benefit of another merchant; or any use of data mining, robots, or similar data gathering and extraction tools. This site or any portion of this site may not be reproduced, duplicated, copied, sold, resold, visited or otherwise exploited for any commercial purpose without express written consent of eshop.com. You may not frame or utilize framing techniques to enclose any trademark, logo, or other proprietary information (including images, text, page layout, or form) of the Site or of eshop.com and its affiliates without express written consent. You may not use any meta tags or any other \\\"hidden text\\\" utilizing the Site&rsquo;s or eshop.com&rsquo;s name or eshop.com&rsquo;s name or trademarks without the express written consent of eshop.com. Any unauthorized use, terminates the permission or license granted by eshop.com</p>\\r\\n<p>&nbsp;</p>\\r\\n<p>Account &amp; Registration Obligations All shoppers have to register and login for placing orders on the Site. You have to keep your account and registration details current and correct for communications related to your purchases from the site. By agreeing to the terms and conditions, the shopper agrees to receive promotional communication and newsletters upon registration. The customer can opt out either by unsubscribing in \\\"My Account\\\" or by contacting the customer service.</p>\\r\\n<p>&nbsp;</p>\\r\\n<p>Pricing All the products listed on the Site will be sold at MRP unless otherwise specified. The prices mentioned at the time of ordering will be the prices charged on the date of the delivery. Although prices of most of the products do not fluctuate on a daily basis but some of the commodities and fresh food prices do change on a daily basis. In case the prices are higher or lower on the date of delivery not additional charges will be collected or refunded as the case may be at the time of the delivery of the order.</p>\\r\\n<p>&nbsp;</p>\\r\\n<p>Cancellation by Site / Customer You as a customer can cancel your order anytime up to the cut-off time of the slot for which you have placed an order by calling our customer service. In such a case we will Credit your wallet against any payments already made by you for the order. If we suspect any fraudulent transaction by any customer or any transaction which defies the terms &amp; conditions of using the website, we at our sole discretion could cancel such orders. We will maintain a negative list of all fraudulent transactions and customers and would deny access to them or cancel any orders placed by them.</p>\\r\\n<p>&nbsp;</p>\\r\\n<p>Return &amp; Refunds We have a \\\"no questions asked return policy\\\" which entitles all our Delivery Ambassadors to return the product at the time of delivery if due to any reason they are not satisfied with the quality or freshness of the product. We will take the returned product back with us and issue a credit note for the value of the return products which will be credited to your account on the Site. This can be used to pay your subsequent shopping bills. Refund will be processed through same online mode within 7 working days.</p>\\r\\n<p>&nbsp;</p>\\r\\n<p>&nbsp;</p>\\r\\n<p>Delivery &amp; Shipping Charge</p>\\r\\n<p>&nbsp;</p>\\r\\n<p>1.You can expect to receive your order depending on the delivery option you have chosen.</p>\\r\\n<p>&nbsp;</p>\\r\\n<p>2.You can order 24*7 in website &amp; mobile application , Our delivery timeings are between 06:00 AM - 02:00PM Same day delivery.</p>\\r\\n<p>&nbsp;</p>\\r\\n<p>3.You will get free shipping on order amount above Rs.150.</p>\\r\\n<p>You Agree and Confirm</p>\\r\\n<p>1. That in the event that a non-delivery occurs on account of a mistake by you (i.e. wrong name or address or any other wrong information) any extra cost incurred by eshop. for redelivery shall be claimed from you.</p>\\r\\n<p>2. That you will use the services provided by the Site, its affiliates, consultants and contracted companies, for lawful purposes only and comply with all applicable laws and regulations while using and transacting on the Site.</p>\\r\\n<p>3. You will provide authentic and true information in all instances where such information is requested you. eshop reserves the right to confirm and validate the information and other details provided by you at any point of time. If upon confirmation your details are found not to be true (wholly or partly), it has the right in its sole discretion to reject the registration and debar you from using the Services and / or other affiliated websites without prior intimation whatsoever.</p>\\r\\n<p>4. That you are accessing the services available on this Site and transacting at your sole risk and are using your best and prudent judgment before entering into any transaction through this Site.</p>\\r\\n<p>5. That the address at which delivery of the product ordered by you is to be made will be correct and proper in all respects.</p>\\r\\n<p>6. That before placing an order you will check the product description carefully. By placing an order for a product you agree to be bound by the conditions of sale included in the item\'s description.</p>\\r\\n<p>&nbsp;</p>\\r\\n<p>You may not use the Site for any of the following purposes:</p>\\r\\n<p>1. Disseminating any unlawful, harassing, libelous, abusive, threatening, harmful, vulgar, obscene, or otherwise objectionable material.</p>\\r\\n<p>2. Transmitting material that encourages conduct that constitutes a criminal offence or results in civil liability or otherwise breaches any relevant laws, regulations or code of practice.</p>\\r\\n<p>3. Gaining unauthorized access to other computer systems.</p>\\r\\n<p>4. Interfering with any other person\'s use or enjoyment of the Site.</p>\\r\\n<p>5. Breaching any applicable laws;</p>\\r\\n<p>6. Interfering or disrupting networks or web sites connected to the Site.</p>\\r\\n<p>7. Making, transmitting or storing electronic copies of materials protected by copyright without the permission of the owner.</p>\\r\\n<p>&nbsp;</p>\\r\\n<p>Colors we have made every effort to display the colors of our products that appear on the Website as accurately as possible. However, as the actual colors you see will depend on your monitor, we cannot guarantee that your monitor\'s display of any color will be accurate.</p>\\r\\n<p>&nbsp;</p>\\r\\n<p>Modification of Terms &amp; Conditions of Service eshop may at any time modify the Terms &amp; Conditions of Use of the Website without any prior notification to you. You can access the latest version of these Terms &amp; Conditions at any given time on the Site. You should regularly review the Terms &amp; Conditions on the Site. In the event the modified Terms &amp; Conditions is not acceptable to you, you should discontinue using the Service. However, if you continue to use the Service you shall be deemed to have agreed to accept and abide by the modified Terms &amp; Conditions of Use of this Site.</p>\\r\\n<p>&nbsp;</p>\\r\\n<p>Governing Law and Jurisdiction This User Agreement shall be construed in accordance with the applicable laws of India. The Courts at Faridabad shall have exclusive jurisdiction in any proceedings arising out of this agreement. Any dispute or difference either in interpretation or otherwise, of any terms of this User Agreement between the parties hereto, the same shall be referred to an independent arbitrator who will be appointed by eshop and his decision shall be final and binding on the parties hereto. The above arbitration shall be in accordance with the Arbitration and Conciliation Act, 1996 as amended from time to time. The arbitration shall be held in Nagpur. The High Court of judicature at Nagpur Bench of Mumbai High Court alone shall have the jurisdiction and the Laws of India shall apply.</p>\\r\\n<p>&nbsp;</p>\\r\\n<p>Reviews, Feedback, Submissions All reviews, comments, feedback, postcards, suggestions, ideas, and other submissions disclosed, submitted or offered to the Site on or by this Site or otherwise disclosed, submitted or offered in connection with your use of this Site (collectively, the \\\"Comments\\\") shall be and remain the property of eshop Such disclosure, submission or offer of any Comments shall constitute an assignment to eshop of all worldwide rights, titles and interests in all copyrights and other intellectual properties in the Comments. Thus, eshop owns exclusively all such rights, titles and interests and shall not be limited in any way in its use, commercial or otherwise, of any Comments. eshopwill be entitled to use, reproduce, disclose, modify, adapt, create derivative works from, publish, display and distribute any Comments you submit for any purpose whatsoever, without restriction and without compensating you in any way. eshop is and shall be under no obligation (1) to maintain any Comments in confidence; (2) to pay you any compensation for any Comments; or (3) to respond to any Comments. You agree that any Comments submitted by you to the Site will not violate this policy or any right of any third party, including copyright, trademark, privacy or other personal or proprietary right(s), and will not cause injury to any person or entity. You further agree that no Comments submitted by you to the Website will be or contain libelous or otherwise unlawful, threatening, abusive or obscene material, or contain software viruses, political campaigning, commercial solicitation, chain letters, mass mailings or any form of \\\"spam\\\". eshop does not regularly review posted Comments, but does reserve the right (but not the obligation) to monitor and edit or remove any Comments submitted to the Site. You grant eshopthe right to use the name that you submit in connection with any Comments. You agree not to use a false email address, impersonate any person or entity, or otherwise mislead as to the origin of any Comments you submit. You are and shall remain solely responsible for the content of any Comments you make and you agree to indemnify eshop and its affiliates for all claims resulting from any Comments you submit. eshop and its affiliates take no responsibility and assume no liability for any Comments submitted by you or any third party.</p>\\r\\n<p>&nbsp;</p>\\r\\n<p>Copyright &amp; Trademark eshop.com and eshop.com, its suppliers and licensors expressly reserve all intellectual property rights in all text, programs, products, processes, technology, content and other materials, which appear on this Site. Access to this Website does not confer and shall not be considered as conferring upon anyone any license under any of eshop.com or any third party\'s intellectual property rights. All rights, including copyright, in this website are owned by or licensed to eshop.com from eshop.com. Any use of this website or its contents, including copying or storing it or them in whole or part, other than for your own personal, non-commercial use is prohibited without the permission of eshop.com and/or eshop.com. You may not modify, distribute or re-post anything on this website for any purpose.The names and logos and all related product and service names, design marks and slogans are the trademarks or service marks of eshop.com, eshop.com, its affiliates, its partners or its suppliers. All other marks are the property of their respective companies. No trademark or service mark license is granted in connection with the materials contained on this Site. Access to this Site does not authorize anyone to use any name, logo or mark in any manner.References on this Site to any names, marks, products or services of third parties or hypertext links to third party sites or information are provided solely as a convenience to you and do not in any way constitute or imply eshop.com or eshop.com\'s endorsement, sponsorship or recommendation of the third party, information, product or service. eshop.com or eshop.com is not responsible for the content of any third party sites and does not make any representations regarding the content or accuracy of material on such sites. If you decide to link to any such third party websites, you do so entirely at your own risk. All materials, including images, text, illustrations, designs, icons, photographs, programs, music clips or downloads, video clips and written and other materials that are part of this Website (collectively, the \\\"Contents\\\") are intended solely for personal, non-commercial use. You may download or copy the Contents and other downloadable materials displayed on the Website for your personal use only. No right, title or interest in any downloaded materials or software is transferred to you as a result of any such downloading or copying. You may not reproduce (except as noted above), publish, transmit, distribute, display, modify, create derivative works from, sell or participate in any sale of or exploit in any way, in whole or in part, any of the Contents, the Website or any related software. All software used on this Website is the property of eshop.com or its licensees and suppliers and protected by Indian and international copyright laws. The Contents and software on this Website may be used only as a shopping resource. Any other use, including the reproduction, modification, distribution, transmission, republication, display, or performance, of the Contents on this Website is strictly prohibited. Unless otherwise noted, all Contents are copyrights, trademarks, trade dress and/or other intellectual property owned, controlled or licensed by eshop.com, one of its affiliates or by third parties who have licensed their materials to eshop.com and are protected by Indian and international copyright laws. The compilation (meaning the collection, arrangement, and assembly) of all Contents on this Website is the exclusive property of eshop.com and eshop.com and is also protected by Indian and international copyright laws.</p>\\r\\n<p>&nbsp;</p>\\r\\n<p>Objectionable Material You understand that by using this Site or any services provided on the Site, you may encounter Content that may be deemed by some to be offensive, indecent, or objectionable, which Content may or may not be identified as such. You agree to use the Site and any service at your sole risk and that to the fullest extent permitted under applicable law, eshop.com and/or eshop.com and its affiliates shall have no liability to you for Content that may be deemed offensive, indecent, or objectionable to you.</p>\\r\\n<p>&nbsp;</p>\\r\\n<p>Indemnity You agree to defend, indemnify and hold harmless eshop.com, eshop.com, its employees, directors, Coordinators, officers, agents, interns and their successors and assigns from and against any and all claims, liabilities, damages, losses, costs and expenses, including attorney\'s fees, caused by or arising out of claims based upon your actions or inactions, which may result in any loss or liability to eshop.com or eshop.com or any third party including but not limited to breach of any warranties, representations or undertakings or in relation to the non-fulfillment of any of your obligations under this User Agreement or arising out of the violation of any applicable laws, regulations including but not limited to Intellectual Property Rights, payment of statutory dues and taxes, claim of libel, defamation, violation of rights of privacy or publicity, loss of service by other subscribers and infringement of intellectual property or other rights. This clause shall survive the expiry or termination of this User Agreement.</p>\\r\\n<p>&nbsp;</p>\\r\\n<p>Termination This User Agreement is effective unless and until terminated by either you or eshop.com. You may terminate this User Agreement at any time, provided that you discontinue any further use of this Site. eshop.com may terminate this User Agreement at any time and may do so immediately without notice, and accordingly deny you access to the Site, Such termination will be without any liability to eshop.com. Upon any termination of the User Agreement by either you or eshop.com, you must promptly destroy all materials downloaded or otherwise obtained from this Site, as well as all copies of such materials, whether made under the User Agreement or otherwise. eshop.com\'s right to any Comments shall survive any termination of this User Agreement. Any such termination of the User Agreement shall not cancel your obligation to pay for the product already ordered from the Website or affect any liability that may have arisen under the User Agreement.</p>\"}', '2023-08-03 10:35:16', '2024-05-27 13:06:56');
INSERT INTO `settings` (`id`, `variable`, `value`, `created_at`, `updated_at`) VALUES
(12, 'return_policy', '{\"return_policy\":\"<p><span style=\\\"font-size: 16pt;\\\"><strong>Costumers ezeemart.eshopweb.store is a sole proprietary firm , Juridical rights of ezeemart.eshopweb.store are reserved with ezeemart</strong></span></p>\\r\\n<p>Personal Information ezeemart.eshopweb.store and the website ezeemart.eshopweb.store (&rdquo;The Site&rdquo;) . respects your privacy. This Privacy Policy succinctly provides the manner your data is collected and used by ezeemart.eshopweb.store. on the Site. As a visitor to the Site/ Customer you are advised to please read the Privacy Policy carefully.</p>\\r\\n<p>&nbsp;</p>\\r\\n<p>Services Overview As part of the registration process on the Site, ezeemart.eshopweb.store may collect the following personally identifiable information about you: Name including first and last name, alternate email address, mobile phone number and contact details, Postal code, GPS location, Demographic profile (like your age, gender, occupation, education, address etc.) and information about the pages on the site you visit/access, the links you click on the site, the number of times you access the page and any such browsing information.</p>\\r\\n<p>&nbsp;</p>\\r\\n<p>Eligibility Services of the Site would be available to only select geographies in India. Persons who are \\\"incompetent to contract\\\" within the meaning of the Indian Contract Act, 1872 including un-discharged insolvents etc. are not eligible to use the Site. If you are a minor i.e. under the age of 18 years but at least 13 years of age you may use the Site only under the supervision of a parent or legal guardian who agrees to be bound by these Terms of Use. If your age is below 18 years, your parents or legal guardians can transact on behalf of you if they are registered users. You are prohibited from purchasing any material which is for adult consumption and the sale of which to minors is prohibited.</p>\\r\\n<p>&nbsp;</p>\\r\\n<p>License &amp; Site Access ezeemart.eshopweb.store grants you a limited sub-license to access and make personal use of this site and not to download (other than page caching) or modify it, or any portion of it, except with express written consent of ezeemart.eshopweb.store. This license does not include any resale or commercial use of this site or its contents; any collection and use of any product listings, descriptions, or prices; any derivative use of this site or its contents; any downloading or copying of account information for the benefit of another merchant; or any use of data mining, robots, or similar data gathering and extraction tools. This site or any portion of this site may not be reproduced, duplicated, copied, sold, resold, visited or otherwise exploited for any commercial purpose without express written consent of ezeemart.eshopweb.store. You may not frame or utilize framing techniques to enclose any trademark, logo, or other proprietary information (including images, text, page layout, or form) of the Site or of ezeemart.eshopweb.store and its affiliates without express written consent. You may not use any meta tags or any other \\\"hidden text\\\" utilizing the Site&rsquo;s or ezeemart.eshopweb.store&rsquo;s name or ezeemart.eshopweb.store&rsquo;s name or trademarks without the express written consent of ezeemart.eshopweb.store. Any unauthorized use, terminates the permission or license granted by ezeemart.eshopweb.store</p>\\r\\n<p>&nbsp;</p>\\r\\n<p>Account &amp; Registration Obligations All shoppers have to register and login for placing orders on the Site. You have to keep your account and registration details current and correct for communications related to your purchases from the site. By agreeing to the terms and conditions, the shopper agrees to receive promotional communication and newsletters upon registration. The customer can opt out either by unsubscribing in \\\"My Account\\\" or by contacting the customer service.</p>\\r\\n<p>&nbsp;</p>\\r\\n<p>Pricing All the products listed on the Site will be sold at MRP unless otherwise specified. The prices mentioned at the time of ordering will be the prices charged on the date of the delivery. Although prices of most of the products do not fluctuate on a daily basis but some of the commodities and fresh food prices do change on a daily basis. In case the prices are higher or lower on the date of delivery not additional charges will be collected or refunded as the case may be at the time of the delivery of the order.</p>\\r\\n<p>&nbsp;</p>\\r\\n<p>Cancellation by Site / Customer You as a customer can cancel your order anytime up to the cut-off time of the slot for which you have placed an order by calling our customer service. In such a case we will Credit your wallet against any payments already made by you for the order. If we suspect any fraudulent transaction by any customer or any transaction which defies the terms &amp; conditions of using the website, we at our sole discretion could cancel such orders. We will maintain a negative list of all fraudulent transactions and customers and would deny access to them or cancel any orders placed by them.</p>\\r\\n<p>&nbsp;</p>\\r\\n<p>Return &amp; Refunds We have a \\\"no questions asked return policy\\\" which entitles all our Delivery Ambassadors to return the product at the time of delivery if due to any reason they are not satisfied with the quality or freshness of the product. We will take the returned product back with us and issue a credit note for the value of the return products which will be credited to your account on the Site. This can be used to pay your subsequent shopping bills. Refund will be processed through same online mode within 7 working days.</p>\\r\\n<p>&nbsp;</p>\\r\\n<p>&nbsp;</p>\\r\\n<p>Delivery &amp; Shipping Charge</p>\\r\\n<p>&nbsp;</p>\\r\\n<p>1.You can expect to receive your order depending on the delivery option you have chosen.</p>\\r\\n<p>&nbsp;</p>\\r\\n<p>2.You can order 24*7 in website &amp; mobile application , Our delivery timeings are between 06:00 AM - 02:00PM Same day delivery.</p>\\r\\n<p>&nbsp;</p>\\r\\n<p>3.You will get free shipping on order amount above Rs.150.</p>\\r\\n<p>You Agree and Confirm</p>\\r\\n<p>1. That in the event that a non-delivery occurs on account of a mistake by you (i.e. wrong name or address or any other wrong information) any extra cost incurred by ezeemart. for redelivery shall be claimed from you.</p>\\r\\n<p>2. That you will use the services provided by the Site, its affiliates, consultants and contracted companies, for lawful purposes only and comply with all applicable laws and regulations while using and transacting on the Site.</p>\\r\\n<p>3. You will provide authentic and true information in all instances where such information is requested you. ezeemart reserves the right to confirm and validate the information and other details provided by you at any point of time. If upon confirmation your details are found not to be true (wholly or partly), it has the right in its sole discretion to reject the registration and debar you from using the Services and / or other affiliated websites without prior intimation whatsoever.</p>\\r\\n<p>4. That you are accessing the services available on this Site and transacting at your sole risk and are using your best and prudent judgment before entering into any transaction through this Site.</p>\\r\\n<p>5. That the address at which delivery of the product ordered by you is to be made will be correct and proper in all respects.</p>\\r\\n<p>6. That before placing an order you will check the product description carefully. By placing an order for a product you agree to be bound by the conditions of sale included in the item\'s description.</p>\\r\\n<p>&nbsp;</p>\\r\\n<p>You may not use the Site for any of the following purposes:</p>\\r\\n<p>1. Disseminating any unlawful, harassing, libelous, abusive, threatening, harmful, vulgar, obscene, or otherwise objectionable material.</p>\\r\\n<p>2. Transmitting material that encourages conduct that constitutes a criminal offence or results in civil liability or otherwise breaches any relevant laws, regulations or code of practice.</p>\\r\\n<p>3. Gaining unauthorized access to other computer systems.</p>\\r\\n<p>4. Interfering with any other person\'s use or enjoyment of the Site.</p>\\r\\n<p>5. Breaching any applicable laws;</p>\\r\\n<p>6. Interfering or disrupting networks or web sites connected to the Site.</p>\\r\\n<p>7. Making, transmitting or storing electronic copies of materials protected by copyright without the permission of the owner.</p>\\r\\n<p>&nbsp;</p>\\r\\n<p>Colors we have made every effort to display the colors of our products that appear on the Website as accurately as possible. However, as the actual colors you see will depend on your monitor, we cannot guarantee that your monitor\'s display of any color will be accurate.</p>\\r\\n<p>&nbsp;</p>\\r\\n<p>Modification of Terms &amp; Conditions of Service ezeemart may at any time modify the Terms &amp; Conditions of Use of the Website without any prior notification to you. You can access the latest version of these Terms &amp; Conditions at any given time on the Site. You should regularly review the Terms &amp; Conditions on the Site. In the event the modified Terms &amp; Conditions is not acceptable to you, you should discontinue using the Service. However, if you continue to use the Service you shall be deemed to have agreed to accept and abide by the modified Terms &amp; Conditions of Use of this Site.</p>\\r\\n<p>&nbsp;</p>\\r\\n<p>Governing Law and Jurisdiction This User Agreement shall be construed in accordance with the applicable laws of India. The Courts at Faridabad shall have exclusive jurisdiction in any proceedings arising out of this agreement. Any dispute or difference either in interpretation or otherwise, of any terms of this User Agreement between the parties hereto, the same shall be referred to an independent arbitrator who will be appointed by ezeemart and his decision shall be final and binding on the parties hereto. The above arbitration shall be in accordance with the Arbitration and Conciliation Act, 1996 as amended from time to time. The arbitration shall be held in Nagpur. The High Court of judicature at Nagpur Bench of Mumbai High Court alone shall have the jurisdiction and the Laws of India shall apply.</p>\\r\\n<p>&nbsp;</p>\\r\\n<p>Reviews, Feedback, Submissions All reviews, comments, feedback, postcards, suggestions, ideas, and other submissions disclosed, submitted or offered to the Site on or by this Site or otherwise disclosed, submitted or offered in connection with your use of this Site (collectively, the \\\"Comments\\\") shall be and remain the property of ezeemart Such disclosure, submission or offer of any Comments shall constitute an assignment to ezeemart of all worldwide rights, titles and interests in all copyrights and other intellectual properties in the Comments. Thus, ezeemart owns exclusively all such rights, titles and interests and shall not be limited in any way in its use, commercial or otherwise, of any Comments. eshopwill be entitled to use, reproduce, disclose, modify, adapt, create derivative works from, publish, display and distribute any Comments you submit for any purpose whatsoever, without restriction and without compensating you in any way. ezeemart is and shall be under no obligation (1) to maintain any Comments in confidence; (2) to pay you any compensation for any Comments; or (3) to respond to any Comments. You agree that any Comments submitted by you to the Site will not violate this policy or any right of any third party, including copyright, trademark, privacy or other personal or proprietary right(s), and will not cause injury to any person or entity. You further agree that no Comments submitted by you to the Website will be or contain libelous or otherwise unlawful, threatening, abusive or obscene material, or contain software viruses, political campaigning, commercial solicitation, chain letters, mass mailings or any form of \\\"spam\\\". ezeemart does not regularly review posted Comments, but does reserve the right (but not the obligation) to monitor and edit or remove any Comments submitted to the Site. You grant eshopthe right to use the name that you submit in connection with any Comments. You agree not to use a false email address, impersonate any person or entity, or otherwise mislead as to the origin of any Comments you submit. You are and shall remain solely responsible for the content of any Comments you make and you agree to indemnify ezeemart and its affiliates for all claims resulting from any Comments you submit. ezeemart and its affiliates take no responsibility and assume no liability for any Comments submitted by you or any third party.</p>\\r\\n<p>&nbsp;</p>\\r\\n<p>Copyright &amp; Trademark ezeemart.eshopweb.store and ezeemart.eshopweb.store, its suppliers and licensors expressly reserve all intellectual property rights in all text, programs, products, processes, technology, content and other materials, which appear on this Site. Access to this Website does not confer and shall not be considered as conferring upon anyone any license under any of ezeemart.eshopweb.store or any third party\'s intellectual property rights. All rights, including copyright, in this website are owned by or licensed to ezeemart.eshopweb.store from ezeemart.eshopweb.store. Any use of this website or its contents, including copying or storing it or them in whole or part, other than for your own personal, non-commercial use is prohibited without the permission of ezeemart.eshopweb.store and/or ezeemart.eshopweb.store. You may not modify, distribute or re-post anything on this website for any purpose.The names and logos and all related product and service names, design marks and slogans are the trademarks or service marks of ezeemart.eshopweb.store, ezeemart.eshopweb.store, its affiliates, its partners or its suppliers. All other marks are the property of their respective companies. No trademark or service mark license is granted in connection with the materials contained on this Site. Access to this Site does not authorize anyone to use any name, logo or mark in any manner.References on this Site to any names, marks, products or services of third parties or hypertext links to third party sites or information are provided solely as a convenience to you and do not in any way constitute or imply ezeemart.eshopweb.store or ezeemart.eshopweb.store\'s endorsement, sponsorship or recommendation of the third party, information, product or service. ezeemart.eshopweb.store or ezeemart.eshopweb.store is not responsible for the content of any third party sites and does not make any representations regarding the content or accuracy of material on such sites. If you decide to link to any such third party websites, you do so entirely at your own risk. All materials, including images, text, illustrations, designs, icons, photographs, programs, music clips or downloads, video clips and written and other materials that are part of this Website (collectively, the \\\"Contents\\\") are intended solely for personal, non-commercial use. You may download or copy the Contents and other downloadable materials displayed on the Website for your personal use only. No right, title or interest in any downloaded materials or software is transferred to you as a result of any such downloading or copying. You may not reproduce (except as noted above), publish, transmit, distribute, display, modify, create derivative works from, sell or participate in any sale of or exploit in any way, in whole or in part, any of the Contents, the Website or any related software. All software used on this Website is the property of ezeemart.eshopweb.store or its licensees and suppliers and protected by Indian and international copyright laws. The Contents and software on this Website may be used only as a shopping resource. Any other use, including the reproduction, modification, distribution, transmission, republication, display, or performance, of the Contents on this Website is strictly prohibited. Unless otherwise noted, all Contents are copyrights, trademarks, trade dress and/or other intellectual property owned, controlled or licensed by ezeemart.eshopweb.store, one of its affiliates or by third parties who have licensed their materials to ezeemart.eshopweb.store and are protected by Indian and international copyright laws. The compilation (meaning the collection, arrangement, and assembly) of all Contents on this Website is the exclusive property of ezeemart.eshopweb.store and ezeemart.eshopweb.store and is also protected by Indian and international copyright laws.</p>\\r\\n<p>&nbsp;</p>\\r\\n<p>Objectionable Material You understand that by using this Site or any services provided on the Site, you may encounter Content that may be deemed by some to be offensive, indecent, or objectionable, which Content may or may not be identified as such. You agree to use the Site and any service at your sole risk and that to the fullest extent permitted under applicable law, ezeemart.eshopweb.store and/or ezeemart.eshopweb.store and its affiliates shall have no liability to you for Content that may be deemed offensive, indecent, or objectionable to you.</p>\\r\\n<p>&nbsp;</p>\\r\\n<p>Indemnity You agree to defend, indemnify and hold harmless ezeemart.eshopweb.store, ezeemart.eshopweb.store, its employees, directors, Coordinators, officers, agents, interns and their successors and assigns from and against any and all claims, liabilities, damages, losses, costs and expenses, including attorney\'s fees, caused by or arising out of claims based upon your actions or inactions, which may result in any loss or liability to ezeemart.eshopweb.store or ezeemart.eshopweb.store or any third party including but not limited to breach of any warranties, representations or undertakings or in relation to the non-fulfillment of any of your obligations under this User Agreement or arising out of the violation of any applicable laws, regulations including but not limited to Intellectual Property Rights, payment of statutory dues and taxes, claim of libel, defamation, violation of rights of privacy or publicity, loss of service by other subscribers and infringement of intellectual property or other rights. This clause shall survive the expiry or termination of this User Agreement.</p>\\r\\n<p>&nbsp;</p>\\r\\n<p>Termination This User Agreement is effective unless and until terminated by either you or ezeemart.eshopweb.store. You may terminate this User Agreement at any time, provided that you discontinue any further use of this Site. ezeemart.eshopweb.store may terminate this User Agreement at any time and may do so immediately without notice, and accordingly deny you access to the Site, Such termination will be without any liability to ezeemart.eshopweb.store. Upon any termination of the User Agreement by either you or ezeemart.eshopweb.store, you must promptly destroy all materials downloaded or otherwise obtained from this Site, as well as all copies of such materials, whether made under the User Agreement or otherwise. ezeemart.eshopweb.store\'s right to any Comments shall survive any termination of this User Agreement. Any such termination of the User Agreement shall not cancel your obligation to pay for the product already ordered from the Website or affect any liability that may have arisen under the User Agreement.</p>\"}', '2023-08-03 10:35:37', '2024-05-15 05:19:12'),
(13, 'admin_privacy_policy', '{\"admin_privacy_policy\":\"<h5 class=\\\"mb-3\\\">Admin Privacy Policy</h5>\\r\\n<h5 class=\\\"mb-3\\\">Admin Privacy Policy</h5>\\r\\n<h5 class=\\\"mb-3\\\">Admin Privacy Policy</h5>\"}', '2023-08-03 12:10:40', '2024-12-16 11:45:55'),
(14, 'admin_terms_and_conditions', '{\"admin_terms_and_conditions\":\"<h5 class=\\\"mb-3\\\">Admin Terms &amp; Conditions</h5>\\r\\n<h5 class=\\\"mb-3\\\">Admin Terms &amp; Conditions</h5>\\r\\n<h5 class=\\\"mb-3\\\">Admin Terms &amp; Conditions</h5>\"}', '2023-08-03 12:10:52', '2024-12-16 11:45:56'),
(15, 'seller_privacy_policy', '{\"seller_privacy_policy\":\"<h5 class=\\\"mb-3\\\">Seller Privacy Policy</h5>\\r\\n<h5 class=\\\"mb-3\\\">Seller Privacy Policy</h5>\\r\\n<h5 class=\\\"mb-3\\\">Seller Privacy Policy</h5>\"}', '2023-08-03 12:11:06', '2024-12-16 11:45:57'),
(16, 'seller_terms_and_conditions', '{\"seller_terms_and_conditions\":\"<h5 class=\\\"mb-3\\\">Seller Terms &amp; Conditions</h5>\\r\\n<h5 class=\\\"mb-3\\\">Seller Terms &amp; Conditions</h5>\\r\\n<h5 class=\\\"mb-3\\\">Seller Terms &amp; Conditions</h5>\"}', '2023-08-03 12:11:18', '2024-12-16 11:45:54'),
(17, 'delivery_boy_privacy_policy', '{\"delivery_boy_privacy_policy\":\"<h5 class=\\\"mb-0\\\">Delivery Boy Privacy Policy</h5>\\r\\n<h5 class=\\\"mb-0\\\">Delivery Boy Privacy Policy</h5>\\r\\n<h5 class=\\\"mb-0\\\">Delivery Boy Privacy Policy</h5>\\r\\n<h5 class=\\\"mb-0\\\">Delivery Boy Privacy Policy</h5>\\r\\n<h5 class=\\\"mb-0\\\">Delivery Boy Privacy Policy</h5>\\r\\n<h5 class=\\\"mb-0\\\">Delivery Boy Privacy Policy</h5>\\r\\n<h5 class=\\\"mb-0\\\">Delivery Boy Privacy Policy</h5>\\r\\n<h5 class=\\\"mb-0\\\">Delivery Boy Privacy Policy</h5>\"}', '2023-08-03 12:32:31', '2024-12-16 11:43:02'),
(18, 'delivery_boy_terms_and_conditions', '{\"delivery_boy_terms_and_conditions\":\"<h5 class=\\\"mb-0\\\">Delivery Boy Terms &amp; Conditions</h5>\\r\\n<h5 class=\\\"mb-0\\\">Delivery Boy Terms &amp; Conditions</h5>\\r\\n<h5 class=\\\"mb-0\\\">Delivery Boy Terms &amp; ConditionsDD</h5>\"}', '2023-08-03 12:32:43', '2024-12-16 11:43:46'),
(19, 'web_settings', '{\"site_title\":\"eShop\",\"support_number\":\"+91 98765 43210\",\"support_email\":\"support@ezeemart.com\",\"copyright_details\":\"Copyright \\u00a9 2024-2025, All Right Reserved <a href=\\\"https://wrteam.in/\\\">WRTeam</a>\",\"logo\":\"/media/web-logo-1735034121_4458.svg\",\"favicon\":\"/media/web-logo-1735034121_4458.svg\",\"address\":\"Time Square Empire, WRTeam , Mirzapar Highway , Bhuj , Kutch , Gujarat - 370001\",\"app_short_description\":\"FREE SHIPPING ON ALL ORDERS OVER $99 SHOP NOW\",\"map_iframe\":\"<iframe src=\\\"https://www.google.com/maps/embed?pb=!1m18!1m12!1m3!1d58652.60185263579!2d69.63381478835316!3d23.250814410717105!2m3!1f0!2f0!3f0!3m2!1i1024!2i768!4f13.1!3m3!1m2!1s0x3950e209000b6f17:0x7077f358af0774a6!2sBhuj, Gujarat!5e0!3m2!1sen!2sin!4v1614852897708!5m2!1sen!2sin\\\" width=\\\"600\\\" height=\\\"450\\\" style=\\\"border:0;\\\" allowfullscreen=\\\"\\\" loading=\\\"lazy\\\"></iframe>\",\"meta_keywords\":\"eShop\",\"meta_description\":\"eShop\",\"app_download_section\":0,\"app_download_section_title\":\"Download Our App\",\"app_download_section_tagline\":\"Download Our App\",\"app_download_section_short_description\":\"Download Our App\",\"app_download_section_playstore_url\":\"https://www.playstore.com\",\"app_download_section_appstore_url\":\"https://www.appstore.com\",\"twitter_link\":\"https://www.twitter.com\",\"facebook_link\":\"https://www.facebook.com\",\"instagram_link\":\"https://www.instagram.com\",\"youtube_link\":\"https://www.youtube.com\",\"shipping_mode\":0,\"shipping_title\":\"Pickup At Any Store\",\"shipping_description\":\"Free shipping on orders over $65\",\"return_mode\":0,\"return_title\":\"Free Returns\",\"return_description\":\"30-days free return policy\",\"support_mode\":0,\"support_title\":\"Call us any time\",\"support_description\":\"Contact us 24/7 hours a day\",\"safety_security_mode\":0,\"safety_security_title\":\"Secured Payment\",\"safety_security_description\":\"We accept all major credit cards\"}', '2023-08-07 07:01:37', '2025-02-25 08:26:44'),
(21, 'exchange_rate_app_id', '{\"exchange_rate_app_id\":\"\"}', '2023-08-17 10:40:24', '2025-01-10 10:35:21'),
(20, 'firebase_settings', '{\"apiKey\":\"AIzaSyDVk8kCeQwuyJ2Xv89V4BGPp_wqM09YJhw\",\"authDomain\":\"eshop-8c86d.firebaseapp.com\",\"databaseURL\":\"https://eshop-8c86d-default-rtdb.europe-west1.firebasedatabase.app/\",\"projectId\":\"eshop-8c86d\",\"storageBucket\":\"eshop-8c86d.firebasestorage.app\",\"messagingSenderId\":\"59427557741\",\"appId\":\"1:59427557741:web:c281f17c5754d8fef4ca64\",\"measurementId\":\"retreg35\",\"google_client_id\":\"59427557741-u6aafjf3cn989c26r1jmpjp7jgp1nl83.apps.googleusercontent.com\",\"google_client_secret\":\"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\",\"google_redirect_url\":\"https://eshop.shiftcms.net/auth/google/callback\",\"facebook_client_id\":null,\"facebook_client_secret\":null,\"facebook_redirect_url\":null}', '2023-08-09 04:45:42', '2025-02-21 12:15:20'),
(25, 'sms_gateway_settings', '', '2024-04-26 05:57:58', '2025-01-10 10:36:35'),
(23, 'pusher_settings', '{\"pusher_app_cluster\":\"eu\",\"pusher_scheme\":\"https\",\"pusher_port\":\"443\",\"pusher_app_secret\":\"347f1d46561b197c5d00\",\"pusher_app_key\":\"17b7768ad6534e973182\",\"pusher_app_id\":\"1945334\",\"pusher_channel_name\":\"private-mucho-thorns-104\"}', '2024-04-22 08:20:24', '2025-03-04 18:50:05'),
(26, 'firebase_project_id', 'eshop-8c86d', '2024-08-28 07:16:14', '2025-03-30 07:54:38'),
(27, 'service_account_file', 'eshop-8c86d-aff6546e4ff8.json', '2024-08-28 07:16:14', '2025-03-30 07:54:38'),
(28, 'doctor_brown', '{\"code_bravo\": \"0b1ce95b-a873-45c9-95f9-0b7c869f3b62\",\"time_check\": \"53350fe0b858dbe78930924fdf47f72c430ad9e95af89a8d7eead51402d084d8\",\"code_adam\": \"vakhtang\",\"dr_firestone\": \"56605998\"}', '2025-02-20 09:37:30', '2025-02-20 09:37:30');

-- --------------------------------------------------------

--
-- Структура таблиці `sliders`
--

CREATE TABLE `sliders` (
  `id` int(11) NOT NULL,
  `store_id` int(11) DEFAULT NULL,
  `type` varchar(16) COLLATE utf8mb4_unicode_ci NOT NULL,
  `type_id` int(11) DEFAULT '0',
  `link` varchar(512) COLLATE utf8mb4_unicode_ci DEFAULT 'NULL',
  `image` varchar(256) COLLATE utf8mb4_unicode_ci NOT NULL,
  `created_at` timestamp NOT NULL DEFAULT CURRENT_TIMESTAMP,
  `updated_at` timestamp NOT NULL DEFAULT CURRENT_TIMESTAMP ON UPDATE CURRENT_TIMESTAMP
) ENGINE=MyISAM DEFAULT CHARSET=utf8mb4 COLLATE=utf8mb4_unicode_ci;

--
-- Дамп даних таблиці `sliders`
--

INSERT INTO `sliders` (`id`, `store_id`, `type`, `type_id`, `link`, `image`, `created_at`, `updated_at`) VALUES
(6, 2, 'default', 0, '', '/media/main-banner-1745327397_8718.png', '2025-04-22 10:10:10', '2025-04-22 10:10:10'),
(7, 2, 'categories', 3, '', '/media/main-banner-2-1745327397_7814.png', '2025-04-22 10:11:09', '2025-04-22 11:45:34');

-- --------------------------------------------------------

--
-- Структура таблиці `storage_types`
--

CREATE TABLE `storage_types` (
  `id` int(11) NOT NULL,
  `name` varchar(256) DEFAULT NULL,
  `is_default` tinyint(4) NOT NULL DEFAULT '0',
  `created_at` datetime NOT NULL DEFAULT CURRENT_TIMESTAMP,
  `updated_at` datetime NOT NULL DEFAULT CURRENT_TIMESTAMP ON UPDATE CURRENT_TIMESTAMP
) ENGINE=InnoDB DEFAULT CHARSET=utf8mb4;

--
-- Дамп даних таблиці `storage_types`
--

INSERT INTO `storage_types` (`id`, `name`, `is_default`, `created_at`, `updated_at`) VALUES
(1, 'public', 1, '2025-01-10 10:46:12', '2025-05-10 12:58:42');

-- --------------------------------------------------------

--
-- Структура таблиці `stores`
--

CREATE TABLE `stores` (
  `id` int(11) NOT NULL,
  `name` varchar(256) DEFAULT NULL,
  `slug` varchar(256) NOT NULL,
  `description` varchar(2048) DEFAULT NULL,
  `image` varchar(256) DEFAULT NULL,
  `banner_image` varchar(256) DEFAULT NULL,
  `banner_image_for_most_selling_product` varchar(256) DEFAULT NULL,
  `stack_image` varchar(256) DEFAULT NULL,
  `login_image` varchar(256) DEFAULT NULL,
  `half_store_logo` varchar(256) DEFAULT NULL,
  `disk` varchar(256) NOT NULL,
  `is_single_seller_order_system` tinyint(4) NOT NULL DEFAULT '0',
  `is_default_store` tinyint(4) DEFAULT NULL,
  `note_for_necessary_documents` varchar(2048) DEFAULT NULL,
  `primary_color` varchar(256) DEFAULT NULL,
  `secondary_color` varchar(256) DEFAULT NULL,
  `store_settings` varchar(1028) DEFAULT NULL,
  `hover_color` varchar(256) DEFAULT NULL,
  `active_color` varchar(256) DEFAULT NULL,
  `background_color` varchar(256) NOT NULL,
  `status` int(11) DEFAULT NULL,
  `rating` double NOT NULL DEFAULT '0',
  `no_of_ratings` int(11) NOT NULL DEFAULT '0',
  `delivery_charge_type` varchar(256) NOT NULL,
  `delivery_charge_amount` int(11) NOT NULL DEFAULT '0',
  `minimum_free_delivery_amount` int(11) NOT NULL DEFAULT '0',
  `product_deliverability_type` varchar(256) NOT NULL,
  `created_at` datetime NOT NULL DEFAULT CURRENT_TIMESTAMP,
  `updated_at` datetime NOT NULL DEFAULT CURRENT_TIMESTAMP ON UPDATE CURRENT_TIMESTAMP
) ENGINE=InnoDB DEFAULT CHARSET=utf8mb4;

--
-- Дамп даних таблиці `stores`
--

INSERT INTO `stores` (`id`, `name`, `slug`, `description`, `image`, `banner_image`, `banner_image_for_most_selling_product`, `stack_image`, `login_image`, `half_store_logo`, `disk`, `is_single_seller_order_system`, `is_default_store`, `note_for_necessary_documents`, `primary_color`, `secondary_color`, `store_settings`, `hover_color`, `active_color`, `background_color`, `status`, `rating`, `no_of_ratings`, `delivery_charge_type`, `delivery_charge_amount`, `minimum_free_delivery_amount`, `product_deliverability_type`, `created_at`, `updated_at`) VALUES
(2, 'ALNY Store', 'alny-store', 'All kinds products', '/image-1741257671_2420.webp', '/headphones-banner-1745307593_5573.png', '/headphones-banner-1745307911_3016.png', '/e2-image-1741257671_5036.jpg', '/e1-image-1741257671_7009.jpg', '/alny-logo-1745307249_1930.png', 'public', 0, 1, '', '#2a3029', '#7ebb44', '{\"store_style\":\"header_style_1\",\"product_style\":\"style_1\",\"category_section_title\":\"Categories\",\"category_style\":\"category_style_1\",\"category_card_style\":\"category_card_style_1\",\"brand_style\":\"brands_style_2\",\"offer_slider_style\":\"slider_style_1\"}', '#fc7b03', '#fc7b03', '#ffffff', 1, 0, 0, 'global_delivery_charge', 10, 0, 'city_wise_deliverability', '2025-03-06 10:41:11', '2025-04-23 06:19:07');

-- --------------------------------------------------------

--
-- Структура таблиці `system_notification`
--

CREATE TABLE `system_notification` (
  `id` int(11) NOT NULL,
  `title` varchar(256) DEFAULT NULL,
  `message` varchar(20) DEFAULT NULL,
  `type` varchar(256) DEFAULT NULL,
  `type_id` int(11) DEFAULT '0',
  `read_by` tinyint(4) NOT NULL DEFAULT '0',
  `date_sent` timestamp NOT NULL DEFAULT CURRENT_TIMESTAMP
) ENGINE=InnoDB DEFAULT CHARSET=utf8;

-- --------------------------------------------------------

--
-- Структура таблиці `taxes`
--

CREATE TABLE `taxes` (
  `id` int(11) NOT NULL,
  `title` mediumtext COLLATE utf8mb4_unicode_ci,
  `percentage` mediumtext COLLATE utf8mb4_unicode_ci NOT NULL,
  `status` tinyint(2) NOT NULL DEFAULT '1',
  `created_at` timestamp NOT NULL DEFAULT CURRENT_TIMESTAMP,
  `updated_at` timestamp NOT NULL DEFAULT CURRENT_TIMESTAMP ON UPDATE CURRENT_TIMESTAMP
) ENGINE=InnoDB DEFAULT CHARSET=utf8mb4 COLLATE=utf8mb4_unicode_ci;

-- --------------------------------------------------------

--
-- Структура таблиці `themes`
--

CREATE TABLE `themes` (
  `id` int(11) NOT NULL,
  `name` varchar(32) COLLATE utf8mb4_unicode_ci NOT NULL,
  `slug` varchar(32) COLLATE utf8mb4_unicode_ci NOT NULL,
  `image` varchar(512) COLLATE utf8mb4_unicode_ci DEFAULT NULL,
  `is_default` tinyint(4) NOT NULL DEFAULT '0',
  `status` tinyint(4) NOT NULL DEFAULT '0',
  `created_on` timestamp NOT NULL DEFAULT CURRENT_TIMESTAMP
) ENGINE=InnoDB DEFAULT CHARSET=utf8mb4 COLLATE=utf8mb4_unicode_ci;

--
-- Дамп даних таблиці `themes`
--

INSERT INTO `themes` (`id`, `name`, `slug`, `image`, `is_default`, `status`, `created_on`) VALUES
(1, 'Classic', 'classic', 'classic.jpg', 1, 0, '2021-02-11 05:18:42');

-- --------------------------------------------------------

--
-- Структура таблиці `tickets`
--

CREATE TABLE `tickets` (
  `id` int(11) NOT NULL,
  `ticket_type_id` int(11) DEFAULT NULL,
  `user_id` int(11) DEFAULT NULL,
  `subject` text CHARACTER SET utf8mb4,
  `email` text CHARACTER SET utf8mb4,
  `description` text CHARACTER SET utf8mb4,
  `status` tinyint(4) DEFAULT '0',
  `created_at` timestamp NOT NULL DEFAULT CURRENT_TIMESTAMP,
  `updated_at` timestamp NOT NULL DEFAULT CURRENT_TIMESTAMP
) ENGINE=InnoDB DEFAULT CHARSET=utf8mb4 COLLATE=utf8mb4_unicode_ci;

--
-- Дамп даних таблиці `tickets`
--

INSERT INTO `tickets` (`id`, `ticket_type_id`, `user_id`, `subject`, `email`, `description`, `status`, `created_at`, `updated_at`) VALUES
(1, 30, 413, 'Test ticket', 'demchukv@gmail.com', 'I have problem. Please, help me.', 2, '2025-05-02 04:35:05', '2025-05-02 04:35:55'),
(2, 30, 428, 'asdfsdfdfs', 'demchukv@gmail.com', 'sadff adsfdas fsad f', 2, '2025-05-02 11:17:52', '2025-05-02 11:19:17'),
(3, 30, 433, 'asdfsdfdfs', 'volodya2@yahoo.com', 'sadff adsfdas fsad f', 2, '2025-05-03 08:48:16', '2025-05-03 08:49:23');

-- --------------------------------------------------------

--
-- Структура таблиці `ticket_messages`
--

CREATE TABLE `ticket_messages` (
  `id` int(11) NOT NULL,
  `user_type` text CHARACTER SET utf8mb4,
  `user_id` int(11) DEFAULT NULL,
  `ticket_id` int(11) DEFAULT NULL,
  `message` text CHARACTER SET utf8mb4,
  `attachments` text CHARACTER SET utf8mb4,
  `created_at` timestamp NOT NULL DEFAULT CURRENT_TIMESTAMP,
  `updated_at` timestamp NOT NULL DEFAULT CURRENT_TIMESTAMP ON UPDATE CURRENT_TIMESTAMP
) ENGINE=InnoDB DEFAULT CHARSET=utf8mb4 COLLATE=utf8mb4_unicode_ci;

-- --------------------------------------------------------

--
-- Структура таблиці `ticket_types`
--

CREATE TABLE `ticket_types` (
  `id` int(11) NOT NULL,
  `title` text COLLATE utf8mb4_unicode_ci,
  `created_at` timestamp NOT NULL DEFAULT CURRENT_TIMESTAMP ON UPDATE CURRENT_TIMESTAMP,
  `updated_at` timestamp NOT NULL DEFAULT CURRENT_TIMESTAMP ON UPDATE CURRENT_TIMESTAMP
) ENGINE=InnoDB DEFAULT CHARSET=utf8mb4 COLLATE=utf8mb4_unicode_ci;

-- --------------------------------------------------------

--
-- Структура таблиці `time_slots`
--

CREATE TABLE `time_slots` (
  `id` int(11) NOT NULL,
  `title` varchar(256) COLLATE utf8mb4_unicode_ci NOT NULL,
  `from_time` time NOT NULL,
  `to_time` time NOT NULL,
  `last_order_time` time NOT NULL,
  `status` tinyint(4) NOT NULL,
  `created_at` datetime NOT NULL DEFAULT CURRENT_TIMESTAMP,
  `updated_at` datetime NOT NULL DEFAULT CURRENT_TIMESTAMP ON UPDATE CURRENT_TIMESTAMP
) ENGINE=MyISAM DEFAULT CHARSET=utf8mb4 COLLATE=utf8mb4_unicode_ci;

--
-- Дамп даних таблиці `time_slots`
--

INSERT INTO `time_slots` (`id`, `title`, `from_time`, `to_time`, `last_order_time`, `status`, `created_at`, `updated_at`) VALUES
(1, 'morning 8am to 12pm', '08:00:00', '12:00:00', '12:00:00', 1, '2024-03-30 04:10:06', '2024-04-22 08:33:58'),
(2, 'morning 9am to 12pm', '14:56:00', '14:57:00', '14:57:00', 1, '2024-04-22 08:26:51', '2024-04-22 08:26:51');

-- --------------------------------------------------------

--
-- Структура таблиці `transactions`
--

CREATE TABLE `transactions` (
  `id` int(11) NOT NULL,
  `transaction_type` varchar(16) COLLATE utf8mb4_unicode_ci NOT NULL,
  `user_id` int(11) NOT NULL,
  `order_id` varchar(128) COLLATE utf8mb4_unicode_ci DEFAULT NULL,
  `order_item_id` int(11) DEFAULT NULL,
  `type` varchar(64) COLLATE utf8mb4_unicode_ci DEFAULT NULL,
  `txn_id` varchar(256) COLLATE utf8mb4_unicode_ci DEFAULT NULL,
  `payu_txn_id` varchar(512) COLLATE utf8mb4_unicode_ci DEFAULT NULL,
  `amount` double NOT NULL,
  `fee` double NOT NULL DEFAULT '0',
  `status` varchar(12) COLLATE utf8mb4_unicode_ci DEFAULT NULL,
  `currency_code` varchar(5) COLLATE utf8mb4_unicode_ci DEFAULT NULL,
  `payer_email` varchar(64) COLLATE utf8mb4_unicode_ci DEFAULT NULL,
  `message` varchar(128) COLLATE utf8mb4_unicode_ci NOT NULL,
  `transaction_date` timestamp NULL DEFAULT CURRENT_TIMESTAMP,
  `is_refund` tinyint(4) DEFAULT '0',
  `refund_amount` decimal(10,2) NOT NULL DEFAULT '0.00',
  `refund_status` varchar(255) COLLATE utf8mb4_unicode_ci DEFAULT NULL,
  `refund_id` varchar(255) COLLATE utf8mb4_unicode_ci DEFAULT NULL,
  `created_at` timestamp NOT NULL DEFAULT CURRENT_TIMESTAMP,
  `updated_at` timestamp NOT NULL DEFAULT CURRENT_TIMESTAMP
) ENGINE=InnoDB DEFAULT CHARSET=utf8mb4 COLLATE=utf8mb4_unicode_ci;

--
-- Дамп даних таблиці `transactions`
--

INSERT INTO `transactions` (`id`, `transaction_type`, `user_id`, `order_id`, `order_item_id`, `type`, `txn_id`, `payu_txn_id`, `amount`, `fee`, `status`, `currency_code`, `payer_email`, `message`, `transaction_date`, `is_refund`, `refund_amount`, `refund_status`, `refund_id`, `created_at`, `updated_at`) VALUES
(1, 'wallet', 413, '74', 0, 'debit', 'WALLET-1745227103', NULL, 140, 0, 'success', NULL, NULL, 'Used against Order Placement', '2025-04-21 09:18:23', 0, 0.00, NULL, NULL, '2025-04-21 06:18:23', '2025-04-21 06:18:23'),
(2, 'transaction', 413, '74', NULL, 'wallet', 'WALLET-74-1745227104', NULL, 140, 0, 'success', NULL, NULL, 'Paid with wallet', '2025-04-21 06:18:24', 0, 0.00, NULL, NULL, '2025-04-21 06:18:24', '2025-04-21 06:18:24'),
(3, 'wallet', 413, '75', 0, 'debit', 'WALLET-1745231216', NULL, 100, 0, 'success', NULL, NULL, 'Used against Order Placement', '2025-04-21 10:26:56', 0, 0.00, NULL, NULL, '2025-04-21 07:26:56', '2025-04-21 07:26:56'),
(4, 'transaction', 413, '75', NULL, 'wallet', 'WALLET-75-1745231217', NULL, 100, 0, 'success', NULL, NULL, 'Paid with wallet', '2025-04-21 07:26:57', 0, 0.00, NULL, NULL, '2025-04-21 07:26:57', '2025-04-21 07:26:57'),
(5, 'wallet', 413, '', 3, 'credit', 'WALLET-1745231642', NULL, 100, 0, 'success', NULL, NULL, 'Refund Amount Credited for Order Item ID  : 3', '2025-04-21 10:34:02', 0, 0.00, NULL, NULL, '2025-04-21 07:34:02', '2025-04-21 07:34:02'),
(6, 'transaction', 413, '76', NULL, 'stripe', 'pi_3RGIJPPZOOv7SC5x1zY85C9Y', NULL, 90, 3, 'success', NULL, NULL, 'Payment Successfully', '2025-04-21 08:14:58', 1, 93.00, 'succeeded', 're_3RGIJPPZOOv7SC5x1SCcJHRQ', '2025-04-21 08:14:58', '2025-04-21 08:19:03'),
(7, 'wallet', 413, '77', 0, 'debit', 'WALLET-1745235500', NULL, 100, 0, 'success', NULL, NULL, 'Used against Order Placement', '2025-04-21 11:38:20', 0, 0.00, NULL, NULL, '2025-04-21 08:38:20', '2025-04-21 08:38:20'),
(8, 'transaction', 413, '77', NULL, 'wallet', 'WALLET-77-1745235500', NULL, 100, 0, 'success', NULL, NULL, 'Paid with wallet', '2025-04-21 08:38:20', 0, 0.00, NULL, NULL, '2025-04-21 08:38:20', '2025-04-21 08:38:20'),
(9, 'wallet', 413, '', 5, 'credit', 'WALLET-1745239962', NULL, 100, 0, 'success', NULL, NULL, 'Refund Amount Credited for Order Item ID  : 5', '2025-04-21 12:52:42', 0, 0.00, NULL, NULL, '2025-04-21 09:52:42', '2025-04-21 09:52:42'),
(10, 'wallet', 413, '78', 0, 'debit', 'WALLET-1746099504', NULL, 340, 0, 'success', NULL, NULL, 'Used against Order Placement', '2025-05-01 11:38:24', 0, 0.00, NULL, NULL, '2025-05-01 08:38:24', '2025-05-01 08:38:24'),
(11, 'transaction', 413, '78', NULL, 'wallet', 'WALLET-78-1746099504', NULL, 340, 0, 'success', NULL, NULL, 'Paid with wallet', '2025-05-01 08:38:24', 0, 0.00, NULL, NULL, '2025-05-01 08:38:24', '2025-05-01 08:38:24'),
(12, 'wallet', 413, '', 8, 'credit', 'WALLET-1746099582', NULL, 50, 0, 'success', NULL, NULL, 'Refund Amount Credited for Order Item ID  : 8', '2025-05-01 11:39:42', 0, 0.00, NULL, NULL, '2025-05-01 08:39:42', '2025-05-01 08:39:42'),
(16, 'transaction', 435, '82', NULL, 'stripe', 'pi_3RMA6ZPZOOv7SC5x1DvVbLpg', NULL, 800, 24.2, 'success', NULL, NULL, 'Payment Successfully', '2025-05-07 12:41:59', 0, 0.00, NULL, NULL, '2025-05-07 12:41:59', '2025-05-07 12:41:59'),
(17, 'transaction', 435, '83', NULL, 'stripe', 'pi_3RMRL0PZOOv7SC5x1WH5zgO8', NULL, 800, 24.2, 'success', NULL, NULL, 'Payment Successfully', '2025-05-08 07:06:02', 0, 0.00, NULL, NULL, '2025-05-08 07:06:02', '2025-05-08 07:06:02'),
(18, 'transaction', 435, '84', NULL, 'stripe', 'pi_3RNrkKPZOOv7SC5x0hNRh46w', NULL, 330, 10.16, 'success', NULL, NULL, 'Payment Successfully', '2025-05-12 05:30:04', 0, 0.00, NULL, NULL, '2025-05-12 05:30:04', '2025-05-12 05:30:04'),
(19, 'wallet', 435, '', 16, 'credit', 'WALLET-1747139220', NULL, 800, 0, 'success', NULL, NULL, 'Refund Amount Credited for Order Item ID  : 16', '2025-05-13 12:27:00', 0, 0.00, NULL, NULL, '2025-05-13 09:27:00', '2025-05-13 09:27:00'),
(20, 'transaction', 435, '85', NULL, 'stripe', 'pi_3ROgR6PZOOv7SC5x0EHe3WGX', NULL, 190, 5.98, 'success', NULL, NULL, 'Payment Successfully', '2025-05-14 11:37:35', 0, 0.00, NULL, NULL, '2025-05-14 11:37:35', '2025-05-14 11:37:35');

-- --------------------------------------------------------

--
-- Структура таблиці `updates`
--

CREATE TABLE `updates` (
  `id` int(11) NOT NULL,
  `version` varchar(32) COLLATE utf8mb4_unicode_ci NOT NULL,
  `created_at` datetime NOT NULL,
  `updated_at` datetime NOT NULL
) ENGINE=InnoDB DEFAULT CHARSET=utf8mb4 COLLATE=utf8mb4_unicode_ci;

--
-- Дамп даних таблиці `updates`
--

INSERT INTO `updates` (`id`, `version`, `created_at`, `updated_at`) VALUES
(36, '1.0.0', '2024-06-06 06:38:08', '2024-06-06 06:38:08');

-- --------------------------------------------------------

--
-- Структура таблиці `users`
--

CREATE TABLE `users` (
  `id` int(11) NOT NULL,
  `role_id` int(11) DEFAULT NULL,
  `ip_address` varchar(45) COLLATE utf8mb4_unicode_ci DEFAULT NULL,
  `username` varchar(100) COLLATE utf8mb4_unicode_ci NOT NULL,
  `password` varchar(255) COLLATE utf8mb4_unicode_ci NOT NULL,
  `email` varchar(254) COLLATE utf8mb4_unicode_ci DEFAULT NULL,
  `mobile` varchar(20) COLLATE utf8mb4_unicode_ci DEFAULT NULL,
  `image` text COLLATE utf8mb4_unicode_ci,
  `disk` varchar(256) COLLATE utf8mb4_unicode_ci NOT NULL,
  `balance` double DEFAULT '0',
  `activation_selector` varchar(255) COLLATE utf8mb4_unicode_ci DEFAULT NULL,
  `activation_code` varchar(255) COLLATE utf8mb4_unicode_ci DEFAULT NULL,
  `forgotten_password_selector` varchar(255) COLLATE utf8mb4_unicode_ci DEFAULT NULL,
  `forgotten_password_code` varchar(255) COLLATE utf8mb4_unicode_ci DEFAULT NULL,
  `forgotten_password_time` int(11) DEFAULT NULL,
  `remember_selector` varchar(255) COLLATE utf8mb4_unicode_ci DEFAULT NULL,
  `remember_token` varchar(255) COLLATE utf8mb4_unicode_ci DEFAULT NULL,
  `created_on` int(11) UNSIGNED DEFAULT NULL,
  `last_login` int(11) UNSIGNED DEFAULT NULL,
  `active` tinyint(1) UNSIGNED DEFAULT NULL,
  `company` varchar(100) COLLATE utf8mb4_unicode_ci DEFAULT NULL,
  `address` varchar(255) COLLATE utf8mb4_unicode_ci DEFAULT NULL,
  `bonus_type` varchar(30) COLLATE utf8mb4_unicode_ci DEFAULT 'percentage_per_order_item',
  `bonus` int(11) DEFAULT NULL,
  `cash_received` double(15,2) NOT NULL DEFAULT '0.00',
  `dob` varchar(16) COLLATE utf8mb4_unicode_ci DEFAULT NULL,
  `country_code` int(11) DEFAULT NULL,
  `city` text COLLATE utf8mb4_unicode_ci,
  `area` text COLLATE utf8mb4_unicode_ci,
  `street` text COLLATE utf8mb4_unicode_ci,
  `pincode` varchar(32) COLLATE utf8mb4_unicode_ci DEFAULT NULL,
  `serviceable_zipcodes` varchar(256) COLLATE utf8mb4_unicode_ci DEFAULT NULL,
  `serviceable_cities` varchar(256) COLLATE utf8mb4_unicode_ci NOT NULL,
  `serviceable_zones` varchar(256) COLLATE utf8mb4_unicode_ci DEFAULT NULL,
  `apikey` varchar(32) COLLATE utf8mb4_unicode_ci DEFAULT NULL,
  `referral_code` varchar(32) COLLATE utf8mb4_unicode_ci DEFAULT NULL,
  `friends_code` varchar(28) COLLATE utf8mb4_unicode_ci DEFAULT NULL,
  `fcm_id` text COLLATE utf8mb4_unicode_ci,
  `latitude` varchar(64) COLLATE utf8mb4_unicode_ci DEFAULT NULL,
  `longitude` varchar(64) COLLATE utf8mb4_unicode_ci DEFAULT NULL,
  `type` varchar(1024) COLLATE utf8mb4_unicode_ci NOT NULL DEFAULT 'phone',
  `front_licence_image` varchar(1024) COLLATE utf8mb4_unicode_ci DEFAULT NULL,
  `back_licence_image` varchar(1028) COLLATE utf8mb4_unicode_ci DEFAULT NULL,
  `status` tinyint(4) NOT NULL DEFAULT '0',
  `is_notification_on` int(11) NOT NULL DEFAULT '1',
  `created_at` timestamp NOT NULL DEFAULT CURRENT_TIMESTAMP,
  `updated_at` datetime NOT NULL DEFAULT CURRENT_TIMESTAMP ON UPDATE CURRENT_TIMESTAMP,
  `active_status` tinyint(1) NOT NULL DEFAULT '0',
  `avatar` varchar(255) COLLATE utf8mb4_unicode_ci NOT NULL DEFAULT 'avatar.png',
  `dark_mode` tinyint(1) NOT NULL DEFAULT '0',
  `messenger_color` varchar(255) COLLATE utf8mb4_unicode_ci DEFAULT NULL,
  `first_name` varchar(255) COLLATE utf8mb4_unicode_ci NOT NULL,
  `last_name` varchar(255) COLLATE utf8mb4_unicode_ci NOT NULL,
  `telegram_id` varchar(15) COLLATE utf8mb4_unicode_ci NOT NULL,
  `telegram_username` varchar(255) COLLATE utf8mb4_unicode_ci NOT NULL,
  `birthdate` date DEFAULT NULL
) ENGINE=InnoDB DEFAULT CHARSET=utf8mb4 COLLATE=utf8mb4_unicode_ci;

--
-- Дамп даних таблиці `users`
--

INSERT INTO `users` (`id`, `role_id`, `ip_address`, `username`, `password`, `email`, `mobile`, `image`, `disk`, `balance`, `activation_selector`, `activation_code`, `forgotten_password_selector`, `forgotten_password_code`, `forgotten_password_time`, `remember_selector`, `remember_token`, `created_on`, `last_login`, `active`, `company`, `address`, `bonus_type`, `bonus`, `cash_received`, `dob`, `country_code`, `city`, `area`, `street`, `pincode`, `serviceable_zipcodes`, `serviceable_cities`, `serviceable_zones`, `apikey`, `referral_code`, `friends_code`, `fcm_id`, `latitude`, `longitude`, `type`, `front_licence_image`, `back_licence_image`, `status`, `is_notification_on`, `created_at`, `updated_at`, `active_status`, `avatar`, `dark_mode`, `messenger_color`, `first_name`, `last_name`, `telegram_id`, `telegram_username`, `birthdate`) VALUES
(1, 1, NULL, 'admin', '$2y$12$OyVep4C3a3xfjC/5365CO.SDyJlMYTSBlnk3VgXeAGP0dqgaUEs7m', 'admin@gmail.com', '9876543210', NULL, '', 0, NULL, NULL, NULL, NULL, NULL, NULL, NULL, NULL, NULL, 1, NULL, NULL, 'percentage_per_order_item', NULL, 0.00, NULL, NULL, NULL, NULL, NULL, NULL, NULL, '', NULL, NULL, NULL, NULL, NULL, NULL, NULL, 'phone', NULL, NULL, 0, 1, '2025-01-10 04:06:55', '2025-01-10 10:28:59', 0, 'avatar.png', 0, NULL, '', '', '0', '', NULL),
(402, 1, NULL, 'super', '$2y$10$5M./nl.rG3eS34J/uwsnZ.NKu01LizjqQKWe0XArtGLLgZyMAj9jO', 'demchukv@gmail.com', '0963926935', '/cat-1740038499_1102.jpg', 'public', 0, NULL, NULL, NULL, NULL, NULL, NULL, NULL, NULL, NULL, 1, NULL, NULL, 'percentage_per_order_item', NULL, 0.00, NULL, NULL, NULL, NULL, NULL, NULL, NULL, '', NULL, NULL, 'VYnP7s3kuyEh', NULL, NULL, NULL, NULL, 'phone', NULL, NULL, 0, 1, '2025-02-20 07:18:48', '2025-05-07 15:44:49', 1, 'avatar.png', 0, NULL, '', '', '0', '', NULL),
(413, 8, NULL, 'demchukv', '$2y$10$YX7UWj/HxOIVagtWfKkHBeXZ3ew4XvH3jADgXArJbqIkANhMBIP6K', 'demchukv@windowslive.com', '963926935', 'user_image/8iws0gg6ZC8WmvaPI1astmhowr6qAp0dkXx4GmrU.jpg', '', 270, NULL, NULL, NULL, NULL, NULL, NULL, NULL, NULL, NULL, NULL, NULL, NULL, 'percentage_per_order_item', NULL, 0.00, NULL, 380, 'Lviv', NULL, 'Vernadsky str., 32', '79000', NULL, '', NULL, NULL, 'jTbZcukEwLjf', NULL, NULL, NULL, NULL, 'phone', NULL, NULL, 0, 1, '2025-02-24 09:18:32', '2025-05-02 09:09:43', 0, 'avatar.png', 0, NULL, 'Володимир', 'Демчук', '395113944', 'demchukv', NULL),
(416, 4, NULL, 'John Doe', '$2y$10$59G85N8ZLjAsYNr8Q1tvDedII/odzVqgL0p3X1uMtqLCH7gF0rmuO', 'johndoe@gmail.com', '8787878787', '', '', 0, NULL, NULL, NULL, NULL, NULL, NULL, NULL, NULL, NULL, 1, NULL, 'bhuj', 'percentage_per_order_item', NULL, 0.00, NULL, NULL, NULL, NULL, NULL, NULL, NULL, '', NULL, NULL, NULL, NULL, NULL, NULL, NULL, 'phone', NULL, NULL, 0, 1, '2025-03-06 09:01:24', '2025-05-03 11:37:22', 1, 'avatar.png', 0, NULL, '', '', '0', '', NULL),
(419, 4, NULL, 'mykoladv', '$2y$10$gmQsdKsW/AK4OimftkRbTekvKErQ6hEu2HmT9.zkG2ERHbrkS/U4m', 'demchuk.mykolav@gmail.com', '972744776', '', '', 0, NULL, NULL, NULL, NULL, NULL, NULL, NULL, NULL, NULL, 1, NULL, 'Vernadsky Str., 32', 'percentage_per_order_item', NULL, 0.00, NULL, 380, '1', NULL, NULL, '1', NULL, '', NULL, NULL, 'gcm1UBj2FjS3', 'jTbZcukEwLjf', NULL, NULL, NULL, 'phone', NULL, NULL, 0, 1, '2025-03-10 09:14:57', '2025-05-13 15:16:26', 1, 'avatar.png', 0, NULL, 'Микола', 'Демчук', '6623707993', 'mykoladv', NULL),
(422, 2, NULL, 'Slipitin', '$2y$10$8oQeqDgcQAfNeLI0aQNoa.wPmdYqb5yP68T55vZDU/VT3NcAVnKR6', 'luso1111115@gmail.com', '557130831', NULL, '', 0, NULL, NULL, NULL, NULL, NULL, NULL, NULL, NULL, NULL, 1, NULL, NULL, 'percentage_per_order_item', NULL, 0.00, NULL, 995, NULL, NULL, NULL, NULL, NULL, '', NULL, NULL, 'UnL06HhL96oB', NULL, NULL, NULL, NULL, 'phone', NULL, NULL, 0, 1, '2025-04-07 10:31:04', '2025-05-16 13:27:51', 1, 'avatar.png', 0, NULL, 'Luka', 'Sopromadze', '1064580895', 'Slipitin', NULL),
(435, 7, NULL, 'v_tochku_com_ua', '$2y$10$3WbV9bYXATwgdP.eGNwg1.675FLriKFWNc1ty4AnES7Ze3FyHnOgG', 'volodya2@yahoo.com', '0963237058', NULL, '', 800, NULL, NULL, NULL, NULL, NULL, NULL, NULL, NULL, NULL, NULL, NULL, NULL, 'percentage_per_order_item', NULL, 0.00, NULL, 380, NULL, NULL, NULL, NULL, NULL, '', NULL, NULL, 'N6voDFBcepb5', NULL, NULL, NULL, NULL, 'phone', NULL, NULL, 0, 1, '2025-05-07 12:38:42', '2025-05-16 13:36:04', 0, 'avatar.png', 0, NULL, 'Volodymyr', 'Demchuk', '6814867950', 'v_tochku_com_ua', '2025-05-22');

-- --------------------------------------------------------

--
-- Структура таблиці `users_groups`
--

CREATE TABLE `users_groups` (
  `id` int(11) UNSIGNED NOT NULL,
  `user_id` int(11) UNSIGNED NOT NULL,
  `group_id` mediumint(8) UNSIGNED NOT NULL
) ENGINE=InnoDB DEFAULT CHARSET=utf8mb4 COLLATE=utf8mb4_unicode_ci;

--
-- Дамп даних таблиці `users_groups`
--

INSERT INTO `users_groups` (`id`, `user_id`, `group_id`) VALUES
(1, 1, 1);

-- --------------------------------------------------------

--
-- Структура таблиці `user_client_preferences`
--

CREATE TABLE `user_client_preferences` (
  `id` bigint(20) UNSIGNED NOT NULL,
  `user_id` varchar(56) COLLATE utf8mb4_unicode_ci NOT NULL,
  `table_name` varchar(255) COLLATE utf8mb4_unicode_ci NOT NULL,
  `visible_columns` longtext CHARACTER SET utf8mb4 COLLATE utf8mb4_bin,
  `default_view` varchar(255) COLLATE utf8mb4_unicode_ci DEFAULT NULL
) ENGINE=InnoDB DEFAULT CHARSET=utf8mb4 COLLATE=utf8mb4_unicode_ci;

-- --------------------------------------------------------

--
-- Структура таблиці `user_fcm`
--

CREATE TABLE `user_fcm` (
  `id` int(11) NOT NULL,
  `user_id` int(11) DEFAULT NULL,
  `fcm_id` varchar(1024) NOT NULL,
  `updated_at` timestamp NOT NULL DEFAULT CURRENT_TIMESTAMP,
  `created_at` timestamp NOT NULL DEFAULT CURRENT_TIMESTAMP
) ENGINE=InnoDB DEFAULT CHARSET=utf8;

-- --------------------------------------------------------

--
-- Структура таблиці `user_permissions`
--

CREATE TABLE `user_permissions` (
  `id` int(11) NOT NULL,
  `user_id` int(11) NOT NULL,
  `role` int(11) NOT NULL,
  `permissions` mediumtext COLLATE utf8mb4_unicode_ci,
  `created_by` timestamp NOT NULL DEFAULT CURRENT_TIMESTAMP ON UPDATE CURRENT_TIMESTAMP
) ENGINE=InnoDB DEFAULT CHARSET=utf8mb4 COLLATE=utf8mb4_unicode_ci;

--
-- Дамп даних таблиці `user_permissions`
--

INSERT INTO `user_permissions` (`id`, `user_id`, `role`, `permissions`, `created_by`) VALUES
(1, 1, 0, NULL, '2021-05-06 04:24:52');

-- --------------------------------------------------------

--
-- Структура таблиці `user_statuses`
--

CREATE TABLE `user_statuses` (
  `id` bigint(20) UNSIGNED NOT NULL,
  `user_id` int(11) NOT NULL,
  `type` enum('dealer','manager') COLLATE utf8mb4_unicode_ci NOT NULL,
  `status` enum('pending','approved','rejected') COLLATE utf8mb4_unicode_ci NOT NULL,
  `passport` varchar(255) COLLATE utf8mb4_unicode_ci DEFAULT NULL,
  `tax_id` varchar(255) COLLATE utf8mb4_unicode_ci DEFAULT NULL,
  `photos` mediumtext COLLATE utf8mb4_unicode_ci,
  `message` mediumtext COLLATE utf8mb4_unicode_ci,
  `notes` mediumtext COLLATE utf8mb4_unicode_ci,
  `created_at` timestamp NULL DEFAULT NULL,
  `updated_at` timestamp NULL DEFAULT NULL
) ENGINE=InnoDB DEFAULT CHARSET=utf8mb4 COLLATE=utf8mb4_unicode_ci;

--
-- Дамп даних таблиці `user_statuses`
--

INSERT INTO `user_statuses` (`id`, `user_id`, `type`, `status`, `passport`, `tax_id`, `photos`, `message`, `notes`, `created_at`, `updated_at`) VALUES
(5, 435, 'dealer', 'approved', NULL, NULL, '[]', NULL, NULL, '2025-05-07 12:44:43', '2025-05-07 12:45:24');

-- --------------------------------------------------------

--
-- Структура таблиці `wallet_transactions`
--

CREATE TABLE `wallet_transactions` (
  `id` int(11) NOT NULL,
  `user_id` int(11) NOT NULL,
  `type` varchar(8) COLLATE utf8mb4_unicode_ci NOT NULL COMMENT 'credit | debit',
  `amount` double NOT NULL,
  `message` varchar(512) COLLATE utf8mb4_unicode_ci NOT NULL,
  `status` tinyint(4) NOT NULL,
  `date_created` timestamp NOT NULL DEFAULT CURRENT_TIMESTAMP,
  `last_updated` timestamp NOT NULL DEFAULT '0000-00-00 00:00:00' ON UPDATE CURRENT_TIMESTAMP
) ENGINE=MyISAM DEFAULT CHARSET=utf8mb4 COLLATE=utf8mb4_unicode_ci;

-- --------------------------------------------------------

--
-- Структура таблиці `zipcodes`
--

CREATE TABLE `zipcodes` (
  `id` int(11) NOT NULL,
  `zipcode` varchar(512) COLLATE utf8mb4_unicode_ci DEFAULT NULL,
  `city_id` int(11) NOT NULL,
  `minimum_free_delivery_order_amount` double NOT NULL DEFAULT '0',
  `delivery_charges` double DEFAULT '0',
  `created_at` timestamp NOT NULL DEFAULT CURRENT_TIMESTAMP,
  `updated_at` datetime NOT NULL DEFAULT CURRENT_TIMESTAMP ON UPDATE CURRENT_TIMESTAMP
) ENGINE=InnoDB DEFAULT CHARSET=utf8mb4 COLLATE=utf8mb4_unicode_ci;

--
-- Дамп даних таблиці `zipcodes`
--

INSERT INTO `zipcodes` (`id`, `zipcode`, `city_id`, `minimum_free_delivery_order_amount`, `delivery_charges`, `created_at`, `updated_at`) VALUES
(1, '79000', 1, 1000, NULL, '2025-03-10 06:14:33', '2025-03-20 15:03:28');

-- --------------------------------------------------------

--
-- Структура таблиці `zones`
--

CREATE TABLE `zones` (
  `id` int(11) NOT NULL,
  `name` varchar(256) COLLATE utf8mb4_unicode_ci DEFAULT NULL,
  `serviceable_city_ids` varchar(256) COLLATE utf8mb4_unicode_ci DEFAULT NULL,
  `serviceable_zipcode_ids` varchar(256) COLLATE utf8mb4_unicode_ci DEFAULT NULL,
  `status` int(11) DEFAULT NULL,
  `created_at` timestamp NOT NULL DEFAULT CURRENT_TIMESTAMP,
  `updated_at` timestamp NOT NULL DEFAULT CURRENT_TIMESTAMP ON UPDATE CURRENT_TIMESTAMP
) ENGINE=InnoDB DEFAULT CHARSET=utf8mb4 COLLATE=utf8mb4_unicode_ci;

--
-- Дамп даних таблиці `zones`
--

INSERT INTO `zones` (`id`, `name`, `serviceable_city_ids`, `serviceable_zipcode_ids`, `status`, `created_at`, `updated_at`) VALUES
(1, 'Ukraine', '1', '1', 1, '2025-03-20 13:03:28', '2025-03-20 13:03:28');

--
-- Індекси збережених таблиць
--

--
-- Індекси таблиці `addresses`
--
ALTER TABLE `addresses`
  ADD PRIMARY KEY (`id`),
  ADD KEY `user_id` (`user_id`);

--
-- Індекси таблиці `areas`
--
ALTER TABLE `areas`
  ADD PRIMARY KEY (`id`),
  ADD KEY `city_id` (`city_id`);

--
-- Індекси таблиці `attributes`
--
ALTER TABLE `attributes`
  ADD PRIMARY KEY (`id`),
  ADD KEY `category_id` (`category_id`);

--
-- Індекси таблиці `attribute_values`
--
ALTER TABLE `attribute_values`
  ADD PRIMARY KEY (`id`),
  ADD KEY `attribute_id` (`attribute_id`);

--
-- Індекси таблиці `blogs`
--
ALTER TABLE `blogs`
  ADD PRIMARY KEY (`id`);

--
-- Індекси таблиці `blog_categories`
--
ALTER TABLE `blog_categories`
  ADD PRIMARY KEY (`id`);

--
-- Індекси таблиці `brands`
--
ALTER TABLE `brands`
  ADD PRIMARY KEY (`id`);

--
-- Індекси таблиці `cart`
--
ALTER TABLE `cart`
  ADD PRIMARY KEY (`id`),
  ADD KEY `user_id` (`user_id`),
  ADD KEY `product_variant_id` (`product_variant_id`);

--
-- Індекси таблиці `categories`
--
ALTER TABLE `categories`
  ADD PRIMARY KEY (`id`),
  ADD KEY `parent_id` (`parent_id`);

--
-- Індекси таблиці `category_sliders`
--
ALTER TABLE `category_sliders`
  ADD PRIMARY KEY (`id`);

--
-- Індекси таблиці `ch_favorites`
--
ALTER TABLE `ch_favorites`
  ADD PRIMARY KEY (`id`);

--
-- Індекси таблиці `ch_messages`
--
ALTER TABLE `ch_messages`
  ADD PRIMARY KEY (`id`);

--
-- Індекси таблиці `cities`
--
ALTER TABLE `cities`
  ADD PRIMARY KEY (`id`);

--
-- Індекси таблиці `client_api_keys`
--
ALTER TABLE `client_api_keys`
  ADD PRIMARY KEY (`id`);

--
-- Індекси таблиці `combo_products`
--
ALTER TABLE `combo_products`
  ADD PRIMARY KEY (`id`);

--
-- Індекси таблиці `combo_product_attributes`
--
ALTER TABLE `combo_product_attributes`
  ADD PRIMARY KEY (`id`);

--
-- Індекси таблиці `combo_product_attribute_values`
--
ALTER TABLE `combo_product_attribute_values`
  ADD PRIMARY KEY (`id`);

--
-- Індекси таблиці `combo_product_faqs`
--
ALTER TABLE `combo_product_faqs`
  ADD PRIMARY KEY (`id`);

--
-- Індекси таблиці `combo_product_ratings`
--
ALTER TABLE `combo_product_ratings`
  ADD PRIMARY KEY (`id`);

--
-- Індекси таблиці `commission_distributions`
--
ALTER TABLE `commission_distributions`
  ADD PRIMARY KEY (`id`),
  ADD KEY `commission_distributions_order_id_index` (`order_id`),
  ADD KEY `commission_distributions_user_id_index` (`user_id`);

--
-- Індекси таблиці `countries`
--
ALTER TABLE `countries`
  ADD PRIMARY KEY (`id`),
  ADD KEY `name` (`name`);

--
-- Індекси таблиці `currencies`
--
ALTER TABLE `currencies`
  ADD PRIMARY KEY (`id`);

--
-- Індекси таблиці `custom_messages`
--
ALTER TABLE `custom_messages`
  ADD PRIMARY KEY (`id`);

--
-- Індекси таблиці `delivery_boy_notifications`
--
ALTER TABLE `delivery_boy_notifications`
  ADD PRIMARY KEY (`id`),
  ADD KEY `delivery_boy_id` (`delivery_boy_id`),
  ADD KEY `order_id` (`order_id`);

--
-- Індекси таблиці `digital_orders_mails`
--
ALTER TABLE `digital_orders_mails`
  ADD PRIMARY KEY (`id`);

--
-- Індекси таблиці `disputs`
--
ALTER TABLE `disputs`
  ADD PRIMARY KEY (`id`),
  ADD KEY `disputs_return_request_id_foreign` (`return_request_id`),
  ADD KEY `disputs_user_id_foreign` (`user_id`),
  ADD KEY `disputs_seller_id_foreign` (`seller_id`);

--
-- Індекси таблиці `disput_messages`
--
ALTER TABLE `disput_messages`
  ADD PRIMARY KEY (`id`),
  ADD KEY `disput_messages_disput_id_foreign` (`disput_id`),
  ADD KEY `disput_messages_sender_id_foreign` (`sender_id`);

--
-- Індекси таблиці `failed_jobs`
--
ALTER TABLE `failed_jobs`
  ADD PRIMARY KEY (`id`),
  ADD UNIQUE KEY `failed_jobs_uuid_unique` (`uuid`);

--
-- Індекси таблиці `faqs`
--
ALTER TABLE `faqs`
  ADD PRIMARY KEY (`id`);

--
-- Індекси таблиці `favorites`
--
ALTER TABLE `favorites`
  ADD PRIMARY KEY (`id`),
  ADD KEY `user_id` (`user_id`),
  ADD KEY `product_id` (`product_id`);

--
-- Індекси таблиці `fund_transfers`
--
ALTER TABLE `fund_transfers`
  ADD PRIMARY KEY (`id`),
  ADD KEY `delivery_boy_id` (`delivery_boy_id`);

--
-- Індекси таблиці `images`
--
ALTER TABLE `images`
  ADD PRIMARY KEY (`id`);

--
-- Індекси таблиці `languages`
--
ALTER TABLE `languages`
  ADD PRIMARY KEY (`id`);

--
-- Індекси таблиці `login_attempts`
--
ALTER TABLE `login_attempts`
  ADD PRIMARY KEY (`id`);

--
-- Індекси таблиці `media`
--
ALTER TABLE `media`
  ADD PRIMARY KEY (`id`);

--
-- Індекси таблиці `migrations`
--
ALTER TABLE `migrations`
  ADD PRIMARY KEY (`id`);

--
-- Індекси таблиці `notifications`
--
ALTER TABLE `notifications`
  ADD PRIMARY KEY (`id`);

--
-- Індекси таблиці `offers`
--
ALTER TABLE `offers`
  ADD PRIMARY KEY (`id`);

--
-- Індекси таблиці `offer_sliders`
--
ALTER TABLE `offer_sliders`
  ADD PRIMARY KEY (`id`);

--
-- Індекси таблиці `orders`
--
ALTER TABLE `orders`
  ADD PRIMARY KEY (`id`),
  ADD KEY `user_id` (`user_id`);

--
-- Індекси таблиці `order_bank_transfers`
--
ALTER TABLE `order_bank_transfers`
  ADD PRIMARY KEY (`id`);

--
-- Індекси таблиці `order_charges`
--
ALTER TABLE `order_charges`
  ADD PRIMARY KEY (`id`);

--
-- Індекси таблиці `order_items`
--
ALTER TABLE `order_items`
  ADD PRIMARY KEY (`id`),
  ADD KEY `user_id` (`user_id`),
  ADD KEY `order_id` (`order_id`),
  ADD KEY `product_variant_id` (`product_variant_id`);

--
-- Індекси таблиці `order_trackings`
--
ALTER TABLE `order_trackings`
  ADD PRIMARY KEY (`id`);

--
-- Індекси таблиці `otps`
--
ALTER TABLE `otps`
  ADD PRIMARY KEY (`id`);

--
-- Індекси таблиці `parcels`
--
ALTER TABLE `parcels`
  ADD PRIMARY KEY (`id`);

--
-- Індекси таблиці `parcel_items`
--
ALTER TABLE `parcel_items`
  ADD PRIMARY KEY (`id`);

--
-- Індекси таблиці `password_reset_tokens`
--
ALTER TABLE `password_reset_tokens`
  ADD PRIMARY KEY (`email`);

--
-- Індекси таблиці `payment_requests`
--
ALTER TABLE `payment_requests`
  ADD PRIMARY KEY (`id`),
  ADD KEY `user_id` (`user_id`);

--
-- Індекси таблиці `permissions`
--
ALTER TABLE `permissions`
  ADD PRIMARY KEY (`id`),
  ADD UNIQUE KEY `permissions_name_guard_name_unique` (`name`,`guard_name`);

--
-- Індекси таблиці `personal_access_tokens`
--
ALTER TABLE `personal_access_tokens`
  ADD PRIMARY KEY (`id`),
  ADD UNIQUE KEY `personal_access_tokens_token_unique` (`token`),
  ADD KEY `personal_access_tokens_tokenable_type_tokenable_id_index` (`tokenable_type`,`tokenable_id`);

--
-- Індекси таблиці `pickup_locations`
--
ALTER TABLE `pickup_locations`
  ADD PRIMARY KEY (`id`);

--
-- Індекси таблиці `products`
--
ALTER TABLE `products`
  ADD PRIMARY KEY (`id`),
  ADD KEY `category_id` (`category_id`);

--
-- Індекси таблиці `product_approvals`
--
ALTER TABLE `product_approvals`
  ADD PRIMARY KEY (`id`),
  ADD UNIQUE KEY `product_approvals_product_id_manager_id_unique` (`product_id`,`manager_id`),
  ADD KEY `product_approvals_manager_id_foreign` (`manager_id`);

--
-- Індекси таблиці `product_approval_comments`
--
ALTER TABLE `product_approval_comments`
  ADD PRIMARY KEY (`id`),
  ADD KEY `product_approval_comments_product_id_foreign` (`product_id`),
  ADD KEY `product_approval_comments_manager_id_foreign` (`manager_id`);

--
-- Індекси таблиці `product_attributes`
--
ALTER TABLE `product_attributes`
  ADD PRIMARY KEY (`id`),
  ADD KEY `product_id` (`product_id`);

--
-- Індекси таблиці `product_faqs`
--
ALTER TABLE `product_faqs`
  ADD PRIMARY KEY (`id`);

--
-- Індекси таблиці `product_ratings`
--
ALTER TABLE `product_ratings`
  ADD PRIMARY KEY (`id`),
  ADD KEY `user_id` (`user_id`),
  ADD KEY `product_id` (`product_id`);

--
-- Індекси таблиці `product_variants`
--
ALTER TABLE `product_variants`
  ADD PRIMARY KEY (`id`),
  ADD KEY `product_id` (`product_id`);

--
-- Індекси таблиці `promo_codes`
--
ALTER TABLE `promo_codes`
  ADD PRIMARY KEY (`id`);

--
-- Індекси таблиці `referral_codes`
--
ALTER TABLE `referral_codes`
  ADD PRIMARY KEY (`id`),
  ADD UNIQUE KEY `referral_codes_code_unique` (`code`),
  ADD KEY `referral_codes_product_id_foreign` (`product_id`),
  ADD KEY `referral_codes_dealer_id_foreign` (`dealer_id`);

--
-- Індекси таблиці `return_requests`
--
ALTER TABLE `return_requests`
  ADD PRIMARY KEY (`id`),
  ADD KEY `user_id` (`user_id`),
  ADD KEY `product_id` (`product_id`),
  ADD KEY `return_requests_order_tracking_id_foreign` (`order_tracking_id`);

--
-- Індекси таблиці `roles`
--
ALTER TABLE `roles`
  ADD PRIMARY KEY (`id`);

--
-- Індекси таблиці `role_has_permissions`
--
ALTER TABLE `role_has_permissions`
  ADD PRIMARY KEY (`permission_id`,`role_id`),
  ADD KEY `role_has_permissions_role_id_foreign` (`role_id`);

--
-- Індекси таблиці `search_history`
--
ALTER TABLE `search_history`
  ADD PRIMARY KEY (`id`);

--
-- Індекси таблиці `sections`
--
ALTER TABLE `sections`
  ADD PRIMARY KEY (`id`);

--
-- Індекси таблиці `seller_commissions`
--
ALTER TABLE `seller_commissions`
  ADD PRIMARY KEY (`id`);

--
-- Індекси таблиці `seller_data`
--
ALTER TABLE `seller_data`
  ADD PRIMARY KEY (`id`);

--
-- Індекси таблиці `seller_invites`
--
ALTER TABLE `seller_invites`
  ADD PRIMARY KEY (`id`),
  ADD UNIQUE KEY `seller_invites_link_unique` (`link`),
  ADD KEY `seller_invites_user_id_foreign` (`user_id`);

--
-- Індекси таблиці `seller_ratings`
--
ALTER TABLE `seller_ratings`
  ADD PRIMARY KEY (`id`),
  ADD UNIQUE KEY `unique_seller_rating` (`user_id`,`order_id`,`store_id`),
  ADD KEY `seller_ratings_seller_id_foreign` (`seller_id`),
  ADD KEY `seller_ratings_store_id_foreign` (`store_id`),
  ADD KEY `seller_ratings_order_id_foreign` (`order_id`);

--
-- Індекси таблиці `seller_store`
--
ALTER TABLE `seller_store`
  ADD PRIMARY KEY (`id`),
  ADD KEY `seller_id` (`seller_id`),
  ADD KEY `user_id` (`user_id`);

--
-- Індекси таблиці `settings`
--
ALTER TABLE `settings`
  ADD PRIMARY KEY (`id`),
  ADD KEY `variable` (`variable`);

--
-- Індекси таблиці `sliders`
--
ALTER TABLE `sliders`
  ADD PRIMARY KEY (`id`);

--
-- Індекси таблиці `storage_types`
--
ALTER TABLE `storage_types`
  ADD PRIMARY KEY (`id`);

--
-- Індекси таблиці `stores`
--
ALTER TABLE `stores`
  ADD PRIMARY KEY (`id`);

--
-- Індекси таблиці `system_notification`
--
ALTER TABLE `system_notification`
  ADD PRIMARY KEY (`id`);

--
-- Індекси таблиці `taxes`
--
ALTER TABLE `taxes`
  ADD PRIMARY KEY (`id`);

--
-- Індекси таблиці `themes`
--
ALTER TABLE `themes`
  ADD PRIMARY KEY (`id`);

--
-- Індекси таблиці `tickets`
--
ALTER TABLE `tickets`
  ADD PRIMARY KEY (`id`);

--
-- Індекси таблиці `ticket_messages`
--
ALTER TABLE `ticket_messages`
  ADD PRIMARY KEY (`id`);

--
-- Індекси таблиці `ticket_types`
--
ALTER TABLE `ticket_types`
  ADD PRIMARY KEY (`id`);

--
-- Індекси таблиці `time_slots`
--
ALTER TABLE `time_slots`
  ADD PRIMARY KEY (`id`);

--
-- Індекси таблиці `transactions`
--
ALTER TABLE `transactions`
  ADD PRIMARY KEY (`id`),
  ADD KEY `user_id` (`user_id`),
  ADD KEY `order_id` (`order_id`);

--
-- Індекси таблиці `updates`
--
ALTER TABLE `updates`
  ADD PRIMARY KEY (`id`);

--
-- Індекси таблиці `users`
--
ALTER TABLE `users`
  ADD PRIMARY KEY (`id`),
  ADD KEY `mobile` (`mobile`),
  ADD KEY `email` (`email`),
  ADD KEY `users_telegram_id_index` (`telegram_id`);

--
-- Індекси таблиці `users_groups`
--
ALTER TABLE `users_groups`
  ADD PRIMARY KEY (`id`),
  ADD UNIQUE KEY `uc_users_groups` (`user_id`,`group_id`),
  ADD KEY `fk_users_groups_users1_idx` (`user_id`),
  ADD KEY `fk_users_groups_groups1_idx` (`group_id`);

--
-- Індекси таблиці `user_client_preferences`
--
ALTER TABLE `user_client_preferences`
  ADD PRIMARY KEY (`id`);

--
-- Індекси таблиці `user_fcm`
--
ALTER TABLE `user_fcm`
  ADD PRIMARY KEY (`id`);

--
-- Індекси таблиці `user_permissions`
--
ALTER TABLE `user_permissions`
  ADD PRIMARY KEY (`id`),
  ADD KEY `user_id` (`user_id`);

--
-- Індекси таблиці `user_statuses`
--
ALTER TABLE `user_statuses`
  ADD PRIMARY KEY (`id`),
  ADD KEY `user_statuses_user_id_foreign` (`user_id`);

--
-- Індекси таблиці `wallet_transactions`
--
ALTER TABLE `wallet_transactions`
  ADD PRIMARY KEY (`id`),
  ADD KEY `user_id` (`user_id`);

--
-- Індекси таблиці `zipcodes`
--
ALTER TABLE `zipcodes`
  ADD PRIMARY KEY (`id`);

--
-- Індекси таблиці `zones`
--
ALTER TABLE `zones`
  ADD PRIMARY KEY (`id`);

--
-- AUTO_INCREMENT для збережених таблиць
--

--
-- AUTO_INCREMENT для таблиці `addresses`
--
ALTER TABLE `addresses`
  MODIFY `id` int(11) NOT NULL AUTO_INCREMENT, AUTO_INCREMENT=7;

--
-- AUTO_INCREMENT для таблиці `areas`
--
ALTER TABLE `areas`
  MODIFY `id` int(11) NOT NULL AUTO_INCREMENT;

--
-- AUTO_INCREMENT для таблиці `attributes`
--
ALTER TABLE `attributes`
  MODIFY `id` int(11) NOT NULL AUTO_INCREMENT, AUTO_INCREMENT=2;

--
-- AUTO_INCREMENT для таблиці `attribute_values`
--
ALTER TABLE `attribute_values`
  MODIFY `id` int(11) NOT NULL AUTO_INCREMENT, AUTO_INCREMENT=6;

--
-- AUTO_INCREMENT для таблиці `blogs`
--
ALTER TABLE `blogs`
  MODIFY `id` int(11) NOT NULL AUTO_INCREMENT, AUTO_INCREMENT=4;

--
-- AUTO_INCREMENT для таблиці `blog_categories`
--
ALTER TABLE `blog_categories`
  MODIFY `id` int(11) NOT NULL AUTO_INCREMENT, AUTO_INCREMENT=2;

--
-- AUTO_INCREMENT для таблиці `brands`
--
ALTER TABLE `brands`
  MODIFY `id` int(11) NOT NULL AUTO_INCREMENT, AUTO_INCREMENT=5;

--
-- AUTO_INCREMENT для таблиці `cart`
--
ALTER TABLE `cart`
  MODIFY `id` int(11) NOT NULL AUTO_INCREMENT, AUTO_INCREMENT=110;

--
-- AUTO_INCREMENT для таблиці `categories`
--
ALTER TABLE `categories`
  MODIFY `id` int(11) NOT NULL AUTO_INCREMENT, AUTO_INCREMENT=92;

--
-- AUTO_INCREMENT для таблиці `category_sliders`
--
ALTER TABLE `category_sliders`
  MODIFY `id` int(11) NOT NULL AUTO_INCREMENT;

--
-- AUTO_INCREMENT для таблиці `cities`
--
ALTER TABLE `cities`
  MODIFY `id` int(11) NOT NULL AUTO_INCREMENT, AUTO_INCREMENT=2;

--
-- AUTO_INCREMENT для таблиці `client_api_keys`
--
ALTER TABLE `client_api_keys`
  MODIFY `id` int(11) NOT NULL AUTO_INCREMENT;

--
-- AUTO_INCREMENT для таблиці `combo_products`
--
ALTER TABLE `combo_products`
  MODIFY `id` int(11) NOT NULL AUTO_INCREMENT, AUTO_INCREMENT=2;

--
-- AUTO_INCREMENT для таблиці `combo_product_attributes`
--
ALTER TABLE `combo_product_attributes`
  MODIFY `id` int(11) NOT NULL AUTO_INCREMENT;

--
-- AUTO_INCREMENT для таблиці `combo_product_attribute_values`
--
ALTER TABLE `combo_product_attribute_values`
  MODIFY `id` int(11) NOT NULL AUTO_INCREMENT;

--
-- AUTO_INCREMENT для таблиці `combo_product_faqs`
--
ALTER TABLE `combo_product_faqs`
  MODIFY `id` int(11) NOT NULL AUTO_INCREMENT;

--
-- AUTO_INCREMENT для таблиці `combo_product_ratings`
--
ALTER TABLE `combo_product_ratings`
  MODIFY `id` int(11) NOT NULL AUTO_INCREMENT;

--
-- AUTO_INCREMENT для таблиці `commission_distributions`
--
ALTER TABLE `commission_distributions`
  MODIFY `id` bigint(20) UNSIGNED NOT NULL AUTO_INCREMENT, AUTO_INCREMENT=496;

--
-- AUTO_INCREMENT для таблиці `countries`
--
ALTER TABLE `countries`
  MODIFY `id` mediumint(8) UNSIGNED NOT NULL AUTO_INCREMENT, AUTO_INCREMENT=251;

--
-- AUTO_INCREMENT для таблиці `currencies`
--
ALTER TABLE `currencies`
  MODIFY `id` int(11) NOT NULL AUTO_INCREMENT, AUTO_INCREMENT=2;

--
-- AUTO_INCREMENT для таблиці `custom_messages`
--
ALTER TABLE `custom_messages`
  MODIFY `id` int(11) NOT NULL AUTO_INCREMENT;

--
-- AUTO_INCREMENT для таблиці `delivery_boy_notifications`
--
ALTER TABLE `delivery_boy_notifications`
  MODIFY `id` int(11) NOT NULL AUTO_INCREMENT;

--
-- AUTO_INCREMENT для таблиці `digital_orders_mails`
--
ALTER TABLE `digital_orders_mails`
  MODIFY `id` int(11) NOT NULL AUTO_INCREMENT;

--
-- AUTO_INCREMENT для таблиці `disputs`
--
ALTER TABLE `disputs`
  MODIFY `id` bigint(20) UNSIGNED NOT NULL AUTO_INCREMENT, AUTO_INCREMENT=23;

--
-- AUTO_INCREMENT для таблиці `disput_messages`
--
ALTER TABLE `disput_messages`
  MODIFY `id` bigint(20) UNSIGNED NOT NULL AUTO_INCREMENT, AUTO_INCREMENT=24;

--
-- AUTO_INCREMENT для таблиці `failed_jobs`
--
ALTER TABLE `failed_jobs`
  MODIFY `id` bigint(20) UNSIGNED NOT NULL AUTO_INCREMENT;

--
-- AUTO_INCREMENT для таблиці `faqs`
--
ALTER TABLE `faqs`
  MODIFY `id` int(11) NOT NULL AUTO_INCREMENT;

--
-- AUTO_INCREMENT для таблиці `favorites`
--
ALTER TABLE `favorites`
  MODIFY `id` int(11) NOT NULL AUTO_INCREMENT, AUTO_INCREMENT=3;

--
-- AUTO_INCREMENT для таблиці `fund_transfers`
--
ALTER TABLE `fund_transfers`
  MODIFY `id` int(11) NOT NULL AUTO_INCREMENT;

--
-- AUTO_INCREMENT для таблиці `images`
--
ALTER TABLE `images`
  MODIFY `id` int(11) NOT NULL AUTO_INCREMENT;

--
-- AUTO_INCREMENT для таблиці `languages`
--
ALTER TABLE `languages`
  MODIFY `id` int(11) NOT NULL AUTO_INCREMENT, AUTO_INCREMENT=3;

--
-- AUTO_INCREMENT для таблиці `login_attempts`
--
ALTER TABLE `login_attempts`
  MODIFY `id` int(11) UNSIGNED NOT NULL AUTO_INCREMENT;

--
-- AUTO_INCREMENT для таблиці `media`
--
ALTER TABLE `media`
  MODIFY `id` int(11) NOT NULL AUTO_INCREMENT, AUTO_INCREMENT=126;

--
-- AUTO_INCREMENT для таблиці `migrations`
--
ALTER TABLE `migrations`
  MODIFY `id` int(10) UNSIGNED NOT NULL AUTO_INCREMENT, AUTO_INCREMENT=49;

--
-- AUTO_INCREMENT для таблиці `notifications`
--
ALTER TABLE `notifications`
  MODIFY `id` int(11) NOT NULL AUTO_INCREMENT;

--
-- AUTO_INCREMENT для таблиці `offers`
--
ALTER TABLE `offers`
  MODIFY `id` int(11) NOT NULL AUTO_INCREMENT, AUTO_INCREMENT=2;

--
-- AUTO_INCREMENT для таблиці `offer_sliders`
--
ALTER TABLE `offer_sliders`
  MODIFY `id` int(11) NOT NULL AUTO_INCREMENT;

--
-- AUTO_INCREMENT для таблиці `orders`
--
ALTER TABLE `orders`
  MODIFY `id` int(11) NOT NULL AUTO_INCREMENT, AUTO_INCREMENT=86;

--
-- AUTO_INCREMENT для таблиці `order_bank_transfers`
--
ALTER TABLE `order_bank_transfers`
  MODIFY `id` int(11) NOT NULL AUTO_INCREMENT;

--
-- AUTO_INCREMENT для таблиці `order_charges`
--
ALTER TABLE `order_charges`
  MODIFY `id` int(11) NOT NULL AUTO_INCREMENT, AUTO_INCREMENT=80;

--
-- AUTO_INCREMENT для таблиці `order_items`
--
ALTER TABLE `order_items`
  MODIFY `id` int(11) NOT NULL AUTO_INCREMENT, AUTO_INCREMENT=20;

--
-- AUTO_INCREMENT для таблиці `order_trackings`
--
ALTER TABLE `order_trackings`
  MODIFY `id` int(11) NOT NULL AUTO_INCREMENT, AUTO_INCREMENT=27;

--
-- AUTO_INCREMENT для таблиці `otps`
--
ALTER TABLE `otps`
  MODIFY `id` int(11) NOT NULL AUTO_INCREMENT;

--
-- AUTO_INCREMENT для таблиці `parcels`
--
ALTER TABLE `parcels`
  MODIFY `id` int(11) UNSIGNED NOT NULL AUTO_INCREMENT, AUTO_INCREMENT=8;

--
-- AUTO_INCREMENT для таблиці `parcel_items`
--
ALTER TABLE `parcel_items`
  MODIFY `id` int(11) UNSIGNED NOT NULL AUTO_INCREMENT, AUTO_INCREMENT=8;

--
-- AUTO_INCREMENT для таблиці `payment_requests`
--
ALTER TABLE `payment_requests`
  MODIFY `id` int(11) NOT NULL AUTO_INCREMENT;

--
-- AUTO_INCREMENT для таблиці `permissions`
--
ALTER TABLE `permissions`
  MODIFY `id` bigint(20) UNSIGNED NOT NULL AUTO_INCREMENT, AUTO_INCREMENT=295;

--
-- AUTO_INCREMENT для таблиці `personal_access_tokens`
--
ALTER TABLE `personal_access_tokens`
  MODIFY `id` bigint(20) UNSIGNED NOT NULL AUTO_INCREMENT;

--
-- AUTO_INCREMENT для таблиці `pickup_locations`
--
ALTER TABLE `pickup_locations`
  MODIFY `id` int(11) NOT NULL AUTO_INCREMENT;

--
-- AUTO_INCREMENT для таблиці `products`
--
ALTER TABLE `products`
  MODIFY `id` int(11) NOT NULL AUTO_INCREMENT, AUTO_INCREMENT=12;

--
-- AUTO_INCREMENT для таблиці `product_approvals`
--
ALTER TABLE `product_approvals`
  MODIFY `id` bigint(20) UNSIGNED NOT NULL AUTO_INCREMENT, AUTO_INCREMENT=6;

--
-- AUTO_INCREMENT для таблиці `product_approval_comments`
--
ALTER TABLE `product_approval_comments`
  MODIFY `id` bigint(20) UNSIGNED NOT NULL AUTO_INCREMENT;

--
-- AUTO_INCREMENT для таблиці `product_attributes`
--
ALTER TABLE `product_attributes`
  MODIFY `id` int(11) NOT NULL AUTO_INCREMENT, AUTO_INCREMENT=7;

--
-- AUTO_INCREMENT для таблиці `product_faqs`
--
ALTER TABLE `product_faqs`
  MODIFY `id` int(11) NOT NULL AUTO_INCREMENT;

--
-- AUTO_INCREMENT для таблиці `product_ratings`
--
ALTER TABLE `product_ratings`
  MODIFY `id` int(11) NOT NULL AUTO_INCREMENT, AUTO_INCREMENT=4;

--
-- AUTO_INCREMENT для таблиці `product_variants`
--
ALTER TABLE `product_variants`
  MODIFY `id` int(11) NOT NULL AUTO_INCREMENT, AUTO_INCREMENT=14;

--
-- AUTO_INCREMENT для таблиці `promo_codes`
--
ALTER TABLE `promo_codes`
  MODIFY `id` int(11) NOT NULL AUTO_INCREMENT;

--
-- AUTO_INCREMENT для таблиці `referral_codes`
--
ALTER TABLE `referral_codes`
  MODIFY `id` bigint(20) UNSIGNED NOT NULL AUTO_INCREMENT, AUTO_INCREMENT=12;

--
-- AUTO_INCREMENT для таблиці `return_requests`
--
ALTER TABLE `return_requests`
  MODIFY `id` int(11) NOT NULL AUTO_INCREMENT, AUTO_INCREMENT=33;

--
-- AUTO_INCREMENT для таблиці `roles`
--
ALTER TABLE `roles`
  MODIFY `id` mediumint(8) UNSIGNED NOT NULL AUTO_INCREMENT, AUTO_INCREMENT=9;

--
-- AUTO_INCREMENT для таблиці `search_history`
--
ALTER TABLE `search_history`
  MODIFY `id` int(11) NOT NULL AUTO_INCREMENT;

--
-- AUTO_INCREMENT для таблиці `sections`
--
ALTER TABLE `sections`
  MODIFY `id` int(11) NOT NULL AUTO_INCREMENT;

--
-- AUTO_INCREMENT для таблиці `seller_commissions`
--
ALTER TABLE `seller_commissions`
  MODIFY `id` int(11) NOT NULL AUTO_INCREMENT;

--
-- AUTO_INCREMENT для таблиці `seller_data`
--
ALTER TABLE `seller_data`
  MODIFY `id` int(11) NOT NULL AUTO_INCREMENT, AUTO_INCREMENT=5;

--
-- AUTO_INCREMENT для таблиці `seller_invites`
--
ALTER TABLE `seller_invites`
  MODIFY `id` bigint(20) UNSIGNED NOT NULL AUTO_INCREMENT, AUTO_INCREMENT=10;

--
-- AUTO_INCREMENT для таблиці `seller_ratings`
--
ALTER TABLE `seller_ratings`
  MODIFY `id` bigint(20) UNSIGNED NOT NULL AUTO_INCREMENT, AUTO_INCREMENT=3;

--
-- AUTO_INCREMENT для таблиці `seller_store`
--
ALTER TABLE `seller_store`
  MODIFY `id` int(11) NOT NULL AUTO_INCREMENT, AUTO_INCREMENT=132;

--
-- AUTO_INCREMENT для таблиці `settings`
--
ALTER TABLE `settings`
  MODIFY `id` int(11) NOT NULL AUTO_INCREMENT, AUTO_INCREMENT=29;

--
-- AUTO_INCREMENT для таблиці `sliders`
--
ALTER TABLE `sliders`
  MODIFY `id` int(11) NOT NULL AUTO_INCREMENT, AUTO_INCREMENT=8;

--
-- AUTO_INCREMENT для таблиці `storage_types`
--
ALTER TABLE `storage_types`
  MODIFY `id` int(11) NOT NULL AUTO_INCREMENT, AUTO_INCREMENT=2;

--
-- AUTO_INCREMENT для таблиці `stores`
--
ALTER TABLE `stores`
  MODIFY `id` int(11) NOT NULL AUTO_INCREMENT, AUTO_INCREMENT=3;

--
-- AUTO_INCREMENT для таблиці `system_notification`
--
ALTER TABLE `system_notification`
  MODIFY `id` int(11) NOT NULL AUTO_INCREMENT;

--
-- AUTO_INCREMENT для таблиці `taxes`
--
ALTER TABLE `taxes`
  MODIFY `id` int(11) NOT NULL AUTO_INCREMENT;

--
-- AUTO_INCREMENT для таблиці `themes`
--
ALTER TABLE `themes`
  MODIFY `id` int(11) NOT NULL AUTO_INCREMENT, AUTO_INCREMENT=2;

--
-- AUTO_INCREMENT для таблиці `tickets`
--
ALTER TABLE `tickets`
  MODIFY `id` int(11) NOT NULL AUTO_INCREMENT, AUTO_INCREMENT=4;

--
-- AUTO_INCREMENT для таблиці `ticket_messages`
--
ALTER TABLE `ticket_messages`
  MODIFY `id` int(11) NOT NULL AUTO_INCREMENT;

--
-- AUTO_INCREMENT для таблиці `ticket_types`
--
ALTER TABLE `ticket_types`
  MODIFY `id` int(11) NOT NULL AUTO_INCREMENT, AUTO_INCREMENT=31;

--
-- AUTO_INCREMENT для таблиці `time_slots`
--
ALTER TABLE `time_slots`
  MODIFY `id` int(11) NOT NULL AUTO_INCREMENT, AUTO_INCREMENT=7;

--
-- AUTO_INCREMENT для таблиці `transactions`
--
ALTER TABLE `transactions`
  MODIFY `id` int(11) NOT NULL AUTO_INCREMENT, AUTO_INCREMENT=21;

--
-- AUTO_INCREMENT для таблиці `updates`
--
ALTER TABLE `updates`
  MODIFY `id` int(11) NOT NULL AUTO_INCREMENT, AUTO_INCREMENT=37;

--
-- AUTO_INCREMENT для таблиці `users`
--
ALTER TABLE `users`
  MODIFY `id` int(11) NOT NULL AUTO_INCREMENT, AUTO_INCREMENT=436;

--
-- AUTO_INCREMENT для таблиці `users_groups`
--
ALTER TABLE `users_groups`
  MODIFY `id` int(11) UNSIGNED NOT NULL AUTO_INCREMENT, AUTO_INCREMENT=2;

--
-- AUTO_INCREMENT для таблиці `user_client_preferences`
--
ALTER TABLE `user_client_preferences`
  MODIFY `id` bigint(20) UNSIGNED NOT NULL AUTO_INCREMENT;

--
-- AUTO_INCREMENT для таблиці `user_fcm`
--
ALTER TABLE `user_fcm`
  MODIFY `id` int(11) NOT NULL AUTO_INCREMENT;

--
-- AUTO_INCREMENT для таблиці `user_permissions`
--
ALTER TABLE `user_permissions`
  MODIFY `id` int(11) NOT NULL AUTO_INCREMENT, AUTO_INCREMENT=2;

--
-- AUTO_INCREMENT для таблиці `user_statuses`
--
ALTER TABLE `user_statuses`
  MODIFY `id` bigint(20) UNSIGNED NOT NULL AUTO_INCREMENT, AUTO_INCREMENT=6;

--
-- AUTO_INCREMENT для таблиці `wallet_transactions`
--
ALTER TABLE `wallet_transactions`
  MODIFY `id` int(11) NOT NULL AUTO_INCREMENT;

--
-- AUTO_INCREMENT для таблиці `zipcodes`
--
ALTER TABLE `zipcodes`
  MODIFY `id` int(11) NOT NULL AUTO_INCREMENT, AUTO_INCREMENT=2;

--
-- AUTO_INCREMENT для таблиці `zones`
--
ALTER TABLE `zones`
  MODIFY `id` int(11) NOT NULL AUTO_INCREMENT, AUTO_INCREMENT=2;

--
-- Обмеження зовнішнього ключа збережених таблиць
--

--
-- Обмеження зовнішнього ключа таблиці `commission_distributions`
--
ALTER TABLE `commission_distributions`
  ADD CONSTRAINT `commission_distributions_order_id_foreign` FOREIGN KEY (`order_id`) REFERENCES `orders` (`id`) ON DELETE CASCADE,
  ADD CONSTRAINT `commission_distributions_user_id_foreign` FOREIGN KEY (`user_id`) REFERENCES `users` (`id`) ON DELETE CASCADE;

--
-- Обмеження зовнішнього ключа таблиці `disputs`
--
ALTER TABLE `disputs`
  ADD CONSTRAINT `disputs_return_request_id_foreign` FOREIGN KEY (`return_request_id`) REFERENCES `return_requests` (`id`) ON DELETE CASCADE,
  ADD CONSTRAINT `disputs_seller_id_foreign` FOREIGN KEY (`seller_id`) REFERENCES `users` (`id`) ON DELETE CASCADE,
  ADD CONSTRAINT `disputs_user_id_foreign` FOREIGN KEY (`user_id`) REFERENCES `users` (`id`) ON DELETE CASCADE;

--
-- Обмеження зовнішнього ключа таблиці `disput_messages`
--
ALTER TABLE `disput_messages`
  ADD CONSTRAINT `disput_messages_disput_id_foreign` FOREIGN KEY (`disput_id`) REFERENCES `disputs` (`id`) ON DELETE CASCADE,
  ADD CONSTRAINT `disput_messages_sender_id_foreign` FOREIGN KEY (`sender_id`) REFERENCES `users` (`id`) ON DELETE CASCADE;

--
-- Обмеження зовнішнього ключа таблиці `product_approvals`
--
ALTER TABLE `product_approvals`
  ADD CONSTRAINT `product_approvals_manager_id_foreign` FOREIGN KEY (`manager_id`) REFERENCES `users` (`id`) ON DELETE CASCADE,
  ADD CONSTRAINT `product_approvals_product_id_foreign` FOREIGN KEY (`product_id`) REFERENCES `products` (`id`) ON DELETE CASCADE;

--
-- Обмеження зовнішнього ключа таблиці `product_approval_comments`
--
ALTER TABLE `product_approval_comments`
  ADD CONSTRAINT `product_approval_comments_manager_id_foreign` FOREIGN KEY (`manager_id`) REFERENCES `users` (`id`) ON DELETE CASCADE,
  ADD CONSTRAINT `product_approval_comments_product_id_foreign` FOREIGN KEY (`product_id`) REFERENCES `products` (`id`) ON DELETE CASCADE;

--
-- Обмеження зовнішнього ключа таблиці `referral_codes`
--
ALTER TABLE `referral_codes`
  ADD CONSTRAINT `referral_codes_dealer_id_foreign` FOREIGN KEY (`dealer_id`) REFERENCES `users` (`id`) ON DELETE CASCADE,
  ADD CONSTRAINT `referral_codes_product_id_foreign` FOREIGN KEY (`product_id`) REFERENCES `products` (`id`) ON DELETE CASCADE;

--
-- Обмеження зовнішнього ключа таблиці `return_requests`
--
ALTER TABLE `return_requests`
  ADD CONSTRAINT `return_requests_order_tracking_id_foreign` FOREIGN KEY (`order_tracking_id`) REFERENCES `order_trackings` (`id`) ON DELETE SET NULL;

--
-- Обмеження зовнішнього ключа таблиці `seller_invites`
--
ALTER TABLE `seller_invites`
  ADD CONSTRAINT `seller_invites_user_id_foreign` FOREIGN KEY (`user_id`) REFERENCES `users` (`id`) ON DELETE CASCADE;

--
-- Обмеження зовнішнього ключа таблиці `seller_ratings`
--
ALTER TABLE `seller_ratings`
  ADD CONSTRAINT `seller_ratings_order_id_foreign` FOREIGN KEY (`order_id`) REFERENCES `orders` (`id`) ON DELETE CASCADE,
  ADD CONSTRAINT `seller_ratings_seller_id_foreign` FOREIGN KEY (`seller_id`) REFERENCES `seller_data` (`id`) ON DELETE CASCADE,
  ADD CONSTRAINT `seller_ratings_store_id_foreign` FOREIGN KEY (`store_id`) REFERENCES `stores` (`id`) ON DELETE CASCADE,
  ADD CONSTRAINT `seller_ratings_user_id_foreign` FOREIGN KEY (`user_id`) REFERENCES `users` (`id`) ON DELETE CASCADE;

--
-- Обмеження зовнішнього ключа таблиці `seller_store`
--
ALTER TABLE `seller_store`
  ADD CONSTRAINT `seller_id` FOREIGN KEY (`seller_id`) REFERENCES `seller_data` (`id`) ON DELETE CASCADE ON UPDATE CASCADE,
  ADD CONSTRAINT `user_id` FOREIGN KEY (`user_id`) REFERENCES `users` (`id`) ON DELETE CASCADE ON UPDATE CASCADE;

--
-- Обмеження зовнішнього ключа таблиці `user_statuses`
--
ALTER TABLE `user_statuses`
  ADD CONSTRAINT `user_statuses_user_id_foreign` FOREIGN KEY (`user_id`) REFERENCES `users` (`id`) ON DELETE CASCADE;
COMMIT;

/*!40101 SET CHARACTER_SET_CLIENT=@OLD_CHARACTER_SET_CLIENT */;
/*!40101 SET CHARACTER_SET_RESULTS=@OLD_CHARACTER_SET_RESULTS */;
/*!40101 SET COLLATION_CONNECTION=@OLD_COLLATION_CONNECTION */;
